101	Q0	7:85-93	1	0.8652801513671875	bienc_train1
101	Q0	11:84-88	2	0.8304212093353271	bienc_train1
101	Q0	29:36-37	3	0.8245041966438293	bienc_train1
101	Q0	26:176-191	4	0.7859394550323486	bienc_train1
101	Q0	11:89-95	5	0.6815526485443115	bienc_train1
101	Q0	3:45-51	6	0.5592772364616394	bienc_train1
101	Q0	3:92-94	7	0.5516929030418396	bienc_train1
101	Q0	29:38-40	8	0.5514546036720276	bienc_train1
101	Q0	43:57-66	9	0.5496777892112732	bienc_train1
101	Q0	26:10-22	10	0.5490481853485107	bienc_train1
102	Q0	17:2-8	1	0.834434986114502	bienc_train1
102	Q0	7:103-108	2	0.830655574798584	bienc_train1
102	Q0	11:96-99	3	0.8295660614967346	bienc_train1
102	Q0	17:101-104	4	0.810502290725708	bienc_train1
102	Q0	40:23-27	5	0.7821224927902222	bienc_train1
102	Q0	29:38-40	6	0.7774615287780762	bienc_train1
102	Q0	79:15-26	7	0.7708431482315063	bienc_train1
102	Q0	23:45-50	8	0.7689436674118042	bienc_train1
102	Q0	40:53-58	9	0.7675597071647644	bienc_train1
102	Q0	32:23-27	10	0.7666582465171814	bienc_train1
103	Q0	2:124-129	1	0.7711887359619141	bienc_train1
103	Q0	3:95-97	2	0.6248138546943665	bienc_train1
103	Q0	22:25-29	3	0.5861115455627441	bienc_train1
103	Q0	29:36-37	4	0.5613570213317871	bienc_train1
103	Q0	14:35-41	5	0.5586159229278564	bienc_train1
103	Q0	17:1-1	6	0.5508567094802856	bienc_train1
103	Q0	37:133-138	7	0.5409003496170044	bienc_train1
103	Q0	7:73-79	8	0.5408948659896851	bienc_train1
103	Q0	11:61-68	9	0.5361430644989014	bienc_train1
103	Q0	33:9-17	10	0.530672013759613	bienc_train1
105	Q0	38:41-44	1	0.7956696152687073	bienc_train1
105	Q0	21:83-86	2	0.7560399770736694	bienc_train1
105	Q0	3:8-9	3	0.6617242097854614	bienc_train1
105	Q0	41:49-52	4	0.632992148399353	bienc_train1
105	Q0	40:59-60	5	0.5993375778198242	bienc_train1
105	Q0	37:75-82	6	0.5964125990867615	bienc_train1
105	Q0	67:12-12	7	0.5952916741371155	bienc_train1
105	Q0	20:128-132	8	0.5909349918365479	bienc_train1
105	Q0	37:99-113	9	0.5843017101287842	bienc_train1
105	Q0	18:57-59	10	0.582743227481842	bienc_train1
106	Q0	3:33-41	1	0.7901856899261475	bienc_train1
106	Q0	2:233-233	2	0.6671798229217529	bienc_train1
106	Q0	6:84-90	3	0.6460564136505127	bienc_train1
106	Q0	31:14-15	4	0.6402705907821655	bienc_train1
106	Q0	7:19-25	5	0.6330051422119141	bienc_train1
106	Q0	112:1-4	6	0.6202400326728821	bienc_train1
106	Q0	20:115-122	7	0.6167471408843994	bienc_train1
106	Q0	22:5-7	8	0.6156593561172485	bienc_train1
106	Q0	46:15-18	9	0.6147722005844116	bienc_train1
106	Q0	2:34-39	10	0.6101922988891602	bienc_train1
107	Q0	104:1-9	1	0.9225559234619141	bienc_train1
107	Q0	74:49-56	2	0.7784996628761292	bienc_train1
107	Q0	90:11-20	3	0.692459762096405	bienc_train1
107	Q0	5:27-31	4	0.6830456852912903	bienc_train1
107	Q0	28:7-13	5	0.6781883239746094	bienc_train1
107	Q0	56:1-10	6	0.6635581254959106	bienc_train1
107	Q0	23:23-30	7	0.6635006666183472	bienc_train1
107	Q0	79:6-14	8	0.6634647846221924	bienc_train1
107	Q0	62:5-8	9	0.6626303195953369	bienc_train1
107	Q0	101:1-5	10	0.6604434251785278	bienc_train1
108	Q0	20:25-37	1	0.8786998987197876	bienc_train1
108	Q0	28:33-35	2	0.8669053912162781	bienc_train1
108	Q0	19:51-58	3	0.8133066296577454	bienc_train1
108	Q0	25:35-40	4	0.7966458201408386	bienc_train1
108	Q0	23:45-50	5	0.7966086864471436	bienc_train1
108	Q0	20:86-94	6	0.7371233701705933	bienc_train1
108	Q0	7:142-143	7	0.6825402975082397	bienc_train1
108	Q0	69:13-18	8	0.6313513517379761	bienc_train1
108	Q0	26:10-22	9	0.609412670135498	bienc_train1
108	Q0	38:21-26	10	0.6068159937858582	bienc_train1
109	Q0	101:1-5	1	0.8704144954681396	bienc_train1
109	Q0	74:49-56	2	0.7817967534065247	bienc_train1
109	Q0	8:55-61	3	0.7664919495582581	bienc_train1
109	Q0	62:5-8	4	0.7581472396850586	bienc_train1
109	Q0	90:11-20	5	0.7402602434158325	bienc_train1
109	Q0	28:7-13	6	0.7391175627708435	bienc_train1
109	Q0	21:11-15	7	0.7365912199020386	bienc_train1
109	Q0	12:69-76	8	0.7242915630340576	bienc_train1
109	Q0	7:148-149	9	0.7221537232398987	bienc_train1
109	Q0	56:27-40	10	0.7166173458099365	bienc_train1
110	Q0	101:1-5	1	0.6872735619544983	bienc_train1
110	Q0	104:1-9	2	0.6613616943359375	bienc_train1
110	Q0	6:36-41	3	0.6468133926391602	bienc_train1
110	Q0	21:11-15	4	0.6403423547744751	bienc_train1
110	Q0	56:11-26	5	0.6374179124832153	bienc_train1
110	Q0	62:5-8	6	0.6339947581291199	bienc_train1
110	Q0	2:259-259	7	0.633878767490387	bienc_train1
110	Q0	18:17-20	8	0.6334441900253296	bienc_train1
110	Q0	89:21-30	9	0.631559431552887	bienc_train1
110	Q0	12:16-18	10	0.6293120980262756	bienc_train1
111	Q0	7:159-162	1	0.8297590017318726	bienc_train1
111	Q0	2:259-259	2	0.8210349678993225	bienc_train1
111	Q0	12:43-49	3	0.8195652961730957	bienc_train1
111	Q0	38:21-26	4	0.8172545433044434	bienc_train1
111	Q0	12:16-18	5	0.8143647909164429	bienc_train1
111	Q0	2:260-260	6	0.8122343420982361	bienc_train1
111	Q0	6:143-144	7	0.8102308511734009	bienc_train1
111	Q0	20:86-94	8	0.8093240857124329	bienc_train1
111	Q0	20:80-82	9	0.807509183883667	bienc_train1
111	Q0	62:5-8	10	0.8073558807373047	bienc_train1
112	Q0	20:25-37	1	0.4642234742641449	bienc_train1
112	Q0	4:22-24	2	0.4592106342315674	bienc_train1
112	Q0	7:19-25	3	0.447824090719223	bienc_train1
112	Q0	28:33-35	4	0.44349098205566406	bienc_train1
112	Q0	25:35-40	5	0.44306495785713196	bienc_train1
112	Q0	2:102-103	6	0.435253381729126	bienc_train1
112	Q0	79:15-26	7	0.43484240770339966	bienc_train1
112	Q0	4:19-21	8	0.43471023440361023	bienc_train1
112	Q0	2:34-39	9	0.40825825929641724	bienc_train1
112	Q0	33:49-52	10	0.40739378333091736	bienc_train1
115	Q0	7:73-79	1	0.9473387002944946	bienc_train1
115	Q0	11:61-68	2	0.9417431950569153	bienc_train1
115	Q0	17:59-60	3	0.9353519678115845	bienc_train1
115	Q0	54:23-32	4	0.9317514896392822	bienc_train1
115	Q0	91:11-15	5	0.9312609434127808	bienc_train1
115	Q0	2:63-66	6	0.8431800007820129	bienc_train1
115	Q0	88:17-20	7	0.8426166772842407	bienc_train1
115	Q0	6:143-144	8	0.8391461968421936	bienc_train1
115	Q0	105:1-5	9	0.8360447287559509	bienc_train1
115	Q0	69:1-8	10	0.819076657295227	bienc_train1
116	Q0	2:275-276	1	0.8986860513687134	bienc_train1
116	Q0	92:8-11	2	0.8633210062980652	bienc_train1
116	Q0	2:277-281	3	0.8470355272293091	bienc_train1
116	Q0	2:267-269	4	0.8278770446777344	bienc_train1
116	Q0	2:270-271	5	0.8177341222763062	bienc_train1
116	Q0	2:261-264	6	0.8068426847457886	bienc_train1
116	Q0	16:90-93	7	0.8046298623085022	bienc_train1
116	Q0	64:14-18	8	0.8041329383850098	bienc_train1
116	Q0	4:36-40	9	0.8012628555297852	bienc_train1
116	Q0	4:110-112	10	0.799068808555603	bienc_train1
118	Q0	2:277-281	1	0.8747506141662598	bienc_train1
118	Q0	5:38-40	2	0.868937611579895	bienc_train1
118	Q0	4:110-112	3	0.8596160411834717	bienc_train1
118	Q0	2:267-269	4	0.848173201084137	bienc_train1
118	Q0	92:8-11	5	0.8391241431236267	bienc_train1
118	Q0	16:90-93	6	0.8369626998901367	bienc_train1
118	Q0	64:14-18	7	0.8364778757095337	bienc_train1
118	Q0	42:37-43	8	0.8356425166130066	bienc_train1
118	Q0	39:32-37	9	0.8344471454620361	bienc_train1
118	Q0	2:272-274	10	0.830346405506134	bienc_train1
119	Q0	44:40-50	1	0.9270766973495483	bienc_train1
119	Q0	56:41-56	2	0.9124513268470764	bienc_train1
119	Q0	37:62-74	3	0.9099524021148682	bienc_train1
119	Q0	26:141-159	4	0.757851779460907	bienc_train1
119	Q0	7:57-58	5	0.7569688558578491	bienc_train1
119	Q0	31:16-19	6	0.7223122119903564	bienc_train1
119	Q0	17:90-96	7	0.7182668447494507	bienc_train1
119	Q0	101:1-5	8	0.7175599932670593	bienc_train1
119	Q0	23:17-22	9	0.7148683071136475	bienc_train1
119	Q0	16:10-13	10	0.7076130509376526	bienc_train1
120	Q0	27:15-19	1	0.7951040267944336	bienc_train1
120	Q0	21:78-82	2	0.7200446128845215	bienc_train1
120	Q0	38:17-20	3	0.6881627440452576	bienc_train1
120	Q0	37:139-148	4	0.6283352375030518	bienc_train1
120	Q0	24:41-45	5	0.6235029697418213	bienc_train1
120	Q0	2:63-66	6	0.6047537326812744	bienc_train1
120	Q0	34:10-13	7	0.6017505526542664	bienc_train1
120	Q0	68:48-52	8	0.5939410328865051	bienc_train1
120	Q0	87:1-5	9	0.5697131156921387	bienc_train1
120	Q0	79:27-33	10	0.5676302313804626	bienc_train1
121	Q0	4:11-12	1	0.6600241661071777	bienc_train1
121	Q0	4:12-14	2	0.5348659753799438	bienc_train1
121	Q0	4:176-176	3	0.5261969566345215	bienc_train1
121	Q0	90:1-4	4	0.5106936097145081	bienc_train1
121	Q0	4:32-33	5	0.48435327410697937	bienc_train1
121	Q0	6:84-90	6	0.44243261218070984	bienc_train1
121	Q0	2:233-233	7	0.4394417405128479	bienc_train1
121	Q0	2:240-242	8	0.4241412281990051	bienc_train1
121	Q0	4:22-24	9	0.4189392924308777	bienc_train1
121	Q0	37:149-157	10	0.405762642621994	bienc_train1
122	Q0	19:1-11	1	0.7950887680053711	bienc_train1
122	Q0	3:33-41	2	0.7296725511550903	bienc_train1
122	Q0	6:84-90	3	0.5597211122512817	bienc_train1
122	Q0	72:1-7	4	0.5452265739440918	bienc_train1
122	Q0	2:233-233	5	0.5371066331863403	bienc_train1
122	Q0	21:89-90	6	0.5339806079864502	bienc_train1
122	Q0	19:51-58	7	0.5290768146514893	bienc_train1
122	Q0	11:69-76	8	0.5175376534461975	bienc_train1
122	Q0	112:1-4	9	0.507231593132019	bienc_train1
122	Q0	20:86-94	10	0.4991145431995392	bienc_train1
123	Q0	2:228-230	1	0.8914936780929565	bienc_train1
123	Q0	4:2-6	2	0.8753164410591125	bienc_train1
123	Q0	33:49-52	3	0.873667299747467	bienc_train1
123	Q0	4:19-21	4	0.847254753112793	bienc_train1
123	Q0	4:22-24	5	0.8445742726325989	bienc_train1
123	Q0	2:234-237	6	0.8235446810722351	bienc_train1
123	Q0	7:189-195	7	0.8136761784553528	bienc_train1
123	Q0	93:6-11	8	0.805796205997467	bienc_train1
123	Q0	2:220-221	9	0.8038274049758911	bienc_train1
123	Q0	39:6-8	10	0.8033643960952759	bienc_train1
125	Q0	9:36-37	1	0.8049494028091431	bienc_train1
125	Q0	3:95-97	2	0.6573479175567627	bienc_train1
125	Q0	48:24-26	3	0.6406264305114746	bienc_train1
125	Q0	4:101-103	4	0.63798987865448	bienc_train1
125	Q0	22:38-41	5	0.6240764856338501	bienc_train1
125	Q0	22:25-29	6	0.6211721897125244	bienc_train1
125	Q0	2:190-194	7	0.6204301118850708	bienc_train1
125	Q0	22:77-78	8	0.6177764534950256	bienc_train1
125	Q0	2:216-218	9	0.6143161058425903	bienc_train1
125	Q0	2:124-129	10	0.5883063077926636	bienc_train1
127	Q0	44:40-50	1	0.8985667824745178	bienc_train1
127	Q0	37:62-74	2	0.8985540866851807	bienc_train1
127	Q0	56:41-56	3	0.8849017024040222	bienc_train1
127	Q0	101:1-5	4	0.6338592767715454	bienc_train1
127	Q0	7:57-58	5	0.6257374882698059	bienc_train1
127	Q0	16:10-13	6	0.6202748417854309	bienc_train1
127	Q0	26:141-159	7	0.6178045272827148	bienc_train1
127	Q0	2:172-173	8	0.6129083037376404	bienc_train1
127	Q0	89:1-14	9	0.6073009967803955	bienc_train1
127	Q0	16:65-69	10	0.6059082746505737	bienc_train1
128	Q0	12:97-101	1	0.7996189594268799	bienc_train1
128	Q0	12:23-29	2	0.7773861885070801	bienc_train1
128	Q0	21:87-88	3	0.6934390068054199	bienc_train1
128	Q0	7:113-126	4	0.6552635431289673	bienc_train1
128	Q0	7:142-143	5	0.6543784141540527	bienc_train1
128	Q0	15:26-44	6	0.6451411247253418	bienc_train1
128	Q0	79:27-33	7	0.6412926912307739	bienc_train1
128	Q0	2:60-62	8	0.6330850124359131	bienc_train1
128	Q0	37:83-98	9	0.6263495683670044	bienc_train1
128	Q0	38:30-40	10	0.6261419057846069	bienc_train1
129	Q0	11:41-44	1	0.8052034378051758	bienc_train1
129	Q0	17:66-70	2	0.7249084115028381	bienc_train1
129	Q0	37:139-148	3	0.6607728004455566	bienc_train1
129	Q0	10:21-23	4	0.6487095952033997	bienc_train1
129	Q0	24:39-40	5	0.6207959651947021	bienc_train1
129	Q0	20:77-79	6	0.6139513254165649	bienc_train1
129	Q0	68:48-52	7	0.5982969403266907	bienc_train1
129	Q0	31:29-32	8	0.5970894694328308	bienc_train1
129	Q0	18:60-77	9	0.5968751311302185	bienc_train1
129	Q0	21:30-35	10	0.5848716497421265	bienc_train1
132	Q0	2:233-233	1	0.8702377080917358	bienc_train1
132	Q0	31:14-15	2	0.8412033319473267	bienc_train1
132	Q0	46:15-18	3	0.8184694051742554	bienc_train1
132	Q0	33:4-6	4	0.788076639175415	bienc_train1
132	Q0	112:1-4	5	0.7855775356292725	bienc_train1
132	Q0	3:33-41	6	0.7842142581939697	bienc_train1
132	Q0	22:5-7	7	0.7803349494934082	bienc_train1
132	Q0	33:49-52	8	0.7463148832321167	bienc_train1
132	Q0	66:1-5	9	0.7207983732223511	bienc_train1
132	Q0	21:89-90	10	0.7190862894058228	bienc_train1
133	Q0	17:1-1	1	0.847786545753479	bienc_train1
133	Q0	53:1-18	2	0.7905996441841125	bienc_train1
133	Q0	17:101-104	3	0.6200448274612427	bienc_train1
133	Q0	26:52-68	4	0.5881842374801636	bienc_train1
133	Q0	79:15-26	5	0.5845215320587158	bienc_train1
133	Q0	20:9-16	6	0.5612945556640625	bienc_train1
133	Q0	20:38-48	7	0.55022132396698	bienc_train1
133	Q0	7:103-108	8	0.5316444039344788	bienc_train1
133	Q0	70:19-21	9	0.5294029712677002	bienc_train1
133	Q0	51:7-14	10	0.5280858874320984	bienc_train1
136	Q0	2:228-230	1	0.7650285959243774	bienc_train1
136	Q0	4:2-6	2	0.7301340103149414	bienc_train1
136	Q0	4:176-176	3	0.7204927206039429	bienc_train1
136	Q0	4:22-24	4	0.7201918363571167	bienc_train1
136	Q0	4:19-21	5	0.718576967716217	bienc_train1
136	Q0	2:234-237	6	0.7060400247573853	bienc_train1
136	Q0	33:49-52	7	0.6895450353622437	bienc_train1
136	Q0	44:51-59	8	0.6677832007408142	bienc_train1
136	Q0	4:1-1	9	0.6635997891426086	bienc_train1
136	Q0	4:127-127	10	0.6564693450927734	bienc_train1
137	Q0	17:22-30	1	0.8957087993621826	bienc_train1
137	Q0	21:89-90	2	0.8948078155517578	bienc_train1
137	Q0	7:31-34	3	0.8836286067962646	bienc_train1
137	Q0	76:5-11	4	0.8804356455802917	bienc_train1
137	Q0	53:31-41	5	0.8791306018829346	bienc_train1
137	Q0	4:2-6	6	0.8731976747512817	bienc_train1
137	Q0	16:70-72	7	0.8690662384033203	bienc_train1
137	Q0	41:33-36	8	0.8670430183410645	bienc_train1
137	Q0	33:28-31	9	0.8652360439300537	bienc_train1
137	Q0	9:101-106	10	0.8627178072929382	bienc_train1
138	Q0	37:139-148	1	0.835153341293335	bienc_train1
138	Q0	68:48-52	2	0.71773362159729	bienc_train1
138	Q0	38:17-20	3	0.6747301816940308	bienc_train1
138	Q0	21:87-88	4	0.6743106842041016	bienc_train1
138	Q0	27:15-19	5	0.6305950880050659	bienc_train1
138	Q0	21:78-82	6	0.620638370513916	bienc_train1
138	Q0	2:63-66	7	0.6186037063598633	bienc_train1
138	Q0	7:163-163	8	0.6178991198539734	bienc_train1
138	Q0	101:1-5	9	0.6116361618041992	bienc_train1
138	Q0	24:41-45	10	0.6080350279808044	bienc_train1
139	Q0	4:92-93	1	0.783755898475647	bienc_train1
139	Q0	4:17-18	2	0.6375744342803955	bienc_train1
139	Q0	25:63-77	3	0.6259879469871521	bienc_train1
139	Q0	24:4-5	4	0.6163394451141357	bienc_train1
139	Q0	92:12-21	5	0.5871131420135498	bienc_train1
139	Q0	29:53-55	6	0.5852407813072205	bienc_train1
139	Q0	2:178-179	7	0.5794289112091064	bienc_train1
139	Q0	73:20-20	8	0.575860857963562	bienc_train1
139	Q0	3:21-22	9	0.5719914436340332	bienc_train1
139	Q0	18:29-31	10	0.5719656944274902	bienc_train1
140	Q0	4:92-93	1	0.8446012139320374	bienc_train1
140	Q0	25:63-77	2	0.7965230941772461	bienc_train1
140	Q0	2:178-179	3	0.7929691076278687	bienc_train1
140	Q0	4:17-18	4	0.7726631760597229	bienc_train1
140	Q0	3:21-22	5	0.7379341125488281	bienc_train1
140	Q0	24:4-5	6	0.7317147850990295	bienc_train1
140	Q0	92:12-21	7	0.7228062152862549	bienc_train1
140	Q0	4:15-16	8	0.7195127010345459	bienc_train1
140	Q0	6:151-153	9	0.6984748840332031	bienc_train1
140	Q0	3:86-91	10	0.6882861256599426	bienc_train1
141	Q0	83:1-6	1	0.8952491283416748	bienc_train1
141	Q0	20:80-82	2	0.8231513500213623	bienc_train1
141	Q0	90:11-20	3	0.8225594758987427	bienc_train1
141	Q0	2:53-57	4	0.8201297521591187	bienc_train1
141	Q0	56:27-40	5	0.8143376111984253	bienc_train1
141	Q0	70:8-18	6	0.8037015795707703	bienc_train1
141	Q0	80:33-42	7	0.8005045652389526	bienc_train1
141	Q0	8:67-71	8	0.8004364371299744	bienc_train1
141	Q0	6:141-142	9	0.7984625101089478	bienc_train1
141	Q0	43:81-89	10	0.7879111766815186	bienc_train1
142	Q0	69:13-18	1	0.8205825090408325	bienc_train1
142	Q0	20:25-37	2	0.6158688068389893	bienc_train1
142	Q0	28:33-35	3	0.6031445264816284	bienc_train1
142	Q0	38:21-26	4	0.5537482500076294	bienc_train1
142	Q0	4:153-161	5	0.5383423566818237	bienc_train1
142	Q0	4:176-176	6	0.5365617275238037	bienc_train1
142	Q0	5:110-111	7	0.5340567827224731	bienc_train1
142	Q0	6:143-144	8	0.5268889665603638	bienc_train1
142	Q0	20:86-94	9	0.5262100696563721	bienc_train1
142	Q0	7:142-143	10	0.5218061208724976	bienc_train1
143	Q0	56:11-26	1	0.8515217304229736	bienc_train1
143	Q0	56:27-40	2	0.823148250579834	bienc_train1
143	Q0	27:20-28	3	0.8037837743759155	bienc_train1
143	Q0	77:29-40	4	0.8020768165588379	bienc_train1
143	Q0	55:46-78	5	0.8013837337493896	bienc_train1
143	Q0	2:53-57	6	0.7994897365570068	bienc_train1
143	Q0	12:63-66	7	0.7963370680809021	bienc_train1
143	Q0	34:10-13	8	0.7958219647407532	bienc_train1
143	Q0	67:16-23	9	0.7948097586631775	bienc_train1
143	Q0	20:102-113	10	0.7902008295059204	bienc_train1
144	Q0	12:4-6	1	0.817815899848938	bienc_train1
144	Q0	12:67-68	2	0.7771708965301514	bienc_train1
144	Q0	3:52-53	3	0.680612325668335	bienc_train1
144	Q0	5:110-111	4	0.6581034660339355	bienc_train1
144	Q0	5:72-73	5	0.6503838300704956	bienc_train1
144	Q0	2:208-210	6	0.6412442326545715	bienc_train1
144	Q0	3:45-51	7	0.6411765813827515	bienc_train1
144	Q0	61:6-9	8	0.6203012466430664	bienc_train1
144	Q0	5:20-26	9	0.6037046909332275	bienc_train1
144	Q0	61:10-14	10	0.591620683670044	bienc_train1
145	Q0	53:31-41	1	0.8620108366012573	bienc_train1
145	Q0	29:38-40	2	0.8577496409416199	bienc_train1
145	Q0	23:31-41	3	0.8518176078796387	bienc_train1
145	Q0	20:80-82	4	0.8509665131568909	bienc_train1
145	Q0	2:53-57	5	0.8497039079666138	bienc_train1
145	Q0	40:23-27	6	0.8471190333366394	bienc_train1
145	Q0	3:14-17	7	0.8429903984069824	bienc_train1
145	Q0	20:38-48	8	0.8341661691665649	bienc_train1
145	Q0	7:127-129	9	0.8323531150817871	bienc_train1
145	Q0	27:20-28	10	0.8318670988082886	bienc_train1
146	Q0	4:22-24	1	0.7179551124572754	bienc_train1
146	Q0	58:1-4	2	0.7153738737106323	bienc_train1
146	Q0	33:32-34	3	0.6844490766525269	bienc_train1
146	Q0	4:127-127	4	0.6639747619628906	bienc_train1
146	Q0	2:228-230	5	0.649954080581665	bienc_train1
146	Q0	2:226-227	6	0.6305773258209229	bienc_train1
146	Q0	49:6-8	7	0.6256939172744751	bienc_train1
146	Q0	33:53-55	8	0.6237705945968628	bienc_train1
146	Q0	4:19-21	9	0.6185189485549927	bienc_train1
146	Q0	24:19-20	10	0.6150268316268921	bienc_train1
147	Q0	5:89-89	1	0.7637253403663635	bienc_train1
147	Q0	46:21-25	2	0.6399081945419312	bienc_train1
147	Q0	8:55-61	3	0.6041690707206726	bienc_train1
147	Q0	5:51-53	4	0.5933609008789062	bienc_train1
147	Q0	7:85-93	5	0.5911774039268494	bienc_train1
147	Q0	4:25-25	6	0.5884995460510254	bienc_train1
147	Q0	2:189-189	7	0.5836713314056396	bienc_train1
147	Q0	36:59-68	8	0.5824353694915771	bienc_train1
147	Q0	4:101-103	9	0.5818024277687073	bienc_train1
147	Q0	41:13-18	10	0.5815269947052002	bienc_train1
149	Q0	10:65-70	1	0.7595044374465942	bienc_train1
149	Q0	18:23-24	2	0.5172936916351318	bienc_train1
149	Q0	10:7-10	3	0.5082612633705139	bienc_train1
149	Q0	6:1-3	4	0.5038708448410034	bienc_train1
149	Q0	2:58-59	5	0.5038003921508789	bienc_train1
149	Q0	2:111-112	6	0.5011317729949951	bienc_train1
149	Q0	40:61-66	7	0.48531603813171387	bienc_train1
149	Q0	30:17-27	8	0.48115968704223633	bienc_train1
149	Q0	53:57-62	9	0.4742479920387268	bienc_train1
149	Q0	29:61-69	10	0.47071659564971924	bienc_train1
151	Q0	2:114-115	1	0.4130799472332001	bienc_train1
151	Q0	2:124-129	2	0.41006529331207275	bienc_train1
151	Q0	2:168-169	3	0.40859925746917725	bienc_train1
151	Q0	3:95-97	4	0.4055432677268982	bienc_train1
151	Q0	2:142-145	5	0.3940995931625366	bienc_train1
151	Q0	17:1-1	6	0.39125415682792664	bienc_train1
151	Q0	7:28-30	7	0.38607680797576904	bienc_train1
151	Q0	22:77-78	8	0.37982186675071716	bienc_train1
151	Q0	9:17-18	9	0.37972337007522583	bienc_train1
151	Q0	9:107-110	10	0.3710694909095764	bienc_train1
152	Q0	10:3-6	1	0.8231983184814453	bienc_train1
152	Q0	11:6-7	2	0.8187966346740723	bienc_train1
152	Q0	41:9-12	3	0.8117172718048096	bienc_train1
152	Q0	32:4-9	4	0.8077714443206787	bienc_train1
152	Q0	25:56-62	5	0.7583013772964478	bienc_train1
152	Q0	57:1-6	6	0.7357041835784912	bienc_train1
152	Q0	50:36-45	7	0.733871579170227	bienc_train1
152	Q0	7:54-56	8	0.7330197095870972	bienc_train1
152	Q0	10:24-25	9	0.6681780219078064	bienc_train1
152	Q0	45:36-37	10	0.6622230410575867	bienc_train1
153	Q0	97:1-5	1	0.8158422708511353	bienc_train1
153	Q0	25:21-29	2	0.6441137790679932	bienc_train1
153	Q0	2:284-286	3	0.6409120559692383	bienc_train1
153	Q0	76:23-26	4	0.6189531087875366	bienc_train1
153	Q0	21:48-50	5	0.6164634227752686	bienc_train1
153	Q0	59:21-24	6	0.605552613735199	bienc_train1
153	Q0	42:16-19	7	0.5950552225112915	bienc_train1
153	Q0	25:56-62	8	0.5945596694946289	bienc_train1
153	Q0	42:1-6	9	0.5933024883270264	bienc_train1
153	Q0	46:29-32	10	0.5907047986984253	bienc_train1
154	Q0	87:14-19	1	0.8220707178115845	bienc_train1
154	Q0	38:17-20	2	0.5838193893432617	bienc_train1
154	Q0	87:1-5	3	0.5782551765441895	bienc_train1
154	Q0	7:142-143	4	0.5632885694503784	bienc_train1
154	Q0	20:115-122	5	0.5630750060081482	bienc_train1
154	Q0	88:8-16	6	0.5565685629844666	bienc_train1
154	Q0	20:80-82	7	0.5558799505233765	bienc_train1
154	Q0	27:15-19	8	0.5510724782943726	bienc_train1
154	Q0	5:44-47	9	0.5509392023086548	bienc_train1
154	Q0	13:12-13	10	0.5462886691093445	bienc_train1
155	Q0	3:45-51	1	0.8082470893859863	bienc_train1
155	Q0	5:44-47	2	0.7744238376617432	bienc_train1
155	Q0	57:25-27	3	0.7715165615081787	bienc_train1
155	Q0	5:110-111	4	0.7549038529396057	bienc_train1
155	Q0	5:112-115	5	0.7127468585968018	bienc_train1
155	Q0	17:53-56	6	0.6752392053604126	bienc_train1
155	Q0	27:15-19	7	0.661077618598938	bienc_train1
155	Q0	38:17-20	8	0.6550713777542114	bienc_train1
155	Q0	21:78-82	9	0.6496002674102783	bienc_train1
155	Q0	4:153-161	10	0.6453360319137573	bienc_train1
159	Q0	43:1-8	1	0.8593356609344482	bienc_train1
159	Q0	75:16-19	2	0.8573638200759888	bienc_train1
159	Q0	41:40-44	3	0.8494023680686951	bienc_train1
159	Q0	15:1-9	4	0.8349953889846802	bienc_train1
159	Q0	10:15-17	5	0.8137493133544922	bienc_train1
159	Q0	41:1-8	6	0.8050369620323181	bienc_train1
159	Q0	39:27-31	7	0.7944563627243042	bienc_train1
159	Q0	18:109-110	8	0.7673203945159912	bienc_train1
159	Q0	42:7-12	9	0.7634222507476807	bienc_train1
159	Q0	17:71-77	10	0.7606184482574463	bienc_train1
160	Q0	5:74-77	1	0.873674750328064	bienc_train1
160	Q0	43:81-89	2	0.8547082543373108	bienc_train1
160	Q0	5:15-17	3	0.8489166498184204	bienc_train1
160	Q0	41:33-36	4	0.8452915549278259	bienc_train1
160	Q0	3:86-91	5	0.8442894220352173	bienc_train1
160	Q0	9:117-121	6	0.8441189527511597	bienc_train1
160	Q0	9:101-106	7	0.8435285091400146	bienc_train1
160	Q0	3:169-175	8	0.8429516553878784	bienc_train1
160	Q0	4:171-172	9	0.8396788835525513	bienc_train1
160	Q0	53:31-41	10	0.8380658626556396	bienc_train1
163	Q0	20:95-98	1	0.7225189208984375	bienc_train1
163	Q0	7:26-27	2	0.683477520942688	bienc_train1
163	Q0	20:86-94	3	0.6547518968582153	bienc_train1
163	Q0	33:59-59	4	0.6361356377601624	bienc_train1
163	Q0	33:53-55	5	0.6293258666992188	bienc_train1
163	Q0	5:3-3	6	0.6289379000663757	bienc_train1
163	Q0	2:60-62	7	0.6238280534744263	bienc_train1
163	Q0	12:43-49	8	0.6179040670394897	bienc_train1
163	Q0	12:63-66	9	0.6154220104217529	bienc_train1
163	Q0	5:6-6	10	0.6134898662567139	bienc_train1
164	Q0	41:37-39	1	0.9432032108306885	bienc_train1
164	Q0	64:1-4	2	0.9429843425750732	bienc_train1
164	Q0	21:16-20	3	0.9359049797058105	bienc_train1
164	Q0	13:12-13	4	0.9346197843551636	bienc_train1
164	Q0	61:1-4	5	0.9303666949272156	bienc_train1
164	Q0	17:40-44	6	0.9288991093635559	bienc_train1
164	Q0	62:1-4	7	0.9238664507865906	bienc_train1
164	Q0	59:1-5	8	0.9116520285606384	bienc_train1
164	Q0	32:15-17	9	0.8844417333602905	bienc_train1
164	Q0	7:204-206	10	0.8793778419494629	bienc_train1
201	Q0	5:106-108	1	0.8801671266555786	bienc_train1
201	Q0	4:11-12	2	0.8719781041145325	bienc_train1
201	Q0	2:180-182	3	0.8690806031227112	bienc_train1
201	Q0	4:32-33	4	0.8483068943023682	bienc_train1
201	Q0	4:12-14	5	0.8298224806785583	bienc_train1
201	Q0	2:240-242	6	0.8291839361190796	bienc_train1
201	Q0	4:176-176	7	0.728859543800354	bienc_train1
201	Q0	4:7-10	8	0.7153780460357666	bienc_train1
201	Q0	2:130-134	9	0.6902873516082764	bienc_train1
201	Q0	48:10-13	10	0.6017324328422546	bienc_train1
202	Q0	5:106-108	1	0.7800860404968262	bienc_train1
202	Q0	2:180-182	2	0.6646953225135803	bienc_train1
202	Q0	4:32-33	3	0.655071496963501	bienc_train1
202	Q0	4:11-12	4	0.6371564865112305	bienc_train1
202	Q0	4:12-14	5	0.6331266164779663	bienc_train1
202	Q0	2:240-242	6	0.6111398935317993	bienc_train1
202	Q0	4:7-10	7	0.5723609328269958	bienc_train1
202	Q0	2:130-134	8	0.5379748940467834	bienc_train1
202	Q0	4:176-176	9	0.5215016007423401	bienc_train1
202	Q0	5:57-58	10	0.5211438536643982	bienc_train1
204	Q0	19:41-50	1	0.832106351852417	bienc_train1
204	Q0	14:35-41	2	0.8141955733299255	bienc_train1
204	Q0	37:99-113	3	0.7940081357955933	bienc_train1
204	Q0	6:84-90	4	0.7743970155715942	bienc_train1
204	Q0	11:69-76	5	0.706427812576294	bienc_train1
204	Q0	7:19-25	6	0.6569678783416748	bienc_train1
204	Q0	66:10-12	7	0.6480433940887451	bienc_train1
204	Q0	2:34-39	8	0.6468707323074341	bienc_train1
204	Q0	26:160-175	9	0.6454722285270691	bienc_train1
204	Q0	19:16-33	10	0.6281794309616089	bienc_train1
205	Q0	5:27-31	1	0.8678194284439087	bienc_train1
205	Q0	7:150-153	2	0.7852165699005127	bienc_train1
205	Q0	4:153-161	3	0.75571608543396	bienc_train1
205	Q0	5:3-3	4	0.7557018399238586	bienc_train1
205	Q0	20:86-94	5	0.7554779648780823	bienc_train1
205	Q0	62:5-8	6	0.7472428679466248	bienc_train1
205	Q0	18:21-22	7	0.73846435546875	bienc_train1
205	Q0	56:11-26	8	0.7376176714897156	bienc_train1
205	Q0	16:114-119	9	0.7374768257141113	bienc_train1
205	Q0	2:172-173	10	0.7343897819519043	bienc_train1
208	Q0	18:83-89	1	0.86846923828125	bienc_train1
208	Q0	18:90-98	2	0.7965875864028931	bienc_train1
208	Q0	2:259-259	3	0.7681195735931396	bienc_train1
208	Q0	54:1-8	4	0.7536834478378296	bienc_train1
208	Q0	18:21-22	5	0.7514713406562805	bienc_train1
208	Q0	18:17-20	6	0.7472930550575256	bienc_train1
208	Q0	27:20-28	7	0.7464490532875061	bienc_train1
208	Q0	81:15-25	8	0.738295316696167	bienc_train1
208	Q0	20:86-94	9	0.7365281581878662	bienc_train1
208	Q0	2:60-62	10	0.734997034072876	bienc_train1
209	Q0	18:83-89	1	0.8286623954772949	bienc_train1
209	Q0	27:20-28	2	0.6986621618270874	bienc_train1
209	Q0	20:38-48	3	0.6933899521827698	bienc_train1
209	Q0	81:15-25	4	0.6918386220932007	bienc_train1
209	Q0	3:95-97	5	0.6900903582572937	bienc_train1
209	Q0	79:15-26	6	0.6855224967002869	bienc_train1
209	Q0	18:21-22	7	0.6851908564567566	bienc_train1
209	Q0	33:9-17	8	0.6735783815383911	bienc_train1
209	Q0	31:16-19	9	0.6703654527664185	bienc_train1
209	Q0	2:60-62	10	0.6692156195640564	bienc_train1
211	Q0	26:41-51	1	0.861218273639679	bienc_train1
211	Q0	7:113-126	2	0.856468915939331	bienc_train1
211	Q0	27:7-14	3	0.8402777910232544	bienc_train1
211	Q0	28:29-32	4	0.8385190963745117	bienc_train1
211	Q0	26:52-68	5	0.8081087470054626	bienc_train1
211	Q0	20:17-24	6	0.8031717538833618	bienc_train1
211	Q0	7:103-108	7	0.768975019454956	bienc_train1
211	Q0	17:101-104	8	0.7537814974784851	bienc_train1
211	Q0	2:60-62	9	0.7450138330459595	bienc_train1
211	Q0	7:159-162	10	0.7424590587615967	bienc_train1
212	Q0	3:52-53	1	0.8476481437683105	bienc_train1
212	Q0	43:81-89	2	0.827426016330719	bienc_train1
212	Q0	9:117-121	3	0.8213657140731812	bienc_train1
212	Q0	4:90-91	4	0.8122578859329224	bienc_train1
212	Q0	6:53-58	5	0.8106781840324402	bienc_train1
212	Q0	5:110-111	6	0.8088903427124023	bienc_train1
212	Q0	20:38-48	7	0.8052647113800049	bienc_train1
212	Q0	61:10-14	8	0.7992832064628601	bienc_train1
212	Q0	2:189-189	9	0.7985143661499023	bienc_train1
212	Q0	16:125-128	10	0.792059063911438	bienc_train1
216	Q0	34:10-13	1	0.9414635896682739	bienc_train1
216	Q0	21:78-82	2	0.9109448194503784	bienc_train1
216	Q0	38:17-20	3	0.910753071308136	bienc_train1
216	Q0	27:15-19	4	0.9084744453430176	bienc_train1
216	Q0	17:53-56	5	0.9082151055335999	bienc_train1
216	Q0	38:21-26	6	0.9023462533950806	bienc_train1
216	Q0	2:249-252	7	0.8672690987586975	bienc_train1
216	Q0	12:43-49	8	0.8216512203216553	bienc_train1
216	Q0	24:41-45	9	0.8078043460845947	bienc_train1
216	Q0	37:139-148	10	0.8040816783905029	bienc_train1
217	Q0	18:25-26	1	0.834883451461792	bienc_train1
217	Q0	78:6-16	2	0.6060248017311096	bienc_train1
217	Q0	20:115-122	3	0.6009171605110168	bienc_train1
217	Q0	45:36-37	4	0.5862495303153992	bienc_train1
217	Q0	10:65-70	5	0.5652018785476685	bienc_train1
217	Q0	21:30-35	6	0.5455520153045654	bienc_train1
217	Q0	37:158-166	7	0.5445824861526489	bienc_train1
217	Q0	69:19-24	8	0.5425739884376526	bienc_train1
217	Q0	7:19-25	9	0.5372825860977173	bienc_train1
217	Q0	106:1-4	10	0.5368399024009705	bienc_train1
219	Q0	61:6-9	1	0.8417345285415649	bienc_train1
219	Q0	3:52-53	2	0.8290705680847168	bienc_train1
219	Q0	5:72-73	3	0.8083819150924683	bienc_train1
219	Q0	61:10-14	4	0.7749972939491272	bienc_train1
219	Q0	5:112-115	5	0.7744362354278564	bienc_train1
219	Q0	3:45-51	6	0.7730919122695923	bienc_train1
219	Q0	12:4-6	7	0.7539926171302795	bienc_train1
219	Q0	2:249-252	8	0.7281363010406494	bienc_train1
219	Q0	12:50-57	9	0.7044641375541687	bienc_train1
219	Q0	5:110-111	10	0.6869106888771057	bienc_train1
220	Q0	10:87-89	1	0.8771195411682129	bienc_train1
220	Q0	12:19-22	2	0.8197404742240906	bienc_train1
220	Q0	12:97-101	3	0.8190187215805054	bienc_train1
220	Q0	2:60-62	4	0.7979605197906494	bienc_train1
220	Q0	43:46-56	5	0.7904002666473389	bienc_train1
220	Q0	3:14-17	6	0.736274003982544	bienc_train1
220	Q0	7:159-162	7	0.7218433618545532	bienc_train1
220	Q0	18:32-44	8	0.7038955688476562	bienc_train1
220	Q0	79:15-26	9	0.7029645442962646	bienc_train1
220	Q0	20:70-76	10	0.6947262287139893	bienc_train1
225	Q0	17:59-60	1	0.8316448926925659	bienc_train1
225	Q0	7:73-79	2	0.8287688493728638	bienc_train1
225	Q0	11:61-68	3	0.820351243019104	bienc_train1
225	Q0	69:1-8	4	0.7621055841445923	bienc_train1
225	Q0	54:23-32	5	0.7607967257499695	bienc_train1
225	Q0	91:11-15	6	0.7115033268928528	bienc_train1
225	Q0	51:38-46	7	0.6639652252197266	bienc_train1
225	Q0	41:13-18	8	0.625730037689209	bienc_train1
225	Q0	2:63-66	9	0.5524545907974243	bienc_train1
225	Q0	6:143-144	10	0.5444060564041138	bienc_train1
227	Q0	10:87-89	1	0.8587615489959717	bienc_train1
227	Q0	43:46-56	2	0.7340868711471558	bienc_train1
227	Q0	12:97-101	3	0.671387791633606	bienc_train1
227	Q0	12:19-22	4	0.6270936131477356	bienc_train1
227	Q0	20:115-122	5	0.6136407852172852	bienc_train1
227	Q0	18:32-44	6	0.5998514890670776	bienc_train1
227	Q0	18:25-26	7	0.5971875190734863	bienc_train1
227	Q0	7:19-25	8	0.5958856344223022	bienc_train1
227	Q0	2:34-39	9	0.591826319694519	bienc_train1
227	Q0	89:1-14	10	0.5863115191459656	bienc_train1
230	Q0	104:1-9	1	0.5182355642318726	bienc_train1
230	Q0	17:1-1	2	0.5029529929161072	bienc_train1
230	Q0	27:89-93	3	0.49071285128593445	bienc_train1
230	Q0	109:1-6	4	0.46391481161117554	bienc_train1
230	Q0	2:256-256	5	0.45572930574417114	bienc_train1
230	Q0	39:41-41	6	0.4515421986579895	bienc_train1
230	Q0	74:49-56	7	0.4514966607093811	bienc_train1
230	Q0	101:6-11	8	0.447781503200531	bienc_train1
230	Q0	2:208-210	9	0.44657304883003235	bienc_train1
230	Q0	53:1-18	10	0.4405624270439148	bienc_train1
231	Q0	2:259-259	1	0.9139643907546997	bienc_train1
231	Q0	62:5-8	2	0.9104425311088562	bienc_train1
231	Q0	67:16-23	3	0.9099649786949158	bienc_train1
231	Q0	2:67-73	4	0.906998872756958	bienc_train1
231	Q0	18:21-22	5	0.9040732979774475	bienc_train1
231	Q0	22:73-76	6	0.8981104493141174	bienc_train1
231	Q0	27:82-88	7	0.8978854417800903	bienc_train1
231	Q0	27:20-28	8	0.8958163261413574	bienc_train1
231	Q0	5:3-3	9	0.8920772075653076	bienc_train1
231	Q0	105:1-5	10	0.891980767250061	bienc_train1
232	Q0	5:20-26	1	0.9000464677810669	bienc_train1
232	Q0	33:9-17	2	0.8857294917106628	bienc_train1
232	Q0	22:42-46	3	0.8600374460220337	bienc_train1
232	Q0	3:95-97	4	0.8528385758399963	bienc_train1
232	Q0	63:5-8	5	0.8409744501113892	bienc_train1
232	Q0	2:102-103	6	0.838058590888977	bienc_train1
232	Q0	48:24-26	7	0.8301891684532166	bienc_train1
232	Q0	89:1-14	8	0.8295676112174988	bienc_train1
232	Q0	28:22-28	9	0.8291059732437134	bienc_train1
232	Q0	20:38-48	10	0.8245250582695007	bienc_train1
233	Q0	27:45-53	1	0.7691104412078857	bienc_train1
233	Q0	12:43-49	2	0.7043029069900513	bienc_train1
233	Q0	7:163-163	3	0.696086049079895	bienc_train1
233	Q0	51:38-46	4	0.69117671251297	bienc_train1
233	Q0	33:9-17	5	0.6897438764572144	bienc_train1
233	Q0	9:69-70	6	0.6860608458518982	bienc_train1
233	Q0	11:61-68	7	0.6830930709838867	bienc_train1
233	Q0	91:11-15	8	0.6699044704437256	bienc_train1
233	Q0	25:35-40	9	0.669171154499054	bienc_train1
233	Q0	7:73-79	10	0.6674663424491882	bienc_train1
235	Q0	46:21-25	1	0.7654738426208496	bienc_train1
235	Q0	89:1-14	2	0.7085455656051636	bienc_train1
235	Q0	73:10-14	3	0.6262699365615845	bienc_train1
235	Q0	10:87-89	4	0.6131091117858887	bienc_train1
235	Q0	34:15-19	5	0.589565634727478	bienc_train1
235	Q0	31:10-11	6	0.5708526372909546	bienc_train1
235	Q0	95:1-6	7	0.5669593214988708	bienc_train1
235	Q0	51:38-46	8	0.566623330116272	bienc_train1
235	Q0	41:13-18	9	0.5654524564743042	bienc_train1
235	Q0	18:7-8	10	0.56423419713974	bienc_train1
236	Q0	41:13-18	1	0.8381834030151367	bienc_train1
236	Q0	51:38-46	2	0.815514087677002	bienc_train1
236	Q0	69:1-8	3	0.8123385310173035	bienc_train1
236	Q0	46:21-25	4	0.7091562747955322	bienc_train1
236	Q0	91:11-15	5	0.6326714754104614	bienc_train1
236	Q0	54:18-22	6	0.6194947957992554	bienc_train1
236	Q0	89:1-14	7	0.5838354229927063	bienc_train1
236	Q0	76:27-28	8	0.5798385739326477	bienc_train1
236	Q0	54:23-32	9	0.5754411816596985	bienc_train1
236	Q0	7:163-163	10	0.5633720755577087	bienc_train1
237	Q0	12:50-57	1	0.7489895820617676	bienc_train1
237	Q0	40:34-35	2	0.6597446799278259	bienc_train1
237	Q0	12:97-101	3	0.6336637735366821	bienc_train1
237	Q0	12:4-6	4	0.6175774335861206	bienc_train1
237	Q0	3:45-51	5	0.6112624406814575	bienc_train1
237	Q0	5:72-73	6	0.6049537658691406	bienc_train1
237	Q0	61:6-9	7	0.5968608856201172	bienc_train1
237	Q0	25:35-40	8	0.5944823622703552	bienc_train1
237	Q0	2:249-252	9	0.5836552381515503	bienc_train1
237	Q0	5:112-115	10	0.5751556754112244	bienc_train1
238	Q0	69:1-8	1	0.9116014838218689	bienc_train1
238	Q0	41:13-18	2	0.8703252077102661	bienc_train1
238	Q0	51:38-46	3	0.8543175458908081	bienc_train1
238	Q0	91:11-15	4	0.8254607319831848	bienc_train1
238	Q0	11:61-68	5	0.8197001218795776	bienc_train1
238	Q0	7:73-79	6	0.8140566349029541	bienc_train1
238	Q0	54:23-32	7	0.770973265171051	bienc_train1
238	Q0	17:59-60	8	0.7707754969596863	bienc_train1
238	Q0	2:63-66	9	0.6139438152313232	bienc_train1
238	Q0	46:21-25	10	0.6115854382514954	bienc_train1
240	Q0	2:63-66	1	0.7284687757492065	bienc_train1
240	Q0	7:163-163	2	0.6975365877151489	bienc_train1
240	Q0	68:48-52	3	0.5743751525878906	bienc_train1
240	Q0	51:38-46	4	0.5642365217208862	bienc_train1
240	Q0	37:139-148	5	0.5527466535568237	bienc_train1
240	Q0	5:59-60	6	0.550222635269165	bienc_train1
240	Q0	7:164-166	7	0.5494034290313721	bienc_train1
240	Q0	41:13-18	8	0.5381702184677124	bienc_train1
240	Q0	91:11-15	9	0.5304874181747437	bienc_train1
240	Q0	7:73-79	10	0.5268175005912781	bienc_train1
243	Q0	27:15-19	1	0.8282805681228638	bienc_train1
243	Q0	21:78-82	2	0.7889431118965149	bienc_train1
243	Q0	38:17-20	3	0.7781829833984375	bienc_train1
243	Q0	37:139-148	4	0.7693794965744019	bienc_train1
243	Q0	24:41-45	5	0.7113714814186096	bienc_train1
243	Q0	68:48-52	6	0.7042214870452881	bienc_train1
243	Q0	34:10-13	7	0.6961081027984619	bienc_train1
243	Q0	87:1-5	8	0.6761423349380493	bienc_train1
243	Q0	21:87-88	9	0.6742846965789795	bienc_train1
243	Q0	2:63-66	10	0.6453227996826172	bienc_train1
244	Q0	3:62-68	1	0.47246116399765015	bienc_train1
244	Q0	5:44-47	2	0.4579311013221741	bienc_train1
244	Q0	3:45-51	3	0.4429680109024048	bienc_train1
244	Q0	87:14-19	4	0.4397147297859192	bienc_train1
244	Q0	15:80-84	5	0.43902355432510376	bienc_train1
244	Q0	38:12-16	6	0.4354361891746521	bienc_train1
244	Q0	5:65-66	7	0.411150723695755	bienc_train1
244	Q0	11:89-95	8	0.4000648856163025	bienc_train1
244	Q0	2:258-258	9	0.3954296410083771	bienc_train1
244	Q0	61:6-9	10	0.3917185664176941	bienc_train1
248	Q0	7:163-163	1	0.8778771162033081	bienc_train1
248	Q0	2:63-66	2	0.8625391125679016	bienc_train1
248	Q0	22:73-76	3	0.7650340795516968	bienc_train1
248	Q0	4:153-161	4	0.7577545642852783	bienc_train1
248	Q0	12:43-49	5	0.7569063305854797	bienc_train1
248	Q0	11:61-68	6	0.7543561458587646	bienc_train1
248	Q0	18:21-22	7	0.7495009899139404	bienc_train1
248	Q0	62:5-8	8	0.7489126920700073	bienc_train1
248	Q0	27:15-19	9	0.7424717545509338	bienc_train1
248	Q0	18:60-77	10	0.7362023591995239	bienc_train1
249	Q0	37:139-148	1	0.803360641002655	bienc_train1
249	Q0	21:87-88	2	0.7840577363967896	bienc_train1
249	Q0	68:48-52	3	0.7781825661659241	bienc_train1
249	Q0	79:27-33	4	0.632889986038208	bienc_train1
249	Q0	87:1-5	5	0.595165491104126	bienc_train1
249	Q0	38:17-20	6	0.5859501957893372	bienc_train1
249	Q0	27:15-19	7	0.5614721775054932	bienc_train1
249	Q0	7:163-163	8	0.555633544921875	bienc_train1
249	Q0	16:14-14	9	0.5497767925262451	bienc_train1
249	Q0	79:1-5	10	0.5403580069541931	bienc_train1
251	Q0	11:41-44	1	0.47292932868003845	bienc_train1
251	Q0	17:66-70	2	0.4630066752433777	bienc_train1
251	Q0	37:139-148	3	0.4597788155078888	bienc_train1
251	Q0	11:45-48	4	0.4496466815471649	bienc_train1
251	Q0	68:48-52	5	0.4465831518173218	bienc_train1
251	Q0	20:77-79	6	0.44067808985710144	bienc_train1
251	Q0	21:87-88	7	0.43293315172195435	bienc_train1
251	Q0	109:1-6	8	0.4233490228652954	bienc_train1
251	Q0	26:105-122	9	0.412788450717926	bienc_train1
251	Q0	23:23-30	10	0.4107251763343811	bienc_train1
252	Q0	18:78-82	1	0.5524932146072388	bienc_train1
252	Q0	17:1-1	2	0.5413172245025635	bienc_train1
252	Q0	79:15-26	3	0.5217697620391846	bienc_train1
252	Q0	7:113-126	4	0.5085458755493164	bienc_train1
252	Q0	53:1-18	5	0.5073457360267639	bienc_train1
252	Q0	20:17-24	6	0.49325916171073914	bienc_train1
252	Q0	3:95-97	7	0.4894895553588867	bienc_train1
252	Q0	20:9-16	8	0.48780959844589233	bienc_train1
252	Q0	17:90-96	9	0.48658499121665955	bienc_train1
252	Q0	27:7-14	10	0.48593056201934814	bienc_train1
253	Q0	18:60-77	1	0.627208948135376	bienc_train1
253	Q0	5:96-100	2	0.5618518590927124	bienc_train1
253	Q0	18:78-82	3	0.5616246461868286	bienc_train1
253	Q0	25:35-40	4	0.554987370967865	bienc_train1
253	Q0	12:50-57	5	0.5536925196647644	bienc_train1
253	Q0	79:27-33	6	0.5410961508750916	bienc_train1
253	Q0	12:43-49	7	0.5296503305435181	bienc_train1
253	Q0	7:163-163	8	0.5240077972412109	bienc_train1
253	Q0	5:1-2	9	0.5218313932418823	bienc_train1
253	Q0	20:17-24	10	0.5214700698852539	bienc_train1
255	Q0	66:9-9	1	0.6212836503982544	bienc_train1
255	Q0	9:41-41	2	0.6099414229393005	bienc_train1
255	Q0	9:19-22	3	0.6079983711242676	bienc_train1
255	Q0	9:88-89	4	0.6049231290817261	bienc_train1
255	Q0	8:72-75	5	0.5982096195220947	bienc_train1
255	Q0	8:62-66	6	0.5941888093948364	bienc_train1
255	Q0	61:10-14	7	0.5922528505325317	bienc_train1
255	Q0	9:73-74	8	0.5921454429626465	bienc_train1
255	Q0	49:14-18	9	0.579795241355896	bienc_train1
255	Q0	4:95-96	10	0.5695914030075073	bienc_train1
257	Q0	7:19-25	1	0.864050567150116	bienc_train1
257	Q0	20:115-122	2	0.8589051365852356	bienc_train1
257	Q0	2:34-39	3	0.832203209400177	bienc_train1
257	Q0	14:35-41	4	0.6010034084320068	bienc_train1
257	Q0	52:17-28	5	0.591886043548584	bienc_train1
257	Q0	2:30-33	6	0.5762412548065186	bienc_train1
257	Q0	37:99-113	7	0.5719166994094849	bienc_train1
257	Q0	7:172-174	8	0.5565063953399658	bienc_train1
257	Q0	10:87-89	9	0.5461962223052979	bienc_train1
257	Q0	46:15-18	10	0.5401597023010254	bienc_train1
258	Q0	2:249-252	1	0.731765866279602	bienc_train1
258	Q0	12:50-57	2	0.6522128582000732	bienc_train1
258	Q0	2:258-258	3	0.6497337818145752	bienc_train1
258	Q0	12:97-101	4	0.6481485962867737	bienc_train1
258	Q0	12:93-96	5	0.6473102569580078	bienc_train1
258	Q0	10:87-89	6	0.6390076875686646	bienc_train1
258	Q0	38:30-40	7	0.6122746467590332	bienc_train1
258	Q0	18:9-16	8	0.611441433429718	bienc_train1
258	Q0	5:72-73	9	0.6089140772819519	bienc_train1
258	Q0	7:142-143	10	0.6057161688804626	bienc_train1
265	Q0	3:121-129	1	0.8143624067306519	bienc_train1
265	Q0	43:81-89	2	0.8025462627410889	bienc_train1
265	Q0	24:23-26	3	0.7954356670379639	bienc_train1
265	Q0	11:50-60	4	0.7838274836540222	bienc_train1
265	Q0	9:117-121	5	0.7825442552566528	bienc_train1
265	Q0	41:33-36	6	0.782171368598938	bienc_train1
265	Q0	47:1-6	7	0.7818200588226318	bienc_train1
265	Q0	58:7-10	8	0.7754930853843689	bienc_train1
265	Q0	3:169-175	9	0.7748043537139893	bienc_train1
265	Q0	8:45-49	10	0.7724364995956421	bienc_train1
266	Q0	61:10-14	1	0.8291807174682617	bienc_train1
266	Q0	3:52-53	2	0.8286048173904419	bienc_train1
266	Q0	9:100-100	3	0.8080452084541321	bienc_train1
266	Q0	4:90-91	4	0.7883553504943848	bienc_train1
266	Q0	4:77-79	5	0.7630555629730225	bienc_train1
266	Q0	9:117-121	6	0.7622497081756592	bienc_train1
266	Q0	2:216-218	7	0.7580382823944092	bienc_train1
266	Q0	8:62-66	8	0.7538330554962158	bienc_train1
266	Q0	9:42-49	9	0.7485360503196716	bienc_train1
266	Q0	9:81-85	10	0.7480560541152954	bienc_train1
268	Q0	37:133-138	1	0.5404780507087708	bienc_train1
268	Q0	2:158-158	2	0.4998943507671356	bienc_train1
268	Q0	6:84-90	3	0.4971022605895996	bienc_train1
268	Q0	40:34-35	4	0.49637550115585327	bienc_train1
268	Q0	3:95-97	5	0.48714137077331543	bienc_train1
268	Q0	11:77-83	6	0.48158830404281616	bienc_train1
268	Q0	25:35-40	7	0.4809097647666931	bienc_train1
268	Q0	33:9-17	8	0.4790281057357788	bienc_train1
268	Q0	11:89-95	9	0.46472257375717163	bienc_train1
268	Q0	27:54-58	10	0.46146392822265625	bienc_train1
301	Q0	33:59-59	1	0.9147843718528748	bienc_train1
301	Q0	24:30-31	2	0.895652174949646	bienc_train1
301	Q0	33:53-55	3	0.8514257669448853	bienc_train1
301	Q0	33:32-34	4	0.8010072708129883	bienc_train1
301	Q0	7:26-27	5	0.7446092963218689	bienc_train1
301	Q0	4:22-24	6	0.6898285746574402	bienc_train1
301	Q0	74:1-7	7	0.6561641693115234	bienc_train1
301	Q0	24:58-61	8	0.6487380862236023	bienc_train1
301	Q0	61:5-5	9	0.6375370025634766	bienc_train1
301	Q0	6:143-144	10	0.6245448589324951	bienc_train1
302	Q0	4:95-96	1	0.9518428444862366	bienc_train1
302	Q0	9:73-74	2	0.9504287242889404	bienc_train1
302	Q0	9:88-89	3	0.9374015927314758	bienc_train1
302	Q0	9:19-22	4	0.9321731328964233	bienc_train1
302	Q0	9:41-41	5	0.9294461011886597	bienc_train1
302	Q0	8:72-75	6	0.9218420386314392	bienc_train1
302	Q0	66:9-9	7	0.9205008149147034	bienc_train1
302	Q0	5:35-37	8	0.91185462474823	bienc_train1
302	Q0	5:54-56	9	0.9059345126152039	bienc_train1
302	Q0	9:42-49	10	0.8952416181564331	bienc_train1
303	Q0	9:88-89	1	0.9406230449676514	bienc_train1
303	Q0	8:72-75	2	0.9340322017669678	bienc_train1
303	Q0	66:9-9	3	0.9263671636581421	bienc_train1
303	Q0	9:19-22	4	0.9241339564323425	bienc_train1
303	Q0	5:35-37	5	0.9023087024688721	bienc_train1
303	Q0	9:41-41	6	0.8909658193588257	bienc_train1
303	Q0	5:54-56	7	0.8781570196151733	bienc_train1
303	Q0	4:95-96	8	0.8369674682617188	bienc_train1
303	Q0	9:73-74	9	0.8346763253211975	bienc_train1
303	Q0	61:10-14	10	0.8094646334648132	bienc_train1
304	Q0	2:216-218	1	0.9213910698890686	bienc_train1
304	Q0	9:42-49	2	0.9046658277511597	bienc_train1
304	Q0	4:95-96	3	0.8983808159828186	bienc_train1
304	Q0	9:73-74	4	0.8968313932418823	bienc_train1
304	Q0	9:81-85	5	0.8819620609283447	bienc_train1
304	Q0	8:62-66	6	0.8786002397537231	bienc_train1
304	Q0	3:121-129	7	0.871248185634613	bienc_train1
304	Q0	4:77-79	8	0.8681533932685852	bienc_train1
304	Q0	5:54-56	9	0.8657276034355164	bienc_train1
304	Q0	4:88-89	10	0.8650467395782471	bienc_train1
306	Q0	6:118-121	1	0.7926753759384155	bienc_train1
306	Q0	5:4-5	2	0.7847180962562561	bienc_train1
306	Q0	22:25-29	3	0.754980742931366	bienc_train1
306	Q0	22:30-37	4	0.6995495557785034	bienc_train1
306	Q0	19:16-33	5	0.5934435129165649	bienc_train1
306	Q0	48:24-26	6	0.5923230051994324	bienc_train1
306	Q0	55:1-13	7	0.5403432846069336	bienc_train1
306	Q0	48:27-29	8	0.5388731956481934	bienc_train1
306	Q0	87:14-19	9	0.5368756055831909	bienc_train1
306	Q0	3:14-17	10	0.5363951921463013	bienc_train1
307	Q0	2:261-264	1	0.6429953575134277	bienc_train1
307	Q0	67:12-12	2	0.5702389478683472	bienc_train1
307	Q0	54:51-55	3	0.5222787857055664	bienc_train1
307	Q0	6:51-52	4	0.5205022692680359	bienc_train1
307	Q0	71:5-12	5	0.47920340299606323	bienc_train1
307	Q0	17:9-11	6	0.4770908057689667	bienc_train1
307	Q0	4:116-116	7	0.47578519582748413	bienc_train1
307	Q0	2:215-215	8	0.4741385877132416	bienc_train1
307	Q0	2:270-271	9	0.46898919343948364	bienc_train1
307	Q0	2:272-274	10	0.46846136450767517	bienc_train1
308	Q0	18:45-46	1	0.8421779870986938	bienc_train1
308	Q0	10:24-25	2	0.7755285501480103	bienc_train1
308	Q0	57:18-21	3	0.6469043493270874	bienc_train1
308	Q0	43:29-35	4	0.5958743691444397	bienc_train1
308	Q0	7:54-56	5	0.5766291618347168	bienc_train1
308	Q0	41:9-12	6	0.5484116077423096	bienc_train1
308	Q0	45:36-37	7	0.544409990310669	bienc_train1
308	Q0	10:3-6	8	0.5421696901321411	bienc_train1
308	Q0	78:6-16	9	0.5341049432754517	bienc_train1
308	Q0	2:94-96	10	0.5330665111541748	bienc_train1
310	Q0	3:86-91	1	0.923856258392334	bienc_train1
310	Q0	41:33-36	2	0.9121154546737671	bienc_train1
310	Q0	9:117-121	3	0.9094952344894409	bienc_train1
310	Q0	5:38-40	4	0.903717041015625	bienc_train1
310	Q0	66:8-8	5	0.90207839012146	bienc_train1
310	Q0	24:4-5	6	0.9002455472946167	bienc_train1
310	Q0	4:17-18	7	0.8977262377738953	bienc_train1
310	Q0	42:37-43	8	0.8960882425308228	bienc_train1
310	Q0	16:125-128	9	0.8936341404914856	bienc_train1
310	Q0	11:112-115	10	0.8887146711349487	bienc_train1
311	Q0	14:24-27	1	0.8249461650848389	bienc_train1
311	Q0	22:23-24	2	0.7663353681564331	bienc_train1
311	Q0	33:69-71	3	0.7593172192573547	bienc_train1
311	Q0	35:9-11	4	0.7422056198120117	bienc_train1
311	Q0	39:11-20	5	0.7319952249526978	bienc_train1
311	Q0	20:38-48	6	0.7292172908782959	bienc_train1
311	Q0	3:159-160	7	0.7168751955032349	bienc_train1
311	Q0	13:8-11	8	0.6976802349090576	bienc_train1
311	Q0	41:33-36	9	0.6962326169013977	bienc_train1
311	Q0	5:41-43	10	0.6953859329223633	bienc_train1
313	Q0	4:122-126	1	0.9141333103179932	bienc_train1
313	Q0	33:28-31	2	0.9133205413818359	bienc_train1
313	Q0	4:36-40	3	0.9116078615188599	bienc_train1
313	Q0	3:169-175	4	0.9096314907073975	bienc_train1
313	Q0	17:22-30	5	0.9091877937316895	bienc_train1
313	Q0	3:133-136	6	0.9082944989204407	bienc_train1
313	Q0	41:33-36	7	0.9060763716697693	bienc_train1
313	Q0	9:117-121	8	0.9026374220848083	bienc_train1
313	Q0	4:128-130	9	0.8978842496871948	bienc_train1
313	Q0	3:145-148	10	0.8957242965698242	bienc_train1
314	Q0	41:33-36	1	0.9431626200675964	bienc_train1
314	Q0	42:37-43	2	0.9229142665863037	bienc_train1
314	Q0	5:38-40	3	0.9208552837371826	bienc_train1
314	Q0	39:32-37	4	0.9171892404556274	bienc_train1
314	Q0	33:28-31	5	0.9152849912643433	bienc_train1
314	Q0	3:145-148	6	0.9137054681777954	bienc_train1
314	Q0	19:77-87	7	0.913375973701477	bienc_train1
314	Q0	4:128-130	8	0.9127546548843384	bienc_train1
314	Q0	3:133-136	9	0.9118955731391907	bienc_train1
314	Q0	8:45-49	10	0.911653459072113	bienc_train1
316	Q0	9:60-61	1	0.6630882024765015	bienc_train1
316	Q0	2:261-264	2	0.5860336422920227	bienc_train1
316	Q0	60:10-11	3	0.5671805739402771	bienc_train1
316	Q0	2:270-271	4	0.5616574287414551	bienc_train1
316	Q0	2:215-215	5	0.5446369051933289	bienc_train1
316	Q0	2:272-274	6	0.5348110795021057	bienc_train1
316	Q0	2:277-281	7	0.530007541179657	bienc_train1
316	Q0	2:267-269	8	0.5169148445129395	bienc_train1
316	Q0	2:177-177	9	0.49875348806381226	bienc_train1
316	Q0	92:8-11	10	0.49437570571899414	bienc_train1
317	Q0	2:270-271	1	0.9493541717529297	bienc_train1
317	Q0	2:267-269	2	0.9475464224815369	bienc_train1
317	Q0	2:277-281	3	0.938941478729248	bienc_train1
317	Q0	2:272-274	4	0.9378431439399719	bienc_train1
317	Q0	41:33-36	5	0.9271215200424194	bienc_train1
317	Q0	64:14-18	6	0.924760103225708	bienc_train1
317	Q0	2:215-215	7	0.9240829348564148	bienc_train1
317	Q0	3:133-136	8	0.9228284955024719	bienc_train1
317	Q0	4:36-40	9	0.9214601516723633	bienc_train1
317	Q0	9:90-96	10	0.9185848832130432	bienc_train1
323	Q0	94:1-4	1	0.5352611541748047	bienc_train1
323	Q0	86:1-4	2	0.5171279311180115	bienc_train1
323	Q0	21:91-91	3	0.49226897954940796	bienc_train1
323	Q0	39:11-20	4	0.4692693054676056	bienc_train1
323	Q0	10:65-70	5	0.44788703322410583	bienc_train1
323	Q0	18:25-26	6	0.43346676230430603	bienc_train1
323	Q0	88:8-16	7	0.42724499106407166	bienc_train1
323	Q0	6:125-127	8	0.4204282760620117	bienc_train1
323	Q0	93:1-5	9	0.410925030708313	bienc_train1
323	Q0	78:6-16	10	0.40845924615859985	bienc_train1
324	Q0	86:1-4	1	0.5338831543922424	bienc_train1
324	Q0	94:1-4	2	0.5150313377380371	bienc_train1
324	Q0	5:6-6	3	0.5070692896842957	bienc_train1
324	Q0	20:95-98	4	0.5001634955406189	bienc_train1
324	Q0	10:65-70	5	0.49976927042007446	bienc_train1
324	Q0	56:63-74	6	0.4980766177177429	bienc_train1
324	Q0	10:24-25	7	0.49489346146583557	bienc_train1
324	Q0	8:55-61	8	0.4910863935947418	bienc_train1
324	Q0	74:49-56	9	0.4891122579574585	bienc_train1
324	Q0	6:125-127	10	0.4857952296733856	bienc_train1
325	Q0	2:189-189	1	0.8919211626052856	bienc_train1
325	Q0	2:177-177	2	0.8465785980224609	bienc_train1
325	Q0	3:92-94	3	0.8187158703804016	bienc_train1
325	Q0	5:12-13	4	0.7861988544464111	bienc_train1
325	Q0	4:25-25	5	0.7784544825553894	bienc_train1
325	Q0	58:7-10	6	0.776265561580658	bienc_train1
325	Q0	53:31-41	7	0.7698464393615723	bienc_train1
325	Q0	20:38-48	8	0.7680020332336426	bienc_train1
325	Q0	4:36-40	9	0.7646015882492065	bienc_train1
325	Q0	8:67-71	10	0.7591046094894409	bienc_train1
326	Q0	2:177-177	1	0.9077575206756592	bienc_train1
326	Q0	4:36-40	2	0.8887861967086792	bienc_train1
326	Q0	2:189-189	3	0.8861701488494873	bienc_train1
326	Q0	58:7-10	4	0.8793202638626099	bienc_train1
326	Q0	76:5-11	5	0.8716506361961365	bienc_train1
326	Q0	24:21-22	6	0.8692505359649658	bienc_train1
326	Q0	3:92-94	7	0.8628010749816895	bienc_train1
326	Q0	49:6-8	8	0.8581843972206116	bienc_train1
326	Q0	2:83-86	9	0.8522778749465942	bienc_train1
326	Q0	9:101-106	10	0.8518290519714355	bienc_train1
327	Q0	41:33-36	1	0.9148980379104614	bienc_train1
327	Q0	33:28-31	2	0.9099289178848267	bienc_train1
327	Q0	9:117-121	3	0.9093190431594849	bienc_train1
327	Q0	4:36-40	4	0.903510570526123	bienc_train1
327	Q0	53:31-41	5	0.9031672477722168	bienc_train1
327	Q0	9:90-96	6	0.9005314111709595	bienc_train1
327	Q0	8:45-49	7	0.9003215432167053	bienc_train1
327	Q0	3:133-136	8	0.897804856300354	bienc_train1
327	Q0	4:122-126	9	0.8943847417831421	bienc_train1
327	Q0	19:77-87	10	0.8937070369720459	bienc_train1
328	Q0	22:1-2	1	0.82145094871521	bienc_train1
328	Q0	75:1-15	2	0.8032004237174988	bienc_train1
328	Q0	21:96-100	3	0.7845458984375	bienc_train1
328	Q0	18:90-98	4	0.7812751531600952	bienc_train1
328	Q0	54:1-8	5	0.7730974555015564	bienc_train1
328	Q0	72:8-13	6	0.6311889886856079	bienc_train1
328	Q0	36:33-47	7	0.6124699711799622	bienc_train1
328	Q0	10:3-6	8	0.5856149196624756	bienc_train1
328	Q0	7:187-187	9	0.5816264152526855	bienc_train1
328	Q0	6:74-79	10	0.5742132067680359	bienc_train1
332	Q0	8:50-51	1	0.8604325652122498	bienc_train1
332	Q0	71:25-28	2	0.7356080412864685	bienc_train1
332	Q0	47:25-29	3	0.7060986161231995	bienc_train1
332	Q0	6:93-94	4	0.704002857208252	bienc_train1
332	Q0	40:38-46	5	0.5966483950614929	bienc_train1
332	Q0	9:101-106	6	0.5802465677261353	bienc_train1
332	Q0	13:35-35	7	0.56535804271698	bienc_train1
332	Q0	2:195-195	8	0.5519117116928101	bienc_train1
332	Q0	89:21-30	9	0.5324917435646057	bienc_train1
332	Q0	26:213-227	10	0.5322312116622925	bienc_train1
334	Q0	12:80-80	1	0.46718257665634155	bienc_train1
334	Q0	25:35-40	2	0.45759955048561096	bienc_train1
334	Q0	12:7-10	3	0.45216870307922363	bienc_train1
334	Q0	5:57-58	4	0.4471171498298645	bienc_train1
334	Q0	60:1-3	5	0.42324692010879517	bienc_train1
334	Q0	37:62-74	6	0.4227566719055176	bienc_train1
334	Q0	11:61-68	7	0.4211527407169342	bienc_train1
334	Q0	22:77-78	8	0.42062968015670776	bienc_train1
334	Q0	12:58-62	9	0.4202643036842346	bienc_train1
334	Q0	7:163-163	10	0.4189322590827942	bienc_train1
338	Q0	90:5-10	1	0.49453192949295044	bienc_train1
338	Q0	21:91-91	2	0.4846886992454529	bienc_train1
338	Q0	30:17-27	3	0.45715880393981934	bienc_train1
338	Q0	12:77-79	4	0.45672082901000977	bienc_train1
338	Q0	78:6-16	5	0.43660420179367065	bienc_train1
338	Q0	28:7-13	6	0.41277438402175903	bienc_train1
338	Q0	80:17-23	7	0.4104265570640564	bienc_train1
338	Q0	54:47-50	8	0.40438228845596313	bienc_train1
338	Q0	4:176-176	9	0.4043639004230499	bienc_train1
338	Q0	74:32-37	10	0.40421271324157715	bienc_train1
339	Q0	21:91-91	1	0.5987331867218018	bienc_train1
339	Q0	94:1-4	2	0.5579138398170471	bienc_train1
339	Q0	2:233-233	3	0.48982247710227966	bienc_train1
339	Q0	78:6-16	4	0.4867832660675049	bienc_train1
339	Q0	88:8-16	5	0.4749642014503479	bienc_train1
339	Q0	46:15-18	6	0.46091899275779724	bienc_train1
339	Q0	112:1-4	7	0.45821720361709595	bienc_train1
339	Q0	22:5-7	8	0.4575096368789673	bienc_train1
339	Q0	69:13-18	9	0.45340055227279663	bienc_train1
339	Q0	6:125-127	10	0.451274037361145	bienc_train1
341	Q0	39:11-20	1	0.7691949009895325	bienc_train1
341	Q0	5:82-86	2	0.709730863571167	bienc_train1
341	Q0	62:9-11	3	0.7064687609672546	bienc_train1
341	Q0	7:204-206	4	0.6745550632476807	bienc_train1
341	Q0	71:5-12	5	0.6738299131393433	bienc_train1
341	Q0	10:65-70	6	0.6680151224136353	bienc_train1
341	Q0	50:36-45	7	0.6631342172622681	bienc_train1
341	Q0	40:61-66	8	0.655363917350769	bienc_train1
341	Q0	10:7-10	9	0.6550934314727783	bienc_train1
341	Q0	6:71-73	10	0.6526074409484863	bienc_train1
343	Q0	2:17-20	1	0.8747802972793579	bienc_train1
343	Q0	36:33-47	2	0.8006059527397156	bienc_train1
343	Q0	24:35-38	3	0.7850077748298645	bienc_train1
343	Q0	21:30-35	4	0.7631064057350159	bienc_train1
343	Q0	35:12-14	5	0.7549054622650146	bienc_train1
343	Q0	31:29-32	6	0.7381367087364197	bienc_train1
343	Q0	57:1-6	7	0.719640851020813	bienc_train1
343	Q0	10:3-6	8	0.6996148228645325	bienc_train1
343	Q0	22:58-66	9	0.6987651586532593	bienc_train1
343	Q0	24:41-45	10	0.6813768744468689	bienc_train1
344	Q0	16:65-69	1	0.5779943466186523	bienc_train1
344	Q0	16:10-13	2	0.5524502992630005	bienc_train1
344	Q0	53:57-62	3	0.5469801425933838	bienc_train1
344	Q0	30:17-27	4	0.5319433808326721	bienc_train1
344	Q0	78:6-16	5	0.5269880294799805	bienc_train1
344	Q0	6:125-127	6	0.5225123763084412	bienc_train1
344	Q0	19:16-33	7	0.5211924314498901	bienc_train1
344	Q0	66:1-5	8	0.5188737511634827	bienc_train1
344	Q0	5:6-6	9	0.5072215795516968	bienc_train1
344	Q0	17:78-82	10	0.4841994047164917	bienc_train1
345	Q0	78:6-16	1	0.8349453210830688	bienc_train1
345	Q0	30:17-27	2	0.797396719455719	bienc_train1
345	Q0	10:65-70	3	0.7883530855178833	bienc_train1
345	Q0	40:61-66	4	0.7634768486022949	bienc_train1
345	Q0	14:31-34	5	0.7355808615684509	bienc_train1
345	Q0	25:45-55	6	0.7255046963691711	bienc_train1
345	Q0	45:36-37	7	0.7164443135261536	bienc_train1
345	Q0	36:33-47	8	0.682485044002533	bienc_train1
345	Q0	77:41-44	9	0.6703094840049744	bienc_train1
345	Q0	16:10-13	10	0.6661987900733948	bienc_train1
347	Q0	31:29-32	1	0.8452655673027039	bienc_train1
347	Q0	22:58-66	2	0.7993799448013306	bienc_train1
347	Q0	35:12-14	3	0.7817884683609009	bienc_train1
347	Q0	36:33-47	4	0.7807947397232056	bienc_train1
347	Q0	21:30-35	5	0.7643114328384399	bienc_train1
347	Q0	57:1-6	6	0.7123588919639587	bienc_train1
347	Q0	2:17-20	7	0.7015950679779053	bienc_train1
347	Q0	39:1-5	8	0.6310622692108154	bienc_train1
347	Q0	10:3-6	9	0.6153470277786255	bienc_train1
347	Q0	24:39-40	10	0.6063857078552246	bienc_train1
348	Q0	24:30-31	1	0.9171114563941956	bienc_train1
348	Q0	33:59-59	2	0.9062142372131348	bienc_train1
348	Q0	33:53-55	3	0.8952838182449341	bienc_train1
348	Q0	33:32-34	4	0.8803650736808777	bienc_train1
348	Q0	4:22-24	5	0.7679554224014282	bienc_train1
348	Q0	7:26-27	6	0.75533127784729	bienc_train1
348	Q0	24:58-61	7	0.7474808692932129	bienc_train1
348	Q0	74:1-7	8	0.7019314765930176	bienc_train1
348	Q0	2:222-223	9	0.6990435719490051	bienc_train1
348	Q0	61:5-5	10	0.6973769664764404	bienc_train1
349	Q0	18:78-82	1	0.8090710639953613	bienc_train1
349	Q0	5:96-100	2	0.49512046575546265	bienc_train1
349	Q0	12:23-29	3	0.47034984827041626	bienc_train1
349	Q0	51:7-14	4	0.4652249813079834	bienc_train1
349	Q0	7:113-126	5	0.4463135004043579	bienc_train1
349	Q0	26:41-51	6	0.4394570589065552	bienc_train1
349	Q0	17:31-35	7	0.43505844473838806	bienc_train1
349	Q0	17:66-70	8	0.42024290561676025	bienc_train1
349	Q0	5:1-2	9	0.4187370538711548	bienc_train1
349	Q0	12:77-79	10	0.417536199092865	bienc_train1
350	Q0	10:57-60	1	0.8324261903762817	bienc_train1
350	Q0	26:69-89	2	0.7893174290657043	bienc_train1
350	Q0	17:78-82	3	0.7620500922203064	bienc_train1
350	Q0	16:65-69	4	0.6631050705909729	bienc_train1
350	Q0	9:12-16	5	0.6570770740509033	bienc_train1
350	Q0	66:1-5	6	0.604220449924469	bienc_train1
350	Q0	51:1-6	7	0.5895393490791321	bienc_train1
350	Q0	88:8-16	8	0.583126425743103	bienc_train1
350	Q0	47:12-15	9	0.5794698596000671	bienc_train1
350	Q0	41:40-44	10	0.5757741928100586	bienc_train1
351	Q0	5:44-47	1	0.6604704260826111	bienc_train1
351	Q0	85:12-16	2	0.48386454582214355	bienc_train1
351	Q0	69:13-18	3	0.48382771015167236	bienc_train1
351	Q0	28:33-35	4	0.4747354984283447	bienc_train1
351	Q0	4:153-161	5	0.4610179364681244	bienc_train1
351	Q0	12:80-80	6	0.44800329208374023	bienc_train1
351	Q0	2:63-66	7	0.43166589736938477	bienc_train1
351	Q0	6:8-11	8	0.42911285161972046	bienc_train1
351	Q0	29:14-15	9	0.42882949113845825	bienc_train1
351	Q0	19:51-58	10	0.42726728320121765	bienc_train1
354	Q0	29:14-15	1	0.7516375780105591	bienc_train1
354	Q0	12:43-49	2	0.7485543489456177	bienc_train1
354	Q0	25:35-40	3	0.6978362798690796	bienc_train1
354	Q0	15:61-77	4	0.6849009990692139	bienc_train1
354	Q0	2:249-252	5	0.6694968342781067	bienc_train1
354	Q0	79:15-26	6	0.6588494777679443	bienc_train1
354	Q0	7:80-84	7	0.6452165842056274	bienc_train1
354	Q0	12:93-96	8	0.6449661254882812	bienc_train1
354	Q0	26:52-68	9	0.6447842121124268	bienc_train1
354	Q0	27:54-58	10	0.6440120935440063	bienc_train1
356	Q0	4:95-96	1	0.9459788799285889	bienc_train1
356	Q0	9:73-74	2	0.9441391229629517	bienc_train1
356	Q0	9:19-22	3	0.9277158975601196	bienc_train1
356	Q0	9:88-89	4	0.926357626914978	bienc_train1
356	Q0	2:216-218	5	0.9241858720779419	bienc_train1
356	Q0	8:72-75	6	0.9157507419586182	bienc_train1
356	Q0	9:42-49	7	0.9119516611099243	bienc_train1
356	Q0	5:35-37	8	0.9110195636749268	bienc_train1
356	Q0	66:9-9	9	0.9040548801422119	bienc_train1
356	Q0	5:54-56	10	0.9037752747535706	bienc_train1
357	Q0	9:88-89	1	0.9101483821868896	bienc_train1
357	Q0	8:72-75	2	0.8998064994812012	bienc_train1
357	Q0	9:19-22	3	0.8989371061325073	bienc_train1
357	Q0	9:41-41	4	0.8888936042785645	bienc_train1
357	Q0	66:9-9	5	0.8830525875091553	bienc_train1
357	Q0	5:35-37	6	0.8659845590591431	bienc_train1
357	Q0	5:54-56	7	0.8278626203536987	bienc_train1
357	Q0	4:95-96	8	0.8170216083526611	bienc_train1
357	Q0	9:73-74	9	0.7997353672981262	bienc_train1
357	Q0	49:14-18	10	0.7387228012084961	bienc_train1
358	Q0	25:45-55	1	0.5888266563415527	bienc_train1
358	Q0	101:6-11	2	0.5863531827926636	bienc_train1
358	Q0	8:62-66	3	0.5692675113677979	bienc_train1
358	Q0	54:43-46	4	0.5669183731079102	bienc_train1
358	Q0	56:1-10	5	0.550570011138916	bienc_train1
358	Q0	8:55-61	6	0.5504627823829651	bienc_train1
358	Q0	20:95-98	7	0.5464942455291748	bienc_train1
358	Q0	30:1-7	8	0.5395023822784424	bienc_train1
358	Q0	60:8-9	9	0.5386319756507874	bienc_train1
358	Q0	81:15-25	10	0.5358266830444336	bienc_train1
361	Q0	33:36-40	1	0.6834304928779602	bienc_train1
361	Q0	22:52-57	2	0.6476343274116516	bienc_train1
361	Q0	19:51-58	3	0.6424599289894104	bienc_train1
361	Q0	4:58-59	4	0.5676421523094177	bienc_train1
361	Q0	7:157-158	5	0.5665756464004517	bienc_train1
361	Q0	4:80-84	6	0.5405359268188477	bienc_train1
361	Q0	24:62-64	7	0.537293016910553	bienc_train1
361	Q0	8:41-41	8	0.5353308916091919	bienc_train1
361	Q0	98:1-5	9	0.5309385061264038	bienc_train1
361	Q0	33:69-71	10	0.5245044231414795	bienc_train1
362	Q0	27:54-58	1	0.8449296951293945	bienc_train1
362	Q0	7:80-84	2	0.836912989616394	bienc_train1
362	Q0	11:77-83	3	0.7962645292282104	bienc_train1
362	Q0	15:61-77	4	0.7917612791061401	bienc_train1
362	Q0	26:160-175	5	0.7790142297744751	bienc_train1
362	Q0	4:101-103	6	0.726055920124054	bienc_train1
362	Q0	25:35-40	7	0.7170808911323547	bienc_train1
362	Q0	46:21-25	8	0.7067852020263672	bienc_train1
362	Q0	8:30-37	9	0.7016595005989075	bienc_train1
362	Q0	29:28-35	10	0.6880637407302856	bienc_train1
363	Q0	19:16-33	1	0.7354763746261597	bienc_train1
363	Q0	5:6-6	2	0.6818707585334778	bienc_train1
363	Q0	4:43-43	3	0.6781441569328308	bienc_train1
363	Q0	2:222-223	4	0.666154146194458	bienc_train1
363	Q0	4:101-103	5	0.6428245902061462	bienc_train1
363	Q0	5:4-5	6	0.6203494071960449	bienc_train1
363	Q0	33:53-55	7	0.61812824010849	bienc_train1
363	Q0	27:54-58	8	0.5984418392181396	bienc_train1
363	Q0	7:80-84	9	0.58919757604599	bienc_train1
363	Q0	24:58-61	10	0.5827243328094482	bienc_train1
364	Q0	91:1-10	1	0.8531134128570557	bienc_train1
364	Q0	27:89-93	2	0.8444355726242065	bienc_train1
364	Q0	17:12-17	3	0.8234494924545288	bienc_train1
364	Q0	39:41-41	4	0.7997035980224609	bienc_train1
364	Q0	14:47-52	5	0.7746340036392212	bienc_train1
364	Q0	18:29-31	6	0.764723002910614	bienc_train1
364	Q0	30:38-41	7	0.7544360756874084	bienc_train1
364	Q0	41:45-46	8	0.7500329613685608	bienc_train1
364	Q0	2:174-176	9	0.7143330574035645	bienc_train1
364	Q0	81:26-29	10	0.7129260301589966	bienc_train1
365	Q0	17:101-104	1	0.8413586616516113	bienc_train1
365	Q0	7:103-108	2	0.7645539045333862	bienc_train1
365	Q0	20:17-24	3	0.7550768852233887	bienc_train1
365	Q0	17:2-8	4	0.7512065768241882	bienc_train1
365	Q0	79:15-26	5	0.7417938709259033	bienc_train1
365	Q0	20:9-16	6	0.7323114275932312	bienc_train1
365	Q0	26:52-68	7	0.7247329950332642	bienc_train1
365	Q0	40:53-58	8	0.7054357528686523	bienc_train1
365	Q0	43:46-56	9	0.7011070251464844	bienc_train1
365	Q0	10:90-93	10	0.6890565156936646	bienc_train1
367	Q0	41:33-36	1	0.9024384021759033	bienc_train1
367	Q0	19:77-87	2	0.8950676918029785	bienc_train1
367	Q0	43:81-89	3	0.8824096322059631	bienc_train1
367	Q0	53:19-30	4	0.8820573091506958	bienc_train1
367	Q0	16:70-72	5	0.8811448812484741	bienc_train1
367	Q0	19:59-65	6	0.8791179656982422	bienc_train1
367	Q0	33:28-31	7	0.8770990967750549	bienc_train1
367	Q0	11:50-60	8	0.8759783506393433	bienc_train1
367	Q0	21:25-29	9	0.8736735582351685	bienc_train1
367	Q0	26:213-227	10	0.8732759952545166	bienc_train1
368	Q0	24:6-10	1	0.8987756967544556	bienc_train1
368	Q0	24:4-5	2	0.8929272890090942	bienc_train1
368	Q0	4:17-18	3	0.8722758889198303	bienc_train1
368	Q0	24:23-26	4	0.8713139891624451	bienc_train1
368	Q0	3:86-91	5	0.8697758913040161	bienc_train1
368	Q0	25:63-77	6	0.856134831905365	bienc_train1
368	Q0	58:7-10	7	0.8552405834197998	bienc_train1
368	Q0	42:37-43	8	0.8547810912132263	bienc_train1
368	Q0	9:7-11	9	0.8519166707992554	bienc_train1
368	Q0	9:1-6	10	0.8493777513504028	bienc_train1
369	Q0	4:153-161	1	0.6787627935409546	bienc_train1
369	Q0	5:44-47	2	0.5534251928329468	bienc_train1
369	Q0	57:25-27	3	0.5346076488494873	bienc_train1
369	Q0	3:45-51	4	0.5186923742294312	bienc_train1
369	Q0	34:10-13	5	0.5026344656944275	bienc_train1
369	Q0	2:67-73	6	0.5023005604743958	bienc_train1
369	Q0	5:110-111	7	0.5017774105072021	bienc_train1
369	Q0	50:16-19	8	0.5015490651130676	bienc_train1
369	Q0	62:5-8	9	0.4988820254802704	bienc_train1
369	Q0	9:12-16	10	0.4903015196323395	bienc_train1
370	Q0	41:33-36	1	0.9126186370849609	bienc_train1
370	Q0	19:77-87	2	0.9044036865234375	bienc_train1
370	Q0	43:81-89	3	0.898821234703064	bienc_train1
370	Q0	11:50-60	4	0.8943340182304382	bienc_train1
370	Q0	20:102-113	5	0.8940442204475403	bienc_train1
370	Q0	5:61-64	6	0.8918905258178711	bienc_train1
370	Q0	5:38-40	7	0.8910549879074097	bienc_train1
370	Q0	42:37-43	8	0.8866666555404663	bienc_train1
370	Q0	7:154-156	9	0.8802124261856079	bienc_train1
370	Q0	9:117-121	10	0.8782026767730713	bienc_train1
371	Q0	40:34-35	1	0.7967207431793213	bienc_train1
371	Q0	6:84-90	2	0.7399269342422485	bienc_train1
371	Q0	19:51-58	3	0.5621305704116821	bienc_train1
371	Q0	66:10-12	4	0.5416158437728882	bienc_train1
371	Q0	19:41-50	5	0.5412927865982056	bienc_train1
371	Q0	33:7-8	6	0.5266309380531311	bienc_train1
371	Q0	12:4-6	7	0.5178065896034241	bienc_train1
371	Q0	12:50-57	8	0.5121513605117798	bienc_train1
371	Q0	14:35-41	9	0.4995499849319458	bienc_train1
371	Q0	25:35-40	10	0.49256277084350586	bienc_train1
372	Q0	7:1-3	1	0.9736549258232117	bienc_train1
372	Q0	3:199-200	2	0.9703721404075623	bienc_train1
372	Q0	10:94-97	3	0.9701070189476013	bienc_train1
372	Q0	5:67-69	4	0.9699054956436157	bienc_train1
372	Q0	6:114-117	5	0.969612717628479	bienc_train1
372	Q0	6:154-158	6	0.9672819375991821	bienc_train1
372	Q0	43:40-45	7	0.9658886194229126	bienc_train1
372	Q0	7:196-198	8	0.9658112525939941	bienc_train1
372	Q0	44:1-8	9	0.9655447006225586	bienc_train1
372	Q0	29:44-45	10	0.9648364186286926	bienc_train1
373	Q0	6:161-163	1	0.8208203315734863	bienc_train1
373	Q0	39:11-20	2	0.6855487823486328	bienc_train1
373	Q0	2:208-210	3	0.6547847390174866	bienc_train1
373	Q0	28:51-56	4	0.6506070494651794	bienc_train1
373	Q0	109:1-6	5	0.6432188749313354	bienc_train1
373	Q0	3:52-53	6	0.6172720193862915	bienc_train1
373	Q0	6:53-58	7	0.6164557337760925	bienc_train1
373	Q0	7:28-30	8	0.6083552837371826	bienc_train1
373	Q0	16:125-128	9	0.6034192442893982	bienc_train1
373	Q0	43:15-25	10	0.5958196520805359	bienc_train1
374	Q0	38:12-16	1	0.35944825410842896	bienc_train1
374	Q0	50:12-15	2	0.354811429977417	bienc_train1
374	Q0	27:89-93	3	0.3528743386268616	bienc_train1
374	Q0	39:41-41	4	0.3502400815486908	bienc_train1
374	Q0	2:256-256	5	0.3261728882789612	bienc_train1
374	Q0	2:174-176	6	0.321084201335907	bienc_train1
374	Q0	5:70-71	7	0.3048883080482483	bienc_train1
374	Q0	17:12-17	8	0.2968561053276062	bienc_train1
374	Q0	91:1-10	9	0.29137974977493286	bienc_train1
374	Q0	5:101-102	10	0.29088109731674194	bienc_train1
375	Q0	109:1-6	1	0.6889962553977966	bienc_train1
375	Q0	2:256-256	2	0.671805202960968	bienc_train1
375	Q0	39:41-41	3	0.6399360299110413	bienc_train1
375	Q0	27:89-93	4	0.6122671365737915	bienc_train1
375	Q0	76:29-31	5	0.5943597555160522	bienc_train1
375	Q0	18:29-31	6	0.5876069664955139	bienc_train1
375	Q0	78:38-40	7	0.5656554698944092	bienc_train1
375	Q0	74:49-56	8	0.5583024621009827	bienc_train1
375	Q0	107:4-7	9	0.5118871331214905	bienc_train1
375	Q0	17:12-17	10	0.5110331773757935	bienc_train1
376	Q0	2:282-283	1	0.7825576066970825	bienc_train1
376	Q0	4:44-46	2	0.4899691939353943	bienc_train1
376	Q0	3:81-83	3	0.48894673585891724	bienc_train1
376	Q0	22:38-41	4	0.48742780089378357	bienc_train1
376	Q0	107:4-7	5	0.48727113008499146	bienc_train1
376	Q0	98:1-5	6	0.4778900146484375	bienc_train1
376	Q0	2:146-150	7	0.47464048862457275	bienc_train1
376	Q0	30:38-41	8	0.4731653928756714	bienc_train1
376	Q0	29:1-7	9	0.46698564291000366	bienc_train1
376	Q0	3:187-189	10	0.456352561712265	bienc_train1
378	Q0	2:282-283	1	0.8306244611740112	bienc_train1
378	Q0	107:4-7	2	0.4897286295890808	bienc_train1
378	Q0	22:38-41	3	0.48913541436195374	bienc_train1
378	Q0	3:81-83	4	0.480335533618927	bienc_train1
378	Q0	2:146-150	5	0.48015040159225464	bienc_train1
378	Q0	4:74-76	6	0.47826433181762695	bienc_train1
378	Q0	98:1-5	7	0.468892902135849	bienc_train1
378	Q0	4:44-46	8	0.4577903747558594	bienc_train1
378	Q0	60:8-9	9	0.45718520879745483	bienc_train1
378	Q0	30:38-41	10	0.45672285556793213	bienc_train1
379	Q0	91:1-10	1	0.885574996471405	bienc_train1
379	Q0	81:26-29	2	0.8825061917304993	bienc_train1
379	Q0	76:29-31	3	0.868307888507843	bienc_train1
379	Q0	27:89-93	4	0.8589613437652588	bienc_train1
379	Q0	17:12-17	5	0.8543504476547241	bienc_train1
379	Q0	39:41-41	6	0.8484643697738647	bienc_train1
379	Q0	74:32-37	7	0.8462157249450684	bienc_train1
379	Q0	41:45-46	8	0.8426372408866882	bienc_train1
379	Q0	73:15-19	9	0.8402854204177856	bienc_train1
379	Q0	18:29-31	10	0.8374784588813782	bienc_train1
380	Q0	5:6-6	1	0.7996543049812317	bienc_train1
380	Q0	33:53-55	2	0.7309619188308716	bienc_train1
380	Q0	24:58-61	3	0.7196729183197021	bienc_train1
380	Q0	4:43-43	4	0.7117949724197388	bienc_train1
380	Q0	24:30-31	5	0.7109347581863403	bienc_train1
380	Q0	33:32-34	6	0.6998825669288635	bienc_train1
380	Q0	107:4-7	7	0.6962454319000244	bienc_train1
380	Q0	33:59-59	8	0.6865633726119995	bienc_train1
380	Q0	58:1-4	9	0.6815685629844666	bienc_train1
380	Q0	2:187-187	10	0.6715349555015564	bienc_train1
381	Q0	5:6-6	1	0.7361242771148682	bienc_train1
381	Q0	4:43-43	2	0.5946893692016602	bienc_train1
381	Q0	106:1-4	3	0.5550966858863831	bienc_train1
381	Q0	94:1-4	4	0.548475980758667	bienc_train1
381	Q0	107:4-7	5	0.5374206900596619	bienc_train1
381	Q0	4:101-103	6	0.5330357551574707	bienc_train1
381	Q0	19:16-33	7	0.5260705351829529	bienc_train1
381	Q0	24:58-61	8	0.523615837097168	bienc_train1
381	Q0	74:49-56	9	0.5061304569244385	bienc_train1
381	Q0	94:5-8	10	0.504367470741272	bienc_train1
382	Q0	60:8-9	1	0.46741804480552673	bienc_train1
382	Q0	9:122-123	2	0.46413376927375793	bienc_train1
382	Q0	74:49-56	3	0.46181339025497437	bienc_train1
382	Q0	8:15-16	4	0.4604974389076233	bienc_train1
382	Q0	33:60-62	5	0.4558880925178528	bienc_train1
382	Q0	4:137-139	6	0.44934970140457153	bienc_train1
382	Q0	4:74-76	7	0.4469316005706787	bienc_train1
382	Q0	7:28-30	8	0.4356685280799866	bienc_train1
382	Q0	2:168-169	9	0.43088915944099426	bienc_train1
382	Q0	27:89-93	10	0.4271591007709503	bienc_train1
385	Q0	5:6-6	1	0.6289846897125244	bienc_train1
385	Q0	94:1-4	2	0.5576551556587219	bienc_train1
385	Q0	74:49-56	3	0.5548523664474487	bienc_train1
385	Q0	106:1-4	4	0.551702618598938	bienc_train1
385	Q0	4:101-103	5	0.5483721494674683	bienc_train1
385	Q0	107:4-7	6	0.5400384664535522	bienc_train1
385	Q0	79:1-5	7	0.526977002620697	bienc_train1
385	Q0	6:125-127	8	0.5260851383209229	bienc_train1
385	Q0	2:249-252	9	0.5250536799430847	bienc_train1
385	Q0	39:11-20	10	0.520174503326416	bienc_train1
387	Q0	5:101-102	1	0.6228278875350952	bienc_train1
387	Q0	39:41-41	2	0.5217505693435669	bienc_train1
387	Q0	41:45-46	3	0.5139054656028748	bienc_train1
387	Q0	16:14-14	4	0.5135174989700317	bienc_train1
387	Q0	56:75-80	5	0.4866979718208313	bienc_train1
387	Q0	4:135-136	6	0.47770607471466064	bienc_train1
387	Q0	6:112-113	7	0.47319087386131287	bienc_train1
387	Q0	2:174-176	8	0.4712078273296356	bienc_train1
387	Q0	24:1-3	9	0.4703976511955261	bienc_train1
387	Q0	85:17-22	10	0.46187320351600647	bienc_train1
388	Q0	104:1-9	1	0.5028977990150452	bienc_train1
388	Q0	74:49-56	2	0.4724051058292389	bienc_train1
388	Q0	94:5-8	3	0.46981313824653625	bienc_train1
388	Q0	109:1-6	4	0.44678202271461487	bienc_train1
388	Q0	2:208-210	5	0.44344866275787354	bienc_train1
388	Q0	3:121-129	6	0.4354654550552368	bienc_train1
388	Q0	47:25-29	7	0.4324803352355957	bienc_train1
388	Q0	8:15-16	8	0.4290763735771179	bienc_train1
388	Q0	56:1-10	9	0.4250214099884033	bienc_train1
388	Q0	90:11-20	10	0.4234009385108948	bienc_train1
389	Q0	6:125-127	1	0.4875284433364868	bienc_train1
389	Q0	112:1-4	2	0.3935173749923706	bienc_train1
389	Q0	46:15-18	3	0.3864620327949524	bienc_train1
389	Q0	50:16-19	4	0.3667353391647339	bienc_train1
389	Q0	10:57-60	5	0.36149460077285767	bienc_train1
389	Q0	47:25-29	6	0.3530709743499756	bienc_train1
389	Q0	31:14-15	7	0.3515441417694092	bienc_train1
389	Q0	22:1-2	8	0.35044845938682556	bienc_train1
389	Q0	7:187-187	9	0.35027316212654114	bienc_train1
389	Q0	104:1-9	10	0.3479425609111786	bienc_train1
391	Q0	17:88-89	1	0.8039780259132385	bienc_train1
391	Q0	18:54-56	2	0.7265406847000122	bienc_train1
391	Q0	30:55-60	3	0.7185380458831787	bienc_train1
391	Q0	39:27-31	4	0.7014749050140381	bienc_train1
391	Q0	37:171-182	5	0.5986753106117249	bienc_train1
391	Q0	16:84-89	6	0.5952752828598022	bienc_train1
391	Q0	11:120-123	7	0.5747354030609131	bienc_train1
391	Q0	14:13-18	8	0.5527564287185669	bienc_train1
391	Q0	79:42-46	9	0.548621654510498	bienc_train1
391	Q0	21:42-44	10	0.5461900234222412	bienc_train1
392	Q0	109:1-6	1	0.6778506636619568	bienc_train1
392	Q0	2:256-256	2	0.6430376768112183	bienc_train1
392	Q0	76:29-31	3	0.6030799746513367	bienc_train1
392	Q0	39:41-41	4	0.5999197959899902	bienc_train1
392	Q0	27:89-93	5	0.5892102718353271	bienc_train1
392	Q0	18:29-31	6	0.5801101326942444	bienc_train1
392	Q0	74:49-56	7	0.577267587184906	bienc_train1
392	Q0	78:38-40	8	0.557405948638916	bienc_train1
392	Q0	107:4-7	9	0.5032526254653931	bienc_train1
392	Q0	18:23-24	10	0.4972120523452759	bienc_train1
393	Q0	109:1-6	1	0.8507288694381714	bienc_train1
393	Q0	2:256-256	2	0.8505926728248596	bienc_train1
393	Q0	27:89-93	3	0.8257667422294617	bienc_train1
393	Q0	76:29-31	4	0.8176862001419067	bienc_train1
393	Q0	39:41-41	5	0.8158938884735107	bienc_train1
393	Q0	18:29-31	6	0.8081616759300232	bienc_train1
393	Q0	78:38-40	7	0.8029849529266357	bienc_train1
393	Q0	74:49-56	8	0.7210900187492371	bienc_train1
393	Q0	17:12-17	9	0.7059062719345093	bienc_train1
393	Q0	73:15-19	10	0.6656661629676819	bienc_train1
394	Q0	76:29-31	1	0.6510846614837646	bienc_train1
394	Q0	109:1-6	2	0.6499444842338562	bienc_train1
394	Q0	2:256-256	3	0.6197170615196228	bienc_train1
394	Q0	39:41-41	4	0.5772556066513062	bienc_train1
394	Q0	18:29-31	5	0.5738615393638611	bienc_train1
394	Q0	27:89-93	6	0.5707480907440186	bienc_train1
394	Q0	78:38-40	7	0.5626917481422424	bienc_train1
394	Q0	74:49-56	8	0.5543112754821777	bienc_train1
394	Q0	73:15-19	9	0.5285795331001282	bienc_train1
394	Q0	106:1-4	10	0.5144128799438477	bienc_train1
395	Q0	33:4-6	1	0.7234319448471069	bienc_train1
395	Q0	31:14-15	2	0.6007909178733826	bienc_train1
395	Q0	66:1-5	3	0.6004748344421387	bienc_train1
395	Q0	19:16-33	4	0.563614010810852	bienc_train1
395	Q0	2:233-233	5	0.5490115880966187	bienc_train1
395	Q0	22:5-7	6	0.5048472881317139	bienc_train1
395	Q0	4:22-24	7	0.5030624866485596	bienc_train1
395	Q0	33:49-52	8	0.49455296993255615	bienc_train1
395	Q0	3:33-41	9	0.49029818177223206	bienc_train1
395	Q0	112:1-4	10	0.4652489125728607	bienc_train1
396	Q0	2:216-218	1	0.8031227588653564	bienc_train1
396	Q0	2:190-194	2	0.7575996518135071	bienc_train1
396	Q0	5:54-56	3	0.7215591073036194	bienc_train1
396	Q0	9:42-49	4	0.7092519998550415	bienc_train1
396	Q0	4:77-79	5	0.7005009651184082	bienc_train1
396	Q0	4:90-91	6	0.6978864669799805	bienc_train1
396	Q0	66:9-9	7	0.6931173801422119	bienc_train1
396	Q0	9:19-22	8	0.6823533177375793	bienc_train1
396	Q0	9:81-85	9	0.680194616317749	bienc_train1
396	Q0	8:62-66	10	0.6702972650527954	bienc_train1
398	Q0	72:1-7	1	0.8154262900352478	bienc_train1
398	Q0	46:29-32	2	0.7457481026649475	bienc_train1
398	Q0	42:1-6	3	0.7200714945793152	bienc_train1
398	Q0	17:105-111	4	0.710809588432312	bienc_train1
398	Q0	2:170-171	5	0.7101496458053589	bienc_train1
398	Q0	57:16-17	6	0.6967467069625854	bienc_train1
398	Q0	22:16-18	7	0.6927501559257507	bienc_train1
398	Q0	5:48-50	8	0.690234363079071	bienc_train1
398	Q0	11:12-12	9	0.680143415927887	bienc_train1
398	Q0	97:1-5	10	0.6762685775756836	bienc_train1
399	Q0	46:29-32	1	0.8485432863235474	bienc_train1
399	Q0	72:1-7	2	0.8402422070503235	bienc_train1
399	Q0	17:105-111	3	0.827299177646637	bienc_train1
399	Q0	42:1-6	4	0.8222310543060303	bienc_train1
399	Q0	22:16-18	5	0.8001900315284729	bienc_train1
399	Q0	59:21-24	6	0.799491286277771	bienc_train1
399	Q0	2:170-171	7	0.793930172920227	bienc_train1
399	Q0	31:20-26	8	0.7915377616882324	bienc_train1
399	Q0	7:199-203	9	0.7776788473129272	bienc_train1
399	Q0	44:1-8	10	0.7753483653068542	bienc_train1
400	Q0	9:28-29	1	0.9319864511489868	bienc_train1
400	Q0	2:190-194	2	0.9115593433380127	bienc_train1
400	Q0	2:243-245	3	0.905405580997467	bienc_train1
400	Q0	2:178-179	4	0.8996691703796387	bienc_train1
400	Q0	49:9-10	5	0.8991667032241821	bienc_train1
400	Q0	60:12-13	6	0.8984476327896118	bienc_train1
400	Q0	5:32-34	7	0.8925207853317261	bienc_train1
400	Q0	3:110-115	8	0.8923787474632263	bienc_train1
400	Q0	9:7-11	9	0.8832715749740601	bienc_train1
400	Q0	4:88-89	10	0.8774971961975098	bienc_train1
401	Q0	10:61-61	1	0.8881222009658813	bienc_train1
401	Q0	34:3-5	2	0.8637634515762329	bienc_train1
401	Q0	34:20-23	3	0.8412767052650452	bienc_train1
401	Q0	99:1-8	4	0.7927031517028809	bienc_train1
401	Q0	4:36-40	5	0.7753100395202637	bienc_train1
401	Q0	45:16-20	6	0.7336188554763794	bienc_train1
401	Q0	3:152-155	7	0.7204940319061279	bienc_train1
401	Q0	13:8-11	8	0.7097419500350952	bienc_train1
401	Q0	45:27-35	9	0.6989015936851501	bienc_train1
401	Q0	18:83-89	10	0.6980476975440979	bienc_train1
402	Q0	9:30-31	1	0.8372224569320679	bienc_train1
402	Q0	2:78-79	2	0.7511312365531921	bienc_train1
402	Q0	3:78-80	3	0.7021712064743042	bienc_train1
402	Q0	3:187-189	4	0.7003997564315796	bienc_train1
402	Q0	2:74-75	5	0.6901001334190369	bienc_train1
402	Q0	5:41-43	6	0.6570831537246704	bienc_train1
402	Q0	5:12-13	7	0.6141581535339355	bienc_train1
402	Q0	4:44-46	8	0.5916273593902588	bienc_train1
402	Q0	82:9-12	9	0.5888460874557495	bienc_train1
402	Q0	85:17-22	10	0.5572856068611145	bienc_train1
404	Q0	3:54-58	1	0.8196501731872559	bienc_train1
404	Q0	5:116-120	2	0.8135268092155457	bienc_train1
404	Q0	4:153-161	3	0.7995544075965881	bienc_train1
404	Q0	5:112-115	4	0.7026429176330566	bienc_train1
404	Q0	62:5-8	5	0.6935182213783264	bienc_train1
404	Q0	3:52-53	6	0.6725268959999084	bienc_train1
404	Q0	57:25-27	7	0.664027214050293	bienc_train1
404	Q0	4:171-172	8	0.6625989675521851	bienc_train1
404	Q0	5:110-111	9	0.6584640145301819	bienc_train1
404	Q0	3:45-51	10	0.6549650430679321	bienc_train1
405	Q0	6:125-127	1	0.8306877613067627	bienc_train1
405	Q0	34:1-2	2	0.5383390784263611	bienc_train1
405	Q0	88:8-16	3	0.5369508266448975	bienc_train1
405	Q0	21:30-35	4	0.535796046257019	bienc_train1
405	Q0	26:69-89	5	0.5327209234237671	bienc_train1
405	Q0	57:1-6	6	0.5223363637924194	bienc_train1
405	Q0	27:59-66	7	0.5171168446540833	bienc_train1
405	Q0	10:31-33	8	0.5137788653373718	bienc_train1
405	Q0	24:41-45	9	0.5115901231765747	bienc_train1
405	Q0	7:204-206	10	0.505683958530426	bienc_train1
407	Q0	2:78-79	1	0.8200857639312744	bienc_train1
407	Q0	9:30-31	2	0.8168319463729858	bienc_train1
407	Q0	3:78-80	3	0.8073484897613525	bienc_train1
407	Q0	2:74-75	4	0.7635231018066406	bienc_train1
407	Q0	3:187-189	5	0.7558286190032959	bienc_train1
407	Q0	5:41-43	6	0.7444133758544922	bienc_train1
407	Q0	4:44-46	7	0.6841280460357666	bienc_train1
407	Q0	5:12-13	8	0.6833997964859009	bienc_train1
407	Q0	82:9-12	9	0.6329796314239502	bienc_train1
407	Q0	85:17-22	10	0.6054898500442505	bienc_train1
408	Q0	47:25-29	1	0.744401752948761	bienc_train1
408	Q0	4:92-93	2	0.7150512933731079	bienc_train1
408	Q0	8:50-51	3	0.6932436227798462	bienc_train1
408	Q0	3:86-91	4	0.6930804252624512	bienc_train1
408	Q0	4:17-18	5	0.68476402759552	bienc_train1
408	Q0	47:1-6	6	0.6820475459098816	bienc_train1
408	Q0	24:4-5	7	0.6754119396209717	bienc_train1
408	Q0	6:93-94	8	0.6745032072067261	bienc_train1
408	Q0	3:10-13	9	0.6695225834846497	bienc_train1
408	Q0	9:73-74	10	0.6683690547943115	bienc_train1
409	Q0	27:15-19	1	0.8958865404129028	bienc_train1
409	Q0	24:41-45	2	0.8699212074279785	bienc_train1
409	Q0	21:78-82	3	0.865739643573761	bienc_train1
409	Q0	38:17-20	4	0.8574044704437256	bienc_train1
409	Q0	27:82-88	5	0.8521195650100708	bienc_train1
409	Q0	2:63-66	6	0.8224037885665894	bienc_train1
409	Q0	34:10-13	7	0.8172942399978638	bienc_train1
409	Q0	27:20-28	8	0.7946578860282898	bienc_train1
409	Q0	37:139-148	9	0.792866051197052	bienc_train1
409	Q0	18:21-22	10	0.7914910912513733	bienc_train1
410	Q0	5:4-5	1	0.7964432835578918	bienc_train1
410	Q0	106:1-4	2	0.6572798490524292	bienc_train1
410	Q0	60:8-9	3	0.656093955039978	bienc_train1
410	Q0	22:25-29	4	0.6380622386932373	bienc_train1
410	Q0	22:30-37	5	0.617666482925415	bienc_train1
410	Q0	3:14-17	6	0.5984385013580322	bienc_train1
410	Q0	12:77-79	7	0.5938854813575745	bienc_train1
410	Q0	31:16-19	8	0.5933884382247925	bienc_train1
410	Q0	22:23-24	9	0.5879052877426147	bienc_train1
410	Q0	2:60-62	10	0.5843559503555298	bienc_train1
411	Q0	75:16-19	1	0.8499265909194946	bienc_train1
411	Q0	41:40-44	2	0.8132086992263794	bienc_train1
411	Q0	15:1-9	3	0.7770290970802307	bienc_train1
411	Q0	10:15-17	4	0.7745805382728577	bienc_train1
411	Q0	43:1-8	5	0.7318378686904907	bienc_train1
411	Q0	41:1-8	6	0.6847906708717346	bienc_train1
411	Q0	13:38-43	7	0.6724783182144165	bienc_train1
411	Q0	85:17-22	8	0.6592506170272827	bienc_train1
411	Q0	2:78-79	9	0.6586533784866333	bienc_train1
411	Q0	7:199-203	10	0.6586464643478394	bienc_train1
412	Q0	2:282-283	1	0.7842808365821838	bienc_train1
412	Q0	4:127-127	2	0.6024366617202759	bienc_train1
412	Q0	60:12-13	3	0.5722378492355347	bienc_train1
412	Q0	98:1-5	4	0.5702061653137207	bienc_train1
412	Q0	47:30-32	5	0.5653350353240967	bienc_train1
412	Q0	2:146-150	6	0.5501885414123535	bienc_train1
412	Q0	24:55-57	7	0.5492992401123047	bienc_train1
412	Q0	9:67-68	8	0.5435900688171387	bienc_train1
412	Q0	4:66-70	9	0.5418298244476318	bienc_train1
412	Q0	9:7-11	10	0.5414952039718628	bienc_train1
413	Q0	7:141-141	1	0.8703432083129883	bienc_train1
413	Q0	2:49-52	2	0.8056597709655762	bienc_train1
413	Q0	14:5-8	3	0.7785950899124146	bienc_train1
413	Q0	33:25-27	4	0.6017757654190063	bienc_train1
413	Q0	60:12-13	5	0.5966530442237854	bienc_train1
413	Q0	3:110-115	6	0.587030291557312	bienc_train1
413	Q0	3:21-22	7	0.5767720341682434	bienc_train1
413	Q0	2:83-86	8	0.5672276020050049	bienc_train1
413	Q0	6:151-153	9	0.5654507875442505	bienc_train1
413	Q0	9:67-68	10	0.5553590655326843	bienc_train1
414	Q0	4:58-59	1	0.9432640075683594	bienc_train1
414	Q0	48:16-17	2	0.9374934434890747	bienc_train1
414	Q0	4:66-70	3	0.9294067025184631	bienc_train1
414	Q0	24:55-57	4	0.9284666776657104	bienc_train1
414	Q0	2:151-153	5	0.9277359843254089	bienc_train1
414	Q0	33:69-71	6	0.9265455603599548	bienc_train1
414	Q0	9:71-72	7	0.9261655211448669	bienc_train1
414	Q0	5:90-93	8	0.9247609376907349	bienc_train1
414	Q0	64:11-13	9	0.9242226481437683	bienc_train1
414	Q0	4:64-65	10	0.9206364154815674	bienc_train1
415	Q0	4:58-59	1	0.9467467069625854	bienc_train1
415	Q0	48:16-17	2	0.9400209188461304	bienc_train1
415	Q0	9:71-72	3	0.9364023208618164	bienc_train1
415	Q0	64:11-13	4	0.9325907826423645	bienc_train1
415	Q0	4:66-70	5	0.9258692264556885	bienc_train1
415	Q0	24:55-57	6	0.9201521873474121	bienc_train1
415	Q0	49:6-8	7	0.9181997776031494	bienc_train1
415	Q0	58:12-13	8	0.9161723852157593	bienc_train1
415	Q0	33:69-71	9	0.915425181388855	bienc_train1
415	Q0	5:90-93	10	0.9136970043182373	bienc_train1
416	Q0	2:208-210	1	0.8585048913955688	bienc_train1
416	Q0	4:94-94	2	0.8091608285903931	bienc_train1
416	Q0	6:53-58	3	0.7773749232292175	bienc_train1
416	Q0	8:55-61	4	0.7733880877494812	bienc_train1
416	Q0	4:90-91	5	0.7523522973060608	bienc_train1
416	Q0	28:51-56	6	0.7282592058181763	bienc_train1
416	Q0	43:81-89	7	0.7278612852096558	bienc_train1
416	Q0	6:161-163	8	0.7180285453796387	bienc_train1
416	Q0	5:15-17	9	0.7085251808166504	bienc_train1
416	Q0	16:125-128	10	0.6971162557601929	bienc_train1
417	Q0	2:256-256	1	0.8933379054069519	bienc_train1
417	Q0	27:89-93	2	0.8542219400405884	bienc_train1
417	Q0	39:41-41	3	0.8516584634780884	bienc_train1
417	Q0	109:1-6	4	0.8038567304611206	bienc_train1
417	Q0	18:29-31	5	0.7839604020118713	bienc_train1
417	Q0	17:12-17	6	0.7780232429504395	bienc_train1
417	Q0	76:29-31	7	0.6931582689285278	bienc_train1
417	Q0	91:1-10	8	0.6862424612045288	bienc_train1
417	Q0	78:38-40	9	0.6791716814041138	bienc_train1
417	Q0	41:45-46	10	0.6286406517028809	bienc_train1
418	Q0	27:89-93	1	0.5461457371711731	bienc_train1
418	Q0	2:256-256	2	0.5353670120239258	bienc_train1
418	Q0	76:29-31	3	0.5151769518852234	bienc_train1
418	Q0	12:23-29	4	0.5091396570205688	bienc_train1
418	Q0	39:41-41	5	0.5051639080047607	bienc_train1
418	Q0	109:1-6	6	0.5012547373771667	bienc_train1
418	Q0	74:49-56	7	0.49621281027793884	bienc_train1
418	Q0	18:78-82	8	0.4678409695625305	bienc_train1
418	Q0	18:29-31	9	0.4633297622203827	bienc_train1
418	Q0	21:87-88	10	0.45715564489364624	bienc_train1
421	Q0	15:1-9	1	0.905258059501648	bienc_train1
421	Q0	10:15-17	2	0.9032508730888367	bienc_train1
421	Q0	13:38-43	3	0.8947048187255859	bienc_train1
421	Q0	18:27-28	4	0.8943522572517395	bienc_train1
421	Q0	75:16-19	5	0.8925853967666626	bienc_train1
421	Q0	7:199-203	6	0.8896468877792358	bienc_train1
421	Q0	41:1-8	7	0.8876607418060303	bienc_train1
421	Q0	2:40-48	8	0.8837430477142334	bienc_train1
421	Q0	85:17-22	9	0.8825526237487793	bienc_train1
421	Q0	17:71-77	10	0.8813251256942749	bienc_train1
422	Q0	20:9-16	1	0.8599917888641357	bienc_train1
422	Q0	17:1-1	2	0.8470132350921631	bienc_train1
422	Q0	3:95-97	3	0.8059923648834229	bienc_train1
422	Q0	79:15-26	4	0.796118974685669	bienc_train1
422	Q0	5:20-26	5	0.7787249088287354	bienc_train1
422	Q0	26:52-68	6	0.7266789674758911	bienc_train1
422	Q0	20:38-48	7	0.7039346694946289	bienc_train1
422	Q0	89:1-14	8	0.6697010397911072	bienc_train1
422	Q0	17:101-104	9	0.6665183305740356	bienc_train1
422	Q0	43:46-56	10	0.6650686264038086	bienc_train1
423	Q0	10:15-17	1	0.7396174073219299	bienc_train1
423	Q0	2:106-108	2	0.7336115837097168	bienc_train1
423	Q0	13:38-43	3	0.7062980532646179	bienc_train1
423	Q0	15:1-9	4	0.6257472038269043	bienc_train1
423	Q0	75:16-19	5	0.6188461780548096	bienc_train1
423	Q0	85:17-22	6	0.6054015159606934	bienc_train1
423	Q0	18:27-28	7	0.605148196220398	bienc_train1
423	Q0	41:40-44	8	0.5942177772521973	bienc_train1
423	Q0	6:112-113	9	0.5896357297897339	bienc_train1
423	Q0	6:114-117	10	0.5828415155410767	bienc_train1
425	Q0	57:25-27	1	0.538277268409729	bienc_train1
425	Q0	14:35-41	2	0.5025209188461304	bienc_train1
425	Q0	62:1-4	3	0.49677014350891113	bienc_train1
425	Q0	35:1-4	4	0.49484336376190186	bienc_train1
425	Q0	11:84-88	5	0.4932478070259094	bienc_train1
425	Q0	3:33-41	6	0.4929172396659851	bienc_train1
425	Q0	66:10-12	7	0.48946648836135864	bienc_train1
425	Q0	7:204-206	8	0.48934805393218994	bienc_train1
425	Q0	19:41-50	9	0.48607146739959717	bienc_train1
425	Q0	64:1-4	10	0.4837385416030884	bienc_train1
426	Q0	5:57-58	1	0.8332177400588989	bienc_train1
426	Q0	5:51-53	2	0.8207736015319824	bienc_train1
426	Q0	2:189-189	3	0.5423184037208557	bienc_train1
426	Q0	7:167-171	4	0.5233262181282043	bienc_train1
426	Q0	5:106-108	5	0.5092853307723999	bienc_train1
426	Q0	29:36-37	6	0.5062086582183838	bienc_train1
426	Q0	5:89-89	7	0.5059159994125366	bienc_train1
426	Q0	4:137-139	8	0.5043025016784668	bienc_train1
426	Q0	23:51-61	9	0.5016940832138062	bienc_train1
426	Q0	2:120-121	10	0.5014339685440063	bienc_train1
427	Q0	29:46-47	1	0.6455684304237366	bienc_train1
427	Q0	2:99-101	2	0.5018775463104248	bienc_train1
427	Q0	5:57-58	3	0.48748043179512024	bienc_train1
427	Q0	33:7-8	4	0.48695462942123413	bienc_train1
427	Q0	42:13-15	5	0.47943922877311707	bienc_train1
427	Q0	2:238-239	6	0.47805845737457275	bienc_train1
427	Q0	7:157-158	7	0.4768914580345154	bienc_train1
427	Q0	5:103-105	8	0.4688422977924347	bienc_train1
427	Q0	4:162-162	9	0.4676316976547241	bienc_train1
427	Q0	16:63-64	10	0.4638683795928955	bienc_train1
