101	Q0	29:36-37	1	0.6661365032196045	SimCSE_bitrain40
101	Q0	11:84-88	2	0.640013575553894	SimCSE_bitrain40
101	Q0	7:85-93	3	0.635455310344696	SimCSE_bitrain40
101	Q0	26:176-191	4	0.6226842999458313	SimCSE_bitrain40
101	Q0	11:89-95	5	0.5314360857009888	SimCSE_bitrain40
101	Q0	38:17-20	6	0.5176856517791748	SimCSE_bitrain40
101	Q0	31:33-34	7	0.5098567008972168	SimCSE_bitrain40
101	Q0	9:60-61	8	0.5054609775543213	SimCSE_bitrain40
101	Q0	22:30-37	9	0.4995634853839874	SimCSE_bitrain40
101	Q0	57:7-11	10	0.49947401881217957	SimCSE_bitrain40
102	Q0	7:103-108	1	0.6212648749351501	SimCSE_bitrain40
102	Q0	23:45-50	2	0.6205681562423706	SimCSE_bitrain40
102	Q0	20:17-24	3	0.6108097434043884	SimCSE_bitrain40
102	Q0	29:38-40	4	0.6055266857147217	SimCSE_bitrain40
102	Q0	43:46-56	5	0.6039143800735474	SimCSE_bitrain40
102	Q0	17:101-104	6	0.6024029850959778	SimCSE_bitrain40
102	Q0	32:23-27	7	0.6020506620407104	SimCSE_bitrain40
102	Q0	79:15-26	8	0.6010270118713379	SimCSE_bitrain40
102	Q0	40:23-27	9	0.5982714891433716	SimCSE_bitrain40
102	Q0	51:38-46	10	0.5879193544387817	SimCSE_bitrain40
103	Q0	2:124-129	1	0.5427687168121338	SimCSE_bitrain40
103	Q0	14:35-41	2	0.5224007964134216	SimCSE_bitrain40
103	Q0	27:45-53	3	0.5213590860366821	SimCSE_bitrain40
103	Q0	3:95-97	4	0.5198016166687012	SimCSE_bitrain40
103	Q0	7:73-79	5	0.5146281719207764	SimCSE_bitrain40
103	Q0	54:23-32	6	0.5132573843002319	SimCSE_bitrain40
103	Q0	11:61-68	7	0.5107050538063049	SimCSE_bitrain40
103	Q0	20:86-94	8	0.5052529573440552	SimCSE_bitrain40
103	Q0	7:159-162	9	0.5042134523391724	SimCSE_bitrain40
103	Q0	26:141-159	10	0.5032923221588135	SimCSE_bitrain40
105	Q0	38:41-44	1	0.5642520785331726	SimCSE_bitrain40
105	Q0	85:17-22	2	0.5636171102523804	SimCSE_bitrain40
105	Q0	21:83-86	3	0.5307925939559937	SimCSE_bitrain40
105	Q0	47:25-29	4	0.525990903377533	SimCSE_bitrain40
105	Q0	54:18-22	5	0.5132856369018555	SimCSE_bitrain40
105	Q0	3:145-148	6	0.506494402885437	SimCSE_bitrain40
105	Q0	22:25-29	7	0.504706621170044	SimCSE_bitrain40
105	Q0	11:103-108	8	0.5012294054031372	SimCSE_bitrain40
105	Q0	20:86-94	9	0.49839696288108826	SimCSE_bitrain40
105	Q0	76:12-22	10	0.4983104169368744	SimCSE_bitrain40
106	Q0	3:33-41	1	0.543886661529541	SimCSE_bitrain40
106	Q0	19:16-33	2	0.5105710625648499	SimCSE_bitrain40
106	Q0	7:19-25	3	0.502850353717804	SimCSE_bitrain40
106	Q0	33:49-52	4	0.5025599002838135	SimCSE_bitrain40
106	Q0	69:13-18	5	0.5004453659057617	SimCSE_bitrain40
106	Q0	4:32-33	6	0.4993704557418823	SimCSE_bitrain40
106	Q0	4:22-24	7	0.4986485242843628	SimCSE_bitrain40
106	Q0	46:15-18	8	0.4938594102859497	SimCSE_bitrain40
106	Q0	65:4-7	9	0.4919860363006592	SimCSE_bitrain40
106	Q0	19:51-58	10	0.49018651247024536	SimCSE_bitrain40
107	Q0	104:1-9	1	0.6344228982925415	SimCSE_bitrain40
107	Q0	101:1-5	2	0.6344177722930908	SimCSE_bitrain40
107	Q0	2:63-66	3	0.6079844832420349	SimCSE_bitrain40
107	Q0	44:34-39	4	0.6037137508392334	SimCSE_bitrain40
107	Q0	79:6-14	5	0.603430986404419	SimCSE_bitrain40
107	Q0	88:17-20	6	0.6030102372169495	SimCSE_bitrain40
107	Q0	46:21-25	7	0.6007958650588989	SimCSE_bitrain40
107	Q0	3:181-184	8	0.5993166565895081	SimCSE_bitrain40
107	Q0	69:25-37	9	0.5989104509353638	SimCSE_bitrain40
107	Q0	21:11-15	10	0.5985556244850159	SimCSE_bitrain40
108	Q0	85:17-22	1	0.6140109896659851	SimCSE_bitrain40
108	Q0	23:45-50	2	0.5515583753585815	SimCSE_bitrain40
108	Q0	20:25-37	3	0.5501272082328796	SimCSE_bitrain40
108	Q0	20:86-94	4	0.5329064726829529	SimCSE_bitrain40
108	Q0	54:18-22	5	0.5311442613601685	SimCSE_bitrain40
108	Q0	25:35-40	6	0.5252164602279663	SimCSE_bitrain40
108	Q0	7:142-143	7	0.5210316181182861	SimCSE_bitrain40
108	Q0	20:38-48	8	0.5186372995376587	SimCSE_bitrain40
108	Q0	69:13-18	9	0.5173739194869995	SimCSE_bitrain40
108	Q0	7:150-153	10	0.5146961212158203	SimCSE_bitrain40
109	Q0	101:1-5	1	0.749313473701477	SimCSE_bitrain40
109	Q0	74:49-56	2	0.6510688066482544	SimCSE_bitrain40
109	Q0	76:5-11	3	0.6304413080215454	SimCSE_bitrain40
109	Q0	2:63-66	4	0.6271543502807617	SimCSE_bitrain40
109	Q0	6:141-142	5	0.623615562915802	SimCSE_bitrain40
109	Q0	9:38-40	6	0.6036896705627441	SimCSE_bitrain40
109	Q0	8:50-51	7	0.5994898080825806	SimCSE_bitrain40
109	Q0	78:21-30	8	0.5984693765640259	SimCSE_bitrain40
109	Q0	14:13-18	9	0.5951434969902039	SimCSE_bitrain40
109	Q0	12:43-49	10	0.5890811085700989	SimCSE_bitrain40
110	Q0	101:1-5	1	0.5743480920791626	SimCSE_bitrain40
110	Q0	12:43-49	2	0.5353009700775146	SimCSE_bitrain40
110	Q0	2:63-66	3	0.5351825952529907	SimCSE_bitrain40
110	Q0	20:115-122	4	0.529316782951355	SimCSE_bitrain40
110	Q0	79:6-14	5	0.5291006565093994	SimCSE_bitrain40
110	Q0	62:5-8	6	0.5272781252861023	SimCSE_bitrain40
110	Q0	85:17-22	7	0.527198076248169	SimCSE_bitrain40
110	Q0	76:27-28	8	0.5254594087600708	SimCSE_bitrain40
110	Q0	2:58-59	9	0.5229567289352417	SimCSE_bitrain40
110	Q0	46:21-25	10	0.5219017267227173	SimCSE_bitrain40
111	Q0	23:17-22	1	0.5982431173324585	SimCSE_bitrain40
111	Q0	88:17-20	2	0.5915234088897705	SimCSE_bitrain40
111	Q0	20:86-94	3	0.5883645415306091	SimCSE_bitrain40
111	Q0	20:38-48	4	0.5868830680847168	SimCSE_bitrain40
111	Q0	2:260-260	5	0.5868184566497803	SimCSE_bitrain40
111	Q0	2:189-189	6	0.5805472135543823	SimCSE_bitrain40
111	Q0	78:6-16	7	0.5804166793823242	SimCSE_bitrain40
111	Q0	27:45-53	8	0.5802800059318542	SimCSE_bitrain40
111	Q0	89:1-14	9	0.5797092914581299	SimCSE_bitrain40
111	Q0	12:43-49	10	0.578748881816864	SimCSE_bitrain40
112	Q0	18:7-8	1	0.512883722782135	SimCSE_bitrain40
112	Q0	85:17-22	2	0.5031781196594238	SimCSE_bitrain40
112	Q0	7:142-143	3	0.4947150647640228	SimCSE_bitrain40
112	Q0	51:38-46	4	0.4864577054977417	SimCSE_bitrain40
112	Q0	69:13-18	5	0.4777500033378601	SimCSE_bitrain40
112	Q0	2:63-66	6	0.47680309414863586	SimCSE_bitrain40
112	Q0	26:52-68	7	0.46916458010673523	SimCSE_bitrain40
112	Q0	27:20-28	8	0.4623224139213562	SimCSE_bitrain40
112	Q0	23:78-92	9	0.461539626121521	SimCSE_bitrain40
112	Q0	54:1-8	10	0.4597504734992981	SimCSE_bitrain40
115	Q0	91:11-15	1	0.6712473034858704	SimCSE_bitrain40
115	Q0	69:1-8	2	0.6421746015548706	SimCSE_bitrain40
115	Q0	7:73-79	3	0.6394981741905212	SimCSE_bitrain40
115	Q0	11:61-68	4	0.6343194842338562	SimCSE_bitrain40
115	Q0	17:59-60	5	0.6204670667648315	SimCSE_bitrain40
115	Q0	41:13-18	6	0.6122384667396545	SimCSE_bitrain40
115	Q0	27:45-53	7	0.6117722988128662	SimCSE_bitrain40
115	Q0	54:23-32	8	0.6098999977111816	SimCSE_bitrain40
115	Q0	51:38-46	9	0.5992206335067749	SimCSE_bitrain40
115	Q0	101:1-5	10	0.5963137149810791	SimCSE_bitrain40
116	Q0	2:275-276	1	0.5447643995285034	SimCSE_bitrain40
116	Q0	3:130-132	2	0.5190513134002686	SimCSE_bitrain40
116	Q0	9:34-35	3	0.5126399993896484	SimCSE_bitrain40
116	Q0	2:219-219	4	0.5089168548583984	SimCSE_bitrain40
116	Q0	92:8-11	5	0.5058493614196777	SimCSE_bitrain40
116	Q0	70:36-39	6	0.49285489320755005	SimCSE_bitrain40
116	Q0	4:12-14	7	0.48828020691871643	SimCSE_bitrain40
116	Q0	2:243-245	8	0.48817896842956543	SimCSE_bitrain40
116	Q0	4:29-30	9	0.48639240860939026	SimCSE_bitrain40
116	Q0	63:9-11	10	0.48563700914382935	SimCSE_bitrain40
118	Q0	5:106-108	1	0.6343716382980347	SimCSE_bitrain40
118	Q0	4:34-35	2	0.6339699625968933	SimCSE_bitrain40
118	Q0	4:32-33	3	0.6268287897109985	SimCSE_bitrain40
118	Q0	9:117-121	4	0.6244625449180603	SimCSE_bitrain40
118	Q0	2:177-177	5	0.6235894560813904	SimCSE_bitrain40
118	Q0	4:12-14	6	0.6224149465560913	SimCSE_bitrain40
118	Q0	12:77-79	7	0.6216930150985718	SimCSE_bitrain40
118	Q0	58:7-10	8	0.6207224130630493	SimCSE_bitrain40
118	Q0	25:63-77	9	0.6201218366622925	SimCSE_bitrain40
118	Q0	4:90-91	10	0.6199648380279541	SimCSE_bitrain40
119	Q0	44:40-50	1	0.6473936438560486	SimCSE_bitrain40
119	Q0	56:41-56	2	0.6196203231811523	SimCSE_bitrain40
119	Q0	37:62-74	3	0.5615404844284058	SimCSE_bitrain40
119	Q0	51:38-46	4	0.5454728603363037	SimCSE_bitrain40
119	Q0	101:1-5	5	0.5446643233299255	SimCSE_bitrain40
119	Q0	23:17-22	6	0.5432738065719604	SimCSE_bitrain40
119	Q0	12:43-49	7	0.5380971431732178	SimCSE_bitrain40
119	Q0	27:20-28	8	0.5247989892959595	SimCSE_bitrain40
119	Q0	27:15-19	9	0.522650957107544	SimCSE_bitrain40
119	Q0	69:1-8	10	0.5217568874359131	SimCSE_bitrain40
120	Q0	27:15-19	1	0.5948790311813354	SimCSE_bitrain40
120	Q0	21:78-82	2	0.5801631808280945	SimCSE_bitrain40
120	Q0	38:17-20	3	0.570580780506134	SimCSE_bitrain40
120	Q0	85:17-22	4	0.5200954675674438	SimCSE_bitrain40
120	Q0	34:10-13	5	0.5194648504257202	SimCSE_bitrain40
120	Q0	37:139-148	6	0.5038678646087646	SimCSE_bitrain40
120	Q0	68:48-52	7	0.5036090612411499	SimCSE_bitrain40
120	Q0	18:60-77	8	0.49387288093566895	SimCSE_bitrain40
120	Q0	38:21-26	9	0.48738768696784973	SimCSE_bitrain40
120	Q0	16:77-79	10	0.48324763774871826	SimCSE_bitrain40
121	Q0	4:11-12	1	0.6229874491691589	SimCSE_bitrain40
121	Q0	31:14-15	2	0.5264149904251099	SimCSE_bitrain40
121	Q0	4:12-14	3	0.5162225961685181	SimCSE_bitrain40
121	Q0	4:176-176	4	0.4757255017757416	SimCSE_bitrain40
121	Q0	90:1-4	5	0.46466484665870667	SimCSE_bitrain40
121	Q0	2:180-182	6	0.4584187865257263	SimCSE_bitrain40
121	Q0	2:240-242	7	0.4543740749359131	SimCSE_bitrain40
121	Q0	5:106-108	8	0.4435117244720459	SimCSE_bitrain40
121	Q0	2:233-233	9	0.44313138723373413	SimCSE_bitrain40
121	Q0	2:130-134	10	0.43485769629478455	SimCSE_bitrain40
122	Q0	3:33-41	1	0.6129469871520996	SimCSE_bitrain40
122	Q0	19:1-11	2	0.5834704637527466	SimCSE_bitrain40
122	Q0	85:17-22	3	0.529072105884552	SimCSE_bitrain40
122	Q0	19:51-58	4	0.5215532779693604	SimCSE_bitrain40
122	Q0	94:1-4	5	0.5099756121635437	SimCSE_bitrain40
122	Q0	66:1-5	6	0.5050283670425415	SimCSE_bitrain40
122	Q0	37:99-113	7	0.5005195140838623	SimCSE_bitrain40
122	Q0	20:86-94	8	0.4996483027935028	SimCSE_bitrain40
122	Q0	66:10-12	9	0.4987207055091858	SimCSE_bitrain40
122	Q0	19:41-50	10	0.48898643255233765	SimCSE_bitrain40
123	Q0	4:22-24	1	0.5994787216186523	SimCSE_bitrain40
123	Q0	33:49-52	2	0.5861756801605225	SimCSE_bitrain40
123	Q0	94:1-4	3	0.5726950764656067	SimCSE_bitrain40
123	Q0	33:53-55	4	0.5725083947181702	SimCSE_bitrain40
123	Q0	69:13-18	5	0.570228099822998	SimCSE_bitrain40
123	Q0	4:11-12	6	0.5677645206451416	SimCSE_bitrain40
123	Q0	2:233-233	7	0.5636231899261475	SimCSE_bitrain40
123	Q0	31:14-15	8	0.5623271465301514	SimCSE_bitrain40
123	Q0	7:80-84	9	0.5615239143371582	SimCSE_bitrain40
123	Q0	2:234-237	10	0.5609840154647827	SimCSE_bitrain40
125	Q0	9:88-89	1	0.551643431186676	SimCSE_bitrain40
125	Q0	9:36-37	2	0.5428060293197632	SimCSE_bitrain40
125	Q0	2:216-218	3	0.5402450561523438	SimCSE_bitrain40
125	Q0	66:9-9	4	0.5314782857894897	SimCSE_bitrain40
125	Q0	3:95-97	5	0.5311416387557983	SimCSE_bitrain40
125	Q0	8:72-75	6	0.5305012464523315	SimCSE_bitrain40
125	Q0	8:62-66	7	0.5221231579780579	SimCSE_bitrain40
125	Q0	9:73-74	8	0.5199645161628723	SimCSE_bitrain40
125	Q0	54:18-22	9	0.5189419388771057	SimCSE_bitrain40
125	Q0	5:35-37	10	0.5138400793075562	SimCSE_bitrain40
127	Q0	44:40-50	1	0.6770110130310059	SimCSE_bitrain40
127	Q0	56:41-56	2	0.6195887327194214	SimCSE_bitrain40
127	Q0	101:1-5	3	0.5368126630783081	SimCSE_bitrain40
127	Q0	37:62-74	4	0.5267463326454163	SimCSE_bitrain40
127	Q0	37:139-148	5	0.5261455178260803	SimCSE_bitrain40
127	Q0	16:10-13	6	0.5113572478294373	SimCSE_bitrain40
127	Q0	23:17-22	7	0.5002152919769287	SimCSE_bitrain40
127	Q0	70:8-18	8	0.4891835153102875	SimCSE_bitrain40
127	Q0	16:65-69	9	0.4830625057220459	SimCSE_bitrain40
127	Q0	38:17-20	10	0.4785400331020355	SimCSE_bitrain40
128	Q0	85:17-22	1	0.5765141844749451	SimCSE_bitrain40
128	Q0	12:23-29	2	0.5464339852333069	SimCSE_bitrain40
128	Q0	94:1-4	3	0.5377881526947021	SimCSE_bitrain40
128	Q0	39:41-41	4	0.5269537568092346	SimCSE_bitrain40
128	Q0	12:16-18	5	0.5236981511116028	SimCSE_bitrain40
128	Q0	47:25-29	6	0.5232919454574585	SimCSE_bitrain40
128	Q0	12:36-42	7	0.5218784809112549	SimCSE_bitrain40
128	Q0	54:18-22	8	0.5208787322044373	SimCSE_bitrain40
128	Q0	38:17-20	9	0.5193874835968018	SimCSE_bitrain40
128	Q0	4:101-103	10	0.5192831754684448	SimCSE_bitrain40
129	Q0	11:41-44	1	0.561892032623291	SimCSE_bitrain40
129	Q0	7:142-143	2	0.5402319431304932	SimCSE_bitrain40
129	Q0	25:56-62	3	0.5191178917884827	SimCSE_bitrain40
129	Q0	21:78-82	4	0.5087589025497437	SimCSE_bitrain40
129	Q0	29:14-15	5	0.506122350692749	SimCSE_bitrain40
129	Q0	13:12-13	6	0.5050574541091919	SimCSE_bitrain40
129	Q0	24:39-40	7	0.5027892589569092	SimCSE_bitrain40
129	Q0	18:60-77	8	0.49685555696487427	SimCSE_bitrain40
129	Q0	38:17-20	9	0.49632027745246887	SimCSE_bitrain40
129	Q0	57:1-6	10	0.4916096031665802	SimCSE_bitrain40
132	Q0	94:1-4	1	0.6274820566177368	SimCSE_bitrain40
132	Q0	31:14-15	2	0.6245579719543457	SimCSE_bitrain40
132	Q0	2:233-233	3	0.6119245290756226	SimCSE_bitrain40
132	Q0	4:12-14	4	0.5899238586425781	SimCSE_bitrain40
132	Q0	4:11-12	5	0.5842747092247009	SimCSE_bitrain40
132	Q0	4:22-24	6	0.5745323896408081	SimCSE_bitrain40
132	Q0	33:53-55	7	0.5712590217590332	SimCSE_bitrain40
132	Q0	6:143-144	8	0.5690609216690063	SimCSE_bitrain40
132	Q0	4:32-33	9	0.5645599365234375	SimCSE_bitrain40
132	Q0	65:4-7	10	0.561095654964447	SimCSE_bitrain40
133	Q0	17:1-1	1	0.6710962057113647	SimCSE_bitrain40
133	Q0	85:17-22	2	0.6183661222457886	SimCSE_bitrain40
133	Q0	53:1-18	3	0.5824094414710999	SimCSE_bitrain40
133	Q0	39:41-41	4	0.5219836235046387	SimCSE_bitrain40
133	Q0	33:60-62	5	0.5209484100341797	SimCSE_bitrain40
133	Q0	47:25-29	6	0.518283486366272	SimCSE_bitrain40
133	Q0	3:95-97	7	0.5153592824935913	SimCSE_bitrain40
133	Q0	18:9-16	8	0.5112791061401367	SimCSE_bitrain40
133	Q0	74:32-37	9	0.5053191781044006	SimCSE_bitrain40
133	Q0	21:91-91	10	0.5051088333129883	SimCSE_bitrain40
136	Q0	4:22-24	1	0.6116770505905151	SimCSE_bitrain40
136	Q0	4:11-12	2	0.6027538776397705	SimCSE_bitrain40
136	Q0	2:234-237	3	0.60206139087677	SimCSE_bitrain40
136	Q0	4:2-6	4	0.5939694046974182	SimCSE_bitrain40
136	Q0	4:12-14	5	0.5788136720657349	SimCSE_bitrain40
136	Q0	33:53-55	6	0.573084831237793	SimCSE_bitrain40
136	Q0	4:19-21	7	0.5712877511978149	SimCSE_bitrain40
136	Q0	33:49-52	8	0.5705775022506714	SimCSE_bitrain40
136	Q0	2:228-230	9	0.567846417427063	SimCSE_bitrain40
136	Q0	4:32-33	10	0.5508447885513306	SimCSE_bitrain40
137	Q0	21:89-90	1	0.6963781118392944	SimCSE_bitrain40
137	Q0	4:2-6	2	0.6923065185546875	SimCSE_bitrain40
137	Q0	19:1-11	3	0.6732571721076965	SimCSE_bitrain40
137	Q0	48:10-13	4	0.6711995005607605	SimCSE_bitrain40
137	Q0	2:228-230	5	0.6678298711776733	SimCSE_bitrain40
137	Q0	5:12-13	6	0.6633003354072571	SimCSE_bitrain40
137	Q0	17:22-30	7	0.6589478254318237	SimCSE_bitrain40
137	Q0	4:36-40	8	0.6553301811218262	SimCSE_bitrain40
137	Q0	9:117-121	9	0.6540430784225464	SimCSE_bitrain40
137	Q0	57:22-24	10	0.6534286141395569	SimCSE_bitrain40
138	Q0	37:139-148	1	0.6304984092712402	SimCSE_bitrain40
138	Q0	68:48-52	2	0.5507626533508301	SimCSE_bitrain40
138	Q0	21:87-88	3	0.5128157138824463	SimCSE_bitrain40
138	Q0	78:6-16	4	0.5094044208526611	SimCSE_bitrain40
138	Q0	38:17-20	5	0.5093808770179749	SimCSE_bitrain40
138	Q0	94:1-4	6	0.4939154386520386	SimCSE_bitrain40
138	Q0	101:1-5	7	0.4907398819923401	SimCSE_bitrain40
138	Q0	2:172-173	8	0.4900800585746765	SimCSE_bitrain40
138	Q0	2:63-66	9	0.48640206456184387	SimCSE_bitrain40
138	Q0	12:16-18	10	0.4773469567298889	SimCSE_bitrain40
139	Q0	4:92-93	1	0.6011201739311218	SimCSE_bitrain40
139	Q0	7:141-141	2	0.5445446372032166	SimCSE_bitrain40
139	Q0	24:4-5	3	0.5344855189323425	SimCSE_bitrain40
139	Q0	2:178-179	4	0.5228039026260376	SimCSE_bitrain40
139	Q0	28:33-35	5	0.49172133207321167	SimCSE_bitrain40
139	Q0	5:32-34	6	0.4879913926124573	SimCSE_bitrain40
139	Q0	85:10-11	7	0.4869435429573059	SimCSE_bitrain40
139	Q0	25:63-77	8	0.4851304888725281	SimCSE_bitrain40
139	Q0	66:9-9	9	0.48459869623184204	SimCSE_bitrain40
139	Q0	8:50-51	10	0.48281991481781006	SimCSE_bitrain40
140	Q0	4:92-93	1	0.6091803908348083	SimCSE_bitrain40
140	Q0	2:178-179	2	0.5321969985961914	SimCSE_bitrain40
140	Q0	8:50-51	3	0.5318907499313354	SimCSE_bitrain40
140	Q0	25:63-77	4	0.5243793725967407	SimCSE_bitrain40
140	Q0	4:15-16	5	0.5203981995582581	SimCSE_bitrain40
140	Q0	4:12-14	6	0.5166060924530029	SimCSE_bitrain40
140	Q0	7:141-141	7	0.5154218673706055	SimCSE_bitrain40
140	Q0	9:67-68	8	0.513847291469574	SimCSE_bitrain40
140	Q0	9:101-106	9	0.509706974029541	SimCSE_bitrain40
140	Q0	4:22-24	10	0.5092244744300842	SimCSE_bitrain40
141	Q0	2:189-189	1	0.6382324695587158	SimCSE_bitrain40
141	Q0	4:41-42	2	0.6336634159088135	SimCSE_bitrain40
141	Q0	5:4-5	3	0.6299875974655151	SimCSE_bitrain40
141	Q0	60:8-9	4	0.6295683979988098	SimCSE_bitrain40
141	Q0	83:1-6	5	0.6277847290039062	SimCSE_bitrain40
141	Q0	6:145-147	6	0.6264004707336426	SimCSE_bitrain40
141	Q0	9:100-100	7	0.6263586282730103	SimCSE_bitrain40
141	Q0	33:69-71	8	0.6247086524963379	SimCSE_bitrain40
141	Q0	2:177-177	9	0.623840868473053	SimCSE_bitrain40
141	Q0	9:71-72	10	0.6228601932525635	SimCSE_bitrain40
142	Q0	69:13-18	1	0.6157208681106567	SimCSE_bitrain40
142	Q0	23:78-92	2	0.5080541372299194	SimCSE_bitrain40
142	Q0	20:86-94	3	0.5042253732681274	SimCSE_bitrain40
142	Q0	2:260-260	4	0.5017403364181519	SimCSE_bitrain40
142	Q0	43:81-89	5	0.5008731484413147	SimCSE_bitrain40
142	Q0	37:139-148	6	0.5006921887397766	SimCSE_bitrain40
142	Q0	72:1-7	7	0.4923543930053711	SimCSE_bitrain40
142	Q0	62:5-8	8	0.4904845952987671	SimCSE_bitrain40
142	Q0	20:115-122	9	0.4894089102745056	SimCSE_bitrain40
142	Q0	53:19-30	10	0.48774459958076477	SimCSE_bitrain40
143	Q0	56:11-26	1	0.6360973715782166	SimCSE_bitrain40
143	Q0	16:65-69	2	0.604556679725647	SimCSE_bitrain40
143	Q0	76:12-22	3	0.5995303988456726	SimCSE_bitrain40
143	Q0	26:10-22	4	0.5979223251342773	SimCSE_bitrain40
143	Q0	47:12-15	5	0.5975824594497681	SimCSE_bitrain40
143	Q0	7:103-108	6	0.5956346392631531	SimCSE_bitrain40
143	Q0	12:43-49	7	0.5946826338768005	SimCSE_bitrain40
143	Q0	28:29-32	8	0.5942723751068115	SimCSE_bitrain40
143	Q0	27:7-14	9	0.5922607183456421	SimCSE_bitrain40
143	Q0	20:17-24	10	0.5916763544082642	SimCSE_bitrain40
144	Q0	54:18-22	1	0.5282626152038574	SimCSE_bitrain40
144	Q0	5:78-81	2	0.5208253860473633	SimCSE_bitrain40
144	Q0	12:4-6	3	0.5115960836410522	SimCSE_bitrain40
144	Q0	72:1-7	4	0.509724497795105	SimCSE_bitrain40
144	Q0	4:153-161	5	0.5059281587600708	SimCSE_bitrain40
144	Q0	5:51-53	6	0.5010097026824951	SimCSE_bitrain40
144	Q0	3:52-53	7	0.49920356273651123	SimCSE_bitrain40
144	Q0	11:49-49	8	0.49893373250961304	SimCSE_bitrain40
144	Q0	5:72-73	9	0.49756914377212524	SimCSE_bitrain40
144	Q0	54:33-42	10	0.49722054600715637	SimCSE_bitrain40
145	Q0	7:103-108	1	0.6763892769813538	SimCSE_bitrain40
145	Q0	28:76-80	2	0.6650733947753906	SimCSE_bitrain40
145	Q0	40:23-27	3	0.6541186571121216	SimCSE_bitrain40
145	Q0	20:17-24	4	0.6480822563171387	SimCSE_bitrain40
145	Q0	29:38-40	5	0.6470977663993835	SimCSE_bitrain40
145	Q0	51:38-46	6	0.6467187404632568	SimCSE_bitrain40
145	Q0	17:101-104	7	0.6436363458633423	SimCSE_bitrain40
145	Q0	88:17-20	8	0.6371300220489502	SimCSE_bitrain40
145	Q0	38:17-20	9	0.6371026039123535	SimCSE_bitrain40
145	Q0	20:38-48	10	0.6369682550430298	SimCSE_bitrain40
146	Q0	58:1-4	1	0.5288571119308472	SimCSE_bitrain40
146	Q0	2:256-256	2	0.5268963575363159	SimCSE_bitrain40
146	Q0	9:101-106	3	0.5064531564712524	SimCSE_bitrain40
146	Q0	24:4-5	4	0.5038918256759644	SimCSE_bitrain40
146	Q0	9:41-41	5	0.49949392676353455	SimCSE_bitrain40
146	Q0	7:141-141	6	0.4975144565105438	SimCSE_bitrain40
146	Q0	2:49-52	7	0.4967067837715149	SimCSE_bitrain40
146	Q0	4:97-100	8	0.495577871799469	SimCSE_bitrain40
146	Q0	33:4-6	9	0.49495771527290344	SimCSE_bitrain40
146	Q0	53:31-41	10	0.49374130368232727	SimCSE_bitrain40
147	Q0	5:89-89	1	0.5545081496238708	SimCSE_bitrain40
147	Q0	4:25-25	2	0.5197609663009644	SimCSE_bitrain40
147	Q0	74:32-37	3	0.5185124278068542	SimCSE_bitrain40
147	Q0	69:25-37	4	0.5183319449424744	SimCSE_bitrain40
147	Q0	2:208-210	5	0.5145868062973022	SimCSE_bitrain40
147	Q0	2:189-189	6	0.5131571292877197	SimCSE_bitrain40
147	Q0	88:17-20	7	0.5125460624694824	SimCSE_bitrain40
147	Q0	9:41-41	8	0.5116672515869141	SimCSE_bitrain40
147	Q0	20:38-48	9	0.5115276575088501	SimCSE_bitrain40
147	Q0	4:101-103	10	0.5111704468727112	SimCSE_bitrain40
149	Q0	43:81-89	1	0.5079172253608704	SimCSE_bitrain40
149	Q0	19:88-95	2	0.503665566444397	SimCSE_bitrain40
149	Q0	10:65-70	3	0.49569204449653625	SimCSE_bitrain40
149	Q0	16:65-69	4	0.4952588677406311	SimCSE_bitrain40
149	Q0	79:6-14	5	0.4943958520889282	SimCSE_bitrain40
149	Q0	22:1-2	6	0.4941215515136719	SimCSE_bitrain40
149	Q0	37:50-61	7	0.493206262588501	SimCSE_bitrain40
149	Q0	23:17-22	8	0.49312853813171387	SimCSE_bitrain40
149	Q0	72:1-7	9	0.4926067590713501	SimCSE_bitrain40
149	Q0	55:1-13	10	0.4922935664653778	SimCSE_bitrain40
151	Q0	3:78-80	1	0.39356380701065063	SimCSE_bitrain40
151	Q0	29:44-45	2	0.39104875922203064	SimCSE_bitrain40
151	Q0	17:1-1	3	0.37669837474823	SimCSE_bitrain40
151	Q0	3:18-20	4	0.36850640177726746	SimCSE_bitrain40
151	Q0	4:140-143	5	0.36361029744148254	SimCSE_bitrain40
151	Q0	4:44-46	6	0.3626645505428314	SimCSE_bitrain40
151	Q0	9:107-110	7	0.36106109619140625	SimCSE_bitrain40
151	Q0	17:36-39	8	0.3605917692184448	SimCSE_bitrain40
151	Q0	10:104-106	9	0.3605874180793762	SimCSE_bitrain40
151	Q0	29:46-47	10	0.3595288395881653	SimCSE_bitrain40
152	Q0	32:4-9	1	0.6128166317939758	SimCSE_bitrain40
152	Q0	57:1-6	2	0.6007130742073059	SimCSE_bitrain40
152	Q0	41:9-12	3	0.5768734216690063	SimCSE_bitrain40
152	Q0	10:3-6	4	0.5697205662727356	SimCSE_bitrain40
152	Q0	25:56-62	5	0.5684794187545776	SimCSE_bitrain40
152	Q0	11:6-7	6	0.567981481552124	SimCSE_bitrain40
152	Q0	7:54-56	7	0.5486818552017212	SimCSE_bitrain40
152	Q0	50:36-45	8	0.5453914403915405	SimCSE_bitrain40
152	Q0	7:142-143	9	0.5137534737586975	SimCSE_bitrain40
152	Q0	21:30-35	10	0.5064504742622375	SimCSE_bitrain40
153	Q0	97:1-5	1	0.5897138118743896	SimCSE_bitrain40
153	Q0	74:32-37	2	0.5383049249649048	SimCSE_bitrain40
153	Q0	39:41-41	3	0.5142730474472046	SimCSE_bitrain40
153	Q0	7:163-163	4	0.49051207304000854	SimCSE_bitrain40
153	Q0	18:29-31	5	0.4902839660644531	SimCSE_bitrain40
153	Q0	17:12-17	6	0.48375701904296875	SimCSE_bitrain40
153	Q0	94:1-4	7	0.4820815920829773	SimCSE_bitrain40
153	Q0	2:284-286	8	0.47870391607284546	SimCSE_bitrain40
153	Q0	80:17-23	9	0.4775802195072174	SimCSE_bitrain40
153	Q0	74:1-7	10	0.4772179126739502	SimCSE_bitrain40
154	Q0	87:14-19	1	0.6756739616394043	SimCSE_bitrain40
154	Q0	53:31-41	2	0.5376304388046265	SimCSE_bitrain40
154	Q0	23:45-50	3	0.5326114296913147	SimCSE_bitrain40
154	Q0	20:17-24	4	0.5111727714538574	SimCSE_bitrain40
154	Q0	85:17-22	5	0.49885880947113037	SimCSE_bitrain40
154	Q0	17:2-8	6	0.4956775903701782	SimCSE_bitrain40
154	Q0	79:15-26	7	0.4956282377243042	SimCSE_bitrain40
154	Q0	20:25-37	8	0.48408085107803345	SimCSE_bitrain40
154	Q0	20:38-48	9	0.4821762442588806	SimCSE_bitrain40
154	Q0	51:38-46	10	0.4813643991947174	SimCSE_bitrain40
155	Q0	3:45-51	1	0.6112520694732666	SimCSE_bitrain40
155	Q0	5:110-111	2	0.5897821187973022	SimCSE_bitrain40
155	Q0	27:15-19	3	0.5701984167098999	SimCSE_bitrain40
155	Q0	5:44-47	4	0.566467821598053	SimCSE_bitrain40
155	Q0	38:17-20	5	0.5596902370452881	SimCSE_bitrain40
155	Q0	38:21-26	6	0.5586421489715576	SimCSE_bitrain40
155	Q0	34:10-13	7	0.555692195892334	SimCSE_bitrain40
155	Q0	5:116-120	8	0.551273763179779	SimCSE_bitrain40
155	Q0	21:78-82	9	0.549673318862915	SimCSE_bitrain40
155	Q0	57:25-27	10	0.5405230522155762	SimCSE_bitrain40
159	Q0	85:17-22	1	0.5849813222885132	SimCSE_bitrain40
159	Q0	41:1-8	2	0.5745201110839844	SimCSE_bitrain40
159	Q0	5:4-5	3	0.5673818588256836	SimCSE_bitrain40
159	Q0	41:40-44	4	0.5671750903129578	SimCSE_bitrain40
159	Q0	12:43-49	5	0.5662019848823547	SimCSE_bitrain40
159	Q0	3:52-53	6	0.5652961730957031	SimCSE_bitrain40
159	Q0	2:53-57	7	0.5645751953125	SimCSE_bitrain40
159	Q0	38:17-20	8	0.5644384622573853	SimCSE_bitrain40
159	Q0	5:59-60	9	0.5587154030799866	SimCSE_bitrain40
159	Q0	23:17-22	10	0.5566661357879639	SimCSE_bitrain40
160	Q0	5:12-13	1	0.6320068836212158	SimCSE_bitrain40
160	Q0	19:12-15	2	0.6279734969139099	SimCSE_bitrain40
160	Q0	4:36-40	3	0.6258766055107117	SimCSE_bitrain40
160	Q0	88:17-20	4	0.6254323720932007	SimCSE_bitrain40
160	Q0	5:89-89	5	0.6240531206130981	SimCSE_bitrain40
160	Q0	33:69-71	6	0.6210108399391174	SimCSE_bitrain40
160	Q0	53:31-41	7	0.6198574900627136	SimCSE_bitrain40
160	Q0	2:83-86	8	0.6193342804908752	SimCSE_bitrain40
160	Q0	2:284-286	9	0.617866039276123	SimCSE_bitrain40
160	Q0	33:4-6	10	0.6177493333816528	SimCSE_bitrain40
163	Q0	20:86-94	1	0.5579869747161865	SimCSE_bitrain40
163	Q0	51:38-46	2	0.5549802780151367	SimCSE_bitrain40
163	Q0	2:63-66	3	0.5478857755661011	SimCSE_bitrain40
163	Q0	7:159-162	4	0.5439550876617432	SimCSE_bitrain40
163	Q0	20:95-98	5	0.5401511192321777	SimCSE_bitrain40
163	Q0	85:17-22	6	0.5373205542564392	SimCSE_bitrain40
163	Q0	12:43-49	7	0.5371038317680359	SimCSE_bitrain40
163	Q0	46:21-25	8	0.5330979824066162	SimCSE_bitrain40
163	Q0	89:1-14	9	0.5260063409805298	SimCSE_bitrain40
163	Q0	7:150-153	10	0.5240293741226196	SimCSE_bitrain40
164	Q0	13:12-13	1	0.6364555358886719	SimCSE_bitrain40
164	Q0	64:1-4	2	0.63611900806427	SimCSE_bitrain40
164	Q0	62:1-4	3	0.6209661960601807	SimCSE_bitrain40
164	Q0	40:7-9	4	0.6203359365463257	SimCSE_bitrain40
164	Q0	32:15-17	5	0.6201490163803101	SimCSE_bitrain40
164	Q0	17:40-44	6	0.6182070374488831	SimCSE_bitrain40
164	Q0	52:48-49	7	0.6142787337303162	SimCSE_bitrain40
164	Q0	57:1-6	8	0.6063308715820312	SimCSE_bitrain40
164	Q0	61:1-4	9	0.6041086912155151	SimCSE_bitrain40
164	Q0	42:1-6	10	0.5987638235092163	SimCSE_bitrain40
201	Q0	5:106-108	1	0.6465509533882141	SimCSE_bitrain40
201	Q0	2:240-242	2	0.6311368942260742	SimCSE_bitrain40
201	Q0	4:11-12	3	0.6289390921592712	SimCSE_bitrain40
201	Q0	4:12-14	4	0.6223660111427307	SimCSE_bitrain40
201	Q0	2:180-182	5	0.6057186126708984	SimCSE_bitrain40
201	Q0	4:32-33	6	0.5798879265785217	SimCSE_bitrain40
201	Q0	4:7-10	7	0.558193564414978	SimCSE_bitrain40
201	Q0	31:14-15	8	0.5466058254241943	SimCSE_bitrain40
201	Q0	94:1-4	9	0.5421903729438782	SimCSE_bitrain40
201	Q0	2:130-134	10	0.5394960641860962	SimCSE_bitrain40
202	Q0	5:106-108	1	0.5792115926742554	SimCSE_bitrain40
202	Q0	4:32-33	2	0.5174311399459839	SimCSE_bitrain40
202	Q0	2:240-242	3	0.5156546235084534	SimCSE_bitrain40
202	Q0	4:12-14	4	0.5141295790672302	SimCSE_bitrain40
202	Q0	4:7-10	5	0.505969762802124	SimCSE_bitrain40
202	Q0	2:130-134	6	0.5017077922821045	SimCSE_bitrain40
202	Q0	2:180-182	7	0.49994930624961853	SimCSE_bitrain40
202	Q0	3:92-94	8	0.49578648805618286	SimCSE_bitrain40
202	Q0	62:5-8	9	0.4939517378807068	SimCSE_bitrain40
202	Q0	5:44-47	10	0.4876450300216675	SimCSE_bitrain40
204	Q0	4:153-161	1	0.576833188533783	SimCSE_bitrain40
204	Q0	11:69-76	2	0.5680248737335205	SimCSE_bitrain40
204	Q0	12:43-49	3	0.550951361656189	SimCSE_bitrain40
204	Q0	14:35-41	4	0.5410706996917725	SimCSE_bitrain40
204	Q0	3:45-51	5	0.5366232395172119	SimCSE_bitrain40
204	Q0	29:24-27	6	0.5336021184921265	SimCSE_bitrain40
204	Q0	20:86-94	7	0.533471941947937	SimCSE_bitrain40
204	Q0	2:124-129	8	0.532422661781311	SimCSE_bitrain40
204	Q0	12:16-18	9	0.5316288471221924	SimCSE_bitrain40
204	Q0	7:159-162	10	0.5287925601005554	SimCSE_bitrain40
205	Q0	5:27-31	1	0.5708803534507751	SimCSE_bitrain40
205	Q0	20:17-24	2	0.5406519174575806	SimCSE_bitrain40
205	Q0	12:43-49	3	0.5387071371078491	SimCSE_bitrain40
205	Q0	7:103-108	4	0.5379416942596436	SimCSE_bitrain40
205	Q0	23:17-22	5	0.5305744409561157	SimCSE_bitrain40
205	Q0	20:86-94	6	0.5282779932022095	SimCSE_bitrain40
205	Q0	6:143-144	7	0.5275636911392212	SimCSE_bitrain40
205	Q0	51:38-46	8	0.5253175497055054	SimCSE_bitrain40
205	Q0	2:67-73	9	0.5243015885353088	SimCSE_bitrain40
205	Q0	44:40-50	10	0.522092878818512	SimCSE_bitrain40
208	Q0	12:43-49	1	0.6270995736122131	SimCSE_bitrain40
208	Q0	27:20-28	2	0.625212550163269	SimCSE_bitrain40
208	Q0	6:143-144	3	0.6249011754989624	SimCSE_bitrain40
208	Q0	18:83-89	4	0.6242227554321289	SimCSE_bitrain40
208	Q0	17:101-104	5	0.6144202947616577	SimCSE_bitrain40
208	Q0	20:86-94	6	0.6135162115097046	SimCSE_bitrain40
208	Q0	78:6-16	7	0.6103321313858032	SimCSE_bitrain40
208	Q0	23:17-22	8	0.6103311777114868	SimCSE_bitrain40
208	Q0	16:65-69	9	0.6081156730651855	SimCSE_bitrain40
208	Q0	7:159-162	10	0.607612133026123	SimCSE_bitrain40
209	Q0	18:83-89	1	0.6350806355476379	SimCSE_bitrain40
209	Q0	12:43-49	2	0.5756758451461792	SimCSE_bitrain40
209	Q0	20:17-24	3	0.5647932887077332	SimCSE_bitrain40
209	Q0	7:148-149	4	0.5641940832138062	SimCSE_bitrain40
209	Q0	7:159-162	5	0.5629904270172119	SimCSE_bitrain40
209	Q0	20:86-94	6	0.5576379299163818	SimCSE_bitrain40
209	Q0	26:10-22	7	0.5545527935028076	SimCSE_bitrain40
209	Q0	38:21-26	8	0.5540748834609985	SimCSE_bitrain40
209	Q0	20:95-98	9	0.5529429316520691	SimCSE_bitrain40
209	Q0	34:10-13	10	0.5524575710296631	SimCSE_bitrain40
211	Q0	85:17-22	1	0.5801101922988892	SimCSE_bitrain40
211	Q0	17:101-104	2	0.5673331022262573	SimCSE_bitrain40
211	Q0	26:52-68	3	0.5585262179374695	SimCSE_bitrain40
211	Q0	28:29-32	4	0.5535925626754761	SimCSE_bitrain40
211	Q0	20:17-24	5	0.5524418950080872	SimCSE_bitrain40
211	Q0	12:43-49	6	0.5518977642059326	SimCSE_bitrain40
211	Q0	7:113-126	7	0.548103928565979	SimCSE_bitrain40
211	Q0	7:159-162	8	0.5464857816696167	SimCSE_bitrain40
211	Q0	26:41-51	9	0.5459550023078918	SimCSE_bitrain40
211	Q0	81:1-14	10	0.5432205200195312	SimCSE_bitrain40
212	Q0	88:17-20	1	0.6345049142837524	SimCSE_bitrain40
212	Q0	33:69-71	2	0.625614583492279	SimCSE_bitrain40
212	Q0	19:12-15	3	0.6224308609962463	SimCSE_bitrain40
212	Q0	60:8-9	4	0.621510922908783	SimCSE_bitrain40
212	Q0	5:4-5	5	0.6204515099525452	SimCSE_bitrain40
212	Q0	5:89-89	6	0.618951678276062	SimCSE_bitrain40
212	Q0	2:189-189	7	0.6179113388061523	SimCSE_bitrain40
212	Q0	4:146-147	8	0.6164790987968445	SimCSE_bitrain40
212	Q0	2:177-177	9	0.6163862943649292	SimCSE_bitrain40
212	Q0	2:228-230	10	0.6157023310661316	SimCSE_bitrain40
216	Q0	21:78-82	1	0.6599866151809692	SimCSE_bitrain40
216	Q0	38:17-20	2	0.6466599702835083	SimCSE_bitrain40
216	Q0	34:10-13	3	0.6419134140014648	SimCSE_bitrain40
216	Q0	27:15-19	4	0.6372315883636475	SimCSE_bitrain40
216	Q0	38:21-26	5	0.6119430065155029	SimCSE_bitrain40
216	Q0	17:53-56	6	0.6047816276550293	SimCSE_bitrain40
216	Q0	38:30-40	7	0.5683479309082031	SimCSE_bitrain40
216	Q0	100:1-5	8	0.5487057566642761	SimCSE_bitrain40
216	Q0	7:80-84	9	0.5471946001052856	SimCSE_bitrain40
216	Q0	12:43-49	10	0.5467026233673096	SimCSE_bitrain40
217	Q0	18:25-26	1	0.6496564745903015	SimCSE_bitrain40
217	Q0	102:1-4	2	0.5781368017196655	SimCSE_bitrain40
217	Q0	1:7-7	3	0.5617061257362366	SimCSE_bitrain40
217	Q0	21:91-91	4	0.5565327405929565	SimCSE_bitrain40
217	Q0	78:6-16	5	0.5476526021957397	SimCSE_bitrain40
217	Q0	106:1-4	6	0.5324878692626953	SimCSE_bitrain40
217	Q0	52:48-49	7	0.5314747095108032	SimCSE_bitrain40
217	Q0	8:50-51	8	0.5255112051963806	SimCSE_bitrain40
217	Q0	2:63-66	9	0.5201020240783691	SimCSE_bitrain40
217	Q0	94:1-4	10	0.5101943016052246	SimCSE_bitrain40
219	Q0	5:78-81	1	0.5457291603088379	SimCSE_bitrain40
219	Q0	11:49-49	2	0.5444639921188354	SimCSE_bitrain40
219	Q0	5:72-73	3	0.5443207025527954	SimCSE_bitrain40
219	Q0	54:18-22	4	0.5318995118141174	SimCSE_bitrain40
219	Q0	5:112-115	5	0.5298091173171997	SimCSE_bitrain40
219	Q0	3:52-53	6	0.5242729187011719	SimCSE_bitrain40
219	Q0	4:153-161	7	0.5226075649261475	SimCSE_bitrain40
219	Q0	2:249-252	8	0.5167017579078674	SimCSE_bitrain40
219	Q0	61:10-14	9	0.5157868266105652	SimCSE_bitrain40
219	Q0	17:53-56	10	0.5140835642814636	SimCSE_bitrain40
220	Q0	10:87-89	1	0.60365229845047	SimCSE_bitrain40
220	Q0	12:19-22	2	0.5949791669845581	SimCSE_bitrain40
220	Q0	12:97-101	3	0.5856539607048035	SimCSE_bitrain40
220	Q0	43:46-56	4	0.5736585855484009	SimCSE_bitrain40
220	Q0	2:63-66	5	0.5476481914520264	SimCSE_bitrain40
220	Q0	2:60-62	6	0.5375915765762329	SimCSE_bitrain40
220	Q0	23:45-50	7	0.5353519916534424	SimCSE_bitrain40
220	Q0	7:163-163	8	0.5267190337181091	SimCSE_bitrain40
220	Q0	19:1-11	9	0.5225546956062317	SimCSE_bitrain40
220	Q0	42:27-31	10	0.5212040543556213	SimCSE_bitrain40
225	Q0	54:23-32	1	0.5895485877990723	SimCSE_bitrain40
225	Q0	17:59-60	2	0.5609678030014038	SimCSE_bitrain40
225	Q0	69:1-8	3	0.540374755859375	SimCSE_bitrain40
225	Q0	7:73-79	4	0.5334233641624451	SimCSE_bitrain40
225	Q0	11:61-68	5	0.5073633790016174	SimCSE_bitrain40
225	Q0	41:13-18	6	0.49735990166664124	SimCSE_bitrain40
225	Q0	91:11-15	7	0.4797213077545166	SimCSE_bitrain40
225	Q0	27:45-53	8	0.46973296999931335	SimCSE_bitrain40
225	Q0	54:18-22	9	0.4631725549697876	SimCSE_bitrain40
225	Q0	89:1-14	10	0.4531264305114746	SimCSE_bitrain40
227	Q0	10:87-89	1	0.599690318107605	SimCSE_bitrain40
227	Q0	12:97-101	2	0.5843261480331421	SimCSE_bitrain40
227	Q0	12:19-22	3	0.5313721299171448	SimCSE_bitrain40
227	Q0	43:46-56	4	0.5209414958953857	SimCSE_bitrain40
227	Q0	2:60-62	5	0.5115254521369934	SimCSE_bitrain40
227	Q0	2:63-66	6	0.5097090005874634	SimCSE_bitrain40
227	Q0	35:12-14	7	0.5044744610786438	SimCSE_bitrain40
227	Q0	24:39-40	8	0.5013450384140015	SimCSE_bitrain40
227	Q0	7:163-163	9	0.494550496339798	SimCSE_bitrain40
227	Q0	38:41-44	10	0.4937089681625366	SimCSE_bitrain40
230	Q0	3:1-7	1	0.4378492534160614	SimCSE_bitrain40
230	Q0	2:40-48	2	0.4371274411678314	SimCSE_bitrain40
230	Q0	9:124-127	3	0.4364630877971649	SimCSE_bitrain40
230	Q0	78:6-16	4	0.43466293811798096	SimCSE_bitrain40
230	Q0	2:174-176	5	0.43386492133140564	SimCSE_bitrain40
230	Q0	6:154-158	6	0.4330848157405853	SimCSE_bitrain40
230	Q0	6:91-92	7	0.43307599425315857	SimCSE_bitrain40
230	Q0	17:105-111	8	0.4325414299964905	SimCSE_bitrain40
230	Q0	41:40-44	9	0.43208831548690796	SimCSE_bitrain40
230	Q0	45:1-6	10	0.42855581641197205	SimCSE_bitrain40
231	Q0	12:43-49	1	0.6414608955383301	SimCSE_bitrain40
231	Q0	101:1-5	2	0.6288375854492188	SimCSE_bitrain40
231	Q0	26:23-40	3	0.6169419288635254	SimCSE_bitrain40
231	Q0	88:17-20	4	0.615490734577179	SimCSE_bitrain40
231	Q0	2:63-66	5	0.6115906238555908	SimCSE_bitrain40
231	Q0	91:11-15	6	0.6111166477203369	SimCSE_bitrain40
231	Q0	22:73-76	7	0.6099460124969482	SimCSE_bitrain40
231	Q0	81:1-14	8	0.6088840365409851	SimCSE_bitrain40
231	Q0	6:143-144	9	0.60503751039505	SimCSE_bitrain40
231	Q0	38:17-20	10	0.6043521165847778	SimCSE_bitrain40
232	Q0	12:43-49	1	0.6234287023544312	SimCSE_bitrain40
232	Q0	7:159-162	2	0.6007009744644165	SimCSE_bitrain40
232	Q0	26:141-159	3	0.5974376201629639	SimCSE_bitrain40
232	Q0	11:61-68	4	0.5957261323928833	SimCSE_bitrain40
232	Q0	2:53-57	5	0.5953924655914307	SimCSE_bitrain40
232	Q0	81:1-14	6	0.592898964881897	SimCSE_bitrain40
232	Q0	20:86-94	7	0.5921875238418579	SimCSE_bitrain40
232	Q0	9:101-106	8	0.591524600982666	SimCSE_bitrain40
232	Q0	5:4-5	9	0.5896838903427124	SimCSE_bitrain40
232	Q0	27:20-28	10	0.588901162147522	SimCSE_bitrain40
233	Q0	51:38-46	1	0.5317047834396362	SimCSE_bitrain40
233	Q0	27:45-53	2	0.5302890539169312	SimCSE_bitrain40
233	Q0	89:1-14	3	0.5244449973106384	SimCSE_bitrain40
233	Q0	54:23-32	4	0.5177981853485107	SimCSE_bitrain40
233	Q0	46:21-25	5	0.5160079002380371	SimCSE_bitrain40
233	Q0	41:13-18	6	0.5120304226875305	SimCSE_bitrain40
233	Q0	69:1-8	7	0.5118850469589233	SimCSE_bitrain40
233	Q0	11:61-68	8	0.5080510377883911	SimCSE_bitrain40
233	Q0	20:95-98	9	0.5044599175453186	SimCSE_bitrain40
233	Q0	3:95-97	10	0.5036383867263794	SimCSE_bitrain40
235	Q0	46:21-25	1	0.5724164247512817	SimCSE_bitrain40
235	Q0	89:1-14	2	0.5584774017333984	SimCSE_bitrain40
235	Q0	18:9-16	3	0.5230728387832642	SimCSE_bitrain40
235	Q0	20:70-76	4	0.5228895545005798	SimCSE_bitrain40
235	Q0	2:58-59	5	0.5193527340888977	SimCSE_bitrain40
235	Q0	2:259-259	6	0.5151302218437195	SimCSE_bitrain40
235	Q0	12:43-49	7	0.5104351043701172	SimCSE_bitrain40
235	Q0	18:32-44	8	0.5082354545593262	SimCSE_bitrain40
235	Q0	6:95-99	9	0.5042814612388611	SimCSE_bitrain40
235	Q0	37:11-21	10	0.5040862560272217	SimCSE_bitrain40
236	Q0	69:1-8	1	0.5514617562294006	SimCSE_bitrain40
236	Q0	89:1-14	2	0.5440170764923096	SimCSE_bitrain40
236	Q0	54:23-32	3	0.5402915477752686	SimCSE_bitrain40
236	Q0	51:38-46	4	0.5396915674209595	SimCSE_bitrain40
236	Q0	46:21-25	5	0.537702202796936	SimCSE_bitrain40
236	Q0	41:13-18	6	0.5363398790359497	SimCSE_bitrain40
236	Q0	54:18-22	7	0.5343993902206421	SimCSE_bitrain40
236	Q0	2:63-66	8	0.5105335712432861	SimCSE_bitrain40
236	Q0	17:59-60	9	0.508519172668457	SimCSE_bitrain40
236	Q0	27:45-53	10	0.5046030282974243	SimCSE_bitrain40
237	Q0	54:18-22	1	0.5703161358833313	SimCSE_bitrain40
237	Q0	12:50-57	2	0.5199438333511353	SimCSE_bitrain40
237	Q0	11:49-49	3	0.5189362168312073	SimCSE_bitrain40
237	Q0	5:78-81	4	0.5136561393737793	SimCSE_bitrain40
237	Q0	12:88-92	5	0.5095350742340088	SimCSE_bitrain40
237	Q0	40:34-35	6	0.5077329874038696	SimCSE_bitrain40
237	Q0	12:69-76	7	0.5076621770858765	SimCSE_bitrain40
237	Q0	12:16-18	8	0.5001388788223267	SimCSE_bitrain40
237	Q0	85:17-22	9	0.4972873330116272	SimCSE_bitrain40
237	Q0	17:53-56	10	0.4970671534538269	SimCSE_bitrain40
238	Q0	69:1-8	1	0.6386567950248718	SimCSE_bitrain40
238	Q0	91:11-15	2	0.6224600076675415	SimCSE_bitrain40
238	Q0	54:23-32	3	0.5966672897338867	SimCSE_bitrain40
238	Q0	7:73-79	4	0.5832230448722839	SimCSE_bitrain40
238	Q0	51:38-46	5	0.5780554413795471	SimCSE_bitrain40
238	Q0	41:13-18	6	0.5772359371185303	SimCSE_bitrain40
238	Q0	11:61-68	7	0.5658904314041138	SimCSE_bitrain40
238	Q0	17:59-60	8	0.5527745485305786	SimCSE_bitrain40
238	Q0	27:45-53	9	0.5193025469779968	SimCSE_bitrain40
238	Q0	46:21-25	10	0.510451078414917	SimCSE_bitrain40
240	Q0	2:63-66	1	0.6182664632797241	SimCSE_bitrain40
240	Q0	7:163-163	2	0.5794960856437683	SimCSE_bitrain40
240	Q0	18:7-8	3	0.47239235043525696	SimCSE_bitrain40
240	Q0	101:1-5	4	0.46522432565689087	SimCSE_bitrain40
240	Q0	69:1-8	5	0.46306902170181274	SimCSE_bitrain40
240	Q0	46:21-25	6	0.4605058431625366	SimCSE_bitrain40
240	Q0	51:38-46	7	0.4574741721153259	SimCSE_bitrain40
240	Q0	102:1-4	8	0.45544034242630005	SimCSE_bitrain40
240	Q0	20:95-98	9	0.4500540494918823	SimCSE_bitrain40
240	Q0	89:1-14	10	0.44978538155555725	SimCSE_bitrain40
243	Q0	27:15-19	1	0.525700032711029	SimCSE_bitrain40
243	Q0	38:17-20	2	0.5242226719856262	SimCSE_bitrain40
243	Q0	37:139-148	3	0.49381953477859497	SimCSE_bitrain40
243	Q0	2:63-66	4	0.4891078472137451	SimCSE_bitrain40
243	Q0	69:13-18	5	0.48873522877693176	SimCSE_bitrain40
243	Q0	5:110-111	6	0.4866481125354767	SimCSE_bitrain40
243	Q0	3:45-51	7	0.48558422923088074	SimCSE_bitrain40
243	Q0	78:6-16	8	0.48224887251853943	SimCSE_bitrain40
243	Q0	21:78-82	9	0.48142528533935547	SimCSE_bitrain40
243	Q0	7:163-163	10	0.47842472791671753	SimCSE_bitrain40
244	Q0	5:44-47	1	0.4738806486129761	SimCSE_bitrain40
244	Q0	3:1-7	2	0.45495277643203735	SimCSE_bitrain40
244	Q0	34:48-54	3	0.4481412470340729	SimCSE_bitrain40
244	Q0	17:105-111	4	0.44688430428504944	SimCSE_bitrain40
244	Q0	2:113-113	5	0.44538015127182007	SimCSE_bitrain40
244	Q0	6:91-92	6	0.43615907430648804	SimCSE_bitrain40
244	Q0	9:30-31	7	0.43413740396499634	SimCSE_bitrain40
244	Q0	85:17-22	8	0.4328378438949585	SimCSE_bitrain40
244	Q0	7:142-143	9	0.4305945634841919	SimCSE_bitrain40
244	Q0	3:92-94	10	0.42854025959968567	SimCSE_bitrain40
248	Q0	2:63-66	1	0.665721595287323	SimCSE_bitrain40
248	Q0	7:163-163	2	0.6321532130241394	SimCSE_bitrain40
248	Q0	38:17-20	3	0.5757466554641724	SimCSE_bitrain40
248	Q0	12:43-49	4	0.5676382780075073	SimCSE_bitrain40
248	Q0	27:82-88	5	0.5640172362327576	SimCSE_bitrain40
248	Q0	20:95-98	6	0.5606558322906494	SimCSE_bitrain40
248	Q0	88:17-20	7	0.5550177693367004	SimCSE_bitrain40
248	Q0	12:16-18	8	0.5516872406005859	SimCSE_bitrain40
248	Q0	7:164-166	9	0.5507742166519165	SimCSE_bitrain40
248	Q0	12:11-15	10	0.5505136847496033	SimCSE_bitrain40
249	Q0	37:139-148	1	0.6002023220062256	SimCSE_bitrain40
249	Q0	68:48-52	2	0.5661905407905579	SimCSE_bitrain40
249	Q0	21:87-88	3	0.5555185079574585	SimCSE_bitrain40
249	Q0	38:17-20	4	0.5066096782684326	SimCSE_bitrain40
249	Q0	5:3-3	5	0.5015811920166016	SimCSE_bitrain40
249	Q0	101:1-5	6	0.48151686787605286	SimCSE_bitrain40
249	Q0	7:175-178	7	0.48047417402267456	SimCSE_bitrain40
249	Q0	85:17-22	8	0.47755464911460876	SimCSE_bitrain40
249	Q0	79:1-5	9	0.4770519733428955	SimCSE_bitrain40
249	Q0	2:63-66	10	0.4751436710357666	SimCSE_bitrain40
251	Q0	85:17-22	1	0.5352687835693359	SimCSE_bitrain40
251	Q0	18:78-82	2	0.4943011403083801	SimCSE_bitrain40
251	Q0	8:50-51	3	0.49201905727386475	SimCSE_bitrain40
251	Q0	17:66-70	4	0.4865724444389343	SimCSE_bitrain40
251	Q0	21:91-91	5	0.48314744234085083	SimCSE_bitrain40
251	Q0	24:39-40	6	0.4808557629585266	SimCSE_bitrain40
251	Q0	18:60-77	7	0.4775446355342865	SimCSE_bitrain40
251	Q0	53:1-18	8	0.47701209783554077	SimCSE_bitrain40
251	Q0	11:41-44	9	0.47264033555984497	SimCSE_bitrain40
251	Q0	17:1-1	10	0.47137922048568726	SimCSE_bitrain40
252	Q0	90:5-10	1	0.4088730216026306	SimCSE_bitrain40
252	Q0	45:21-22	2	0.40373456478118896	SimCSE_bitrain40
252	Q0	17:53-56	3	0.39616864919662476	SimCSE_bitrain40
252	Q0	91:1-10	4	0.3938048779964447	SimCSE_bitrain40
252	Q0	12:93-96	5	0.39138832688331604	SimCSE_bitrain40
252	Q0	9:60-61	6	0.3873864412307739	SimCSE_bitrain40
252	Q0	27:82-88	7	0.38642579317092896	SimCSE_bitrain40
252	Q0	17:1-1	8	0.38625723123550415	SimCSE_bitrain40
252	Q0	70:36-39	9	0.38265180587768555	SimCSE_bitrain40
252	Q0	41:1-8	10	0.382306307554245	SimCSE_bitrain40
253	Q0	85:17-22	1	0.638728678226471	SimCSE_bitrain40
253	Q0	18:60-77	2	0.5324132442474365	SimCSE_bitrain40
253	Q0	87:14-19	3	0.5301098227500916	SimCSE_bitrain40
253	Q0	53:31-41	4	0.5157163143157959	SimCSE_bitrain40
253	Q0	23:45-50	5	0.515201210975647	SimCSE_bitrain40
253	Q0	7:142-143	6	0.5010174512863159	SimCSE_bitrain40
253	Q0	19:51-58	7	0.4873758554458618	SimCSE_bitrain40
253	Q0	12:19-22	8	0.4862312078475952	SimCSE_bitrain40
253	Q0	22:30-37	9	0.4852438271045685	SimCSE_bitrain40
253	Q0	2:1-2	10	0.4852200448513031	SimCSE_bitrain40
255	Q0	8:50-51	1	0.5030180215835571	SimCSE_bitrain40
255	Q0	24:4-5	2	0.47050368785858154	SimCSE_bitrain40
255	Q0	4:92-93	3	0.4698261618614197	SimCSE_bitrain40
255	Q0	34:14-14	4	0.45466750860214233	SimCSE_bitrain40
255	Q0	2:259-259	5	0.4526026248931885	SimCSE_bitrain40
255	Q0	11:49-49	6	0.4523167908191681	SimCSE_bitrain40
255	Q0	54:18-22	7	0.44846126437187195	SimCSE_bitrain40
255	Q0	16:94-97	8	0.4473636746406555	SimCSE_bitrain40
255	Q0	5:51-53	9	0.4471279978752136	SimCSE_bitrain40
255	Q0	2:195-195	10	0.4463754892349243	SimCSE_bitrain40
257	Q0	20:115-122	1	0.599554181098938	SimCSE_bitrain40
257	Q0	7:19-25	2	0.5961093902587891	SimCSE_bitrain40
257	Q0	2:34-39	3	0.5603756904602051	SimCSE_bitrain40
257	Q0	12:43-49	4	0.541978657245636	SimCSE_bitrain40
257	Q0	57:1-6	5	0.5400277376174927	SimCSE_bitrain40
257	Q0	23:17-22	6	0.5390185713768005	SimCSE_bitrain40
257	Q0	16:65-69	7	0.5335278511047363	SimCSE_bitrain40
257	Q0	4:153-161	8	0.530746579170227	SimCSE_bitrain40
257	Q0	14:35-41	9	0.5296372771263123	SimCSE_bitrain40
257	Q0	15:26-44	10	0.5267584323883057	SimCSE_bitrain40
258	Q0	2:249-252	1	0.5935039520263672	SimCSE_bitrain40
258	Q0	7:163-163	2	0.5351405143737793	SimCSE_bitrain40
258	Q0	12:81-87	3	0.5312099456787109	SimCSE_bitrain40
258	Q0	12:23-29	4	0.5286781191825867	SimCSE_bitrain40
258	Q0	38:21-26	5	0.5202609896659851	SimCSE_bitrain40
258	Q0	28:29-32	6	0.5156987905502319	SimCSE_bitrain40
258	Q0	12:69-76	7	0.5121519565582275	SimCSE_bitrain40
258	Q0	12:43-49	8	0.5087540149688721	SimCSE_bitrain40
258	Q0	12:16-18	9	0.5044974088668823	SimCSE_bitrain40
258	Q0	12:93-96	10	0.5007419586181641	SimCSE_bitrain40
265	Q0	3:121-129	1	0.5900660753250122	SimCSE_bitrain40
265	Q0	5:89-89	2	0.5637198090553284	SimCSE_bitrain40
265	Q0	8:62-66	3	0.5632973313331604	SimCSE_bitrain40
265	Q0	78:6-16	4	0.5615670084953308	SimCSE_bitrain40
265	Q0	25:45-55	5	0.5596901178359985	SimCSE_bitrain40
265	Q0	8:72-75	6	0.5590187311172485	SimCSE_bitrain40
265	Q0	4:36-40	7	0.5586456060409546	SimCSE_bitrain40
265	Q0	4:25-25	8	0.5559651851654053	SimCSE_bitrain40
265	Q0	9:42-49	9	0.5550460815429688	SimCSE_bitrain40
265	Q0	54:1-8	10	0.5528170466423035	SimCSE_bitrain40
266	Q0	3:52-53	1	0.5740127563476562	SimCSE_bitrain40
266	Q0	85:17-22	2	0.571825385093689	SimCSE_bitrain40
266	Q0	61:10-14	3	0.5504229068756104	SimCSE_bitrain40
266	Q0	47:25-29	4	0.5436381101608276	SimCSE_bitrain40
266	Q0	9:1-6	5	0.543500542640686	SimCSE_bitrain40
266	Q0	9:12-16	6	0.5396754145622253	SimCSE_bitrain40
266	Q0	9:100-100	7	0.5348983407020569	SimCSE_bitrain40
266	Q0	59:11-17	8	0.5346544981002808	SimCSE_bitrain40
266	Q0	3:86-91	9	0.5333690047264099	SimCSE_bitrain40
266	Q0	3:84-85	10	0.5324155688285828	SimCSE_bitrain40
268	Q0	3:95-97	1	0.39688020944595337	SimCSE_bitrain40
268	Q0	48:24-26	2	0.3923490643501282	SimCSE_bitrain40
268	Q0	9:101-106	3	0.3837834596633911	SimCSE_bitrain40
268	Q0	17:1-1	4	0.38246017694473267	SimCSE_bitrain40
268	Q0	9:1-6	5	0.3821580410003662	SimCSE_bitrain40
268	Q0	9:117-121	6	0.3805205821990967	SimCSE_bitrain40
268	Q0	19:41-50	7	0.37830132246017456	SimCSE_bitrain40
268	Q0	66:10-12	8	0.377463161945343	SimCSE_bitrain40
268	Q0	3:137-144	9	0.3741859793663025	SimCSE_bitrain40
268	Q0	58:7-10	10	0.373963862657547	SimCSE_bitrain40
301	Q0	33:59-59	1	0.6002727746963501	SimCSE_bitrain40
301	Q0	33:32-34	2	0.5981706976890564	SimCSE_bitrain40
301	Q0	24:30-31	3	0.5779472589492798	SimCSE_bitrain40
301	Q0	4:22-24	4	0.5737494230270386	SimCSE_bitrain40
301	Q0	33:53-55	5	0.5728284120559692	SimCSE_bitrain40
301	Q0	4:176-176	6	0.5615134239196777	SimCSE_bitrain40
301	Q0	4:32-33	7	0.5611227750778198	SimCSE_bitrain40
301	Q0	4:19-21	8	0.5536370873451233	SimCSE_bitrain40
301	Q0	4:7-10	9	0.5441387891769409	SimCSE_bitrain40
301	Q0	2:187-187	10	0.5428668260574341	SimCSE_bitrain40
302	Q0	9:41-41	1	0.699943482875824	SimCSE_bitrain40
302	Q0	9:88-89	2	0.6803348660469055	SimCSE_bitrain40
302	Q0	66:9-9	3	0.6731329560279846	SimCSE_bitrain40
302	Q0	49:14-18	4	0.6549543142318726	SimCSE_bitrain40
302	Q0	4:95-96	5	0.6427546739578247	SimCSE_bitrain40
302	Q0	8:72-75	6	0.6384344100952148	SimCSE_bitrain40
302	Q0	9:73-74	7	0.6343299150466919	SimCSE_bitrain40
302	Q0	9:19-22	8	0.6191518306732178	SimCSE_bitrain40
302	Q0	9:42-49	9	0.6095206141471863	SimCSE_bitrain40
302	Q0	2:216-218	10	0.6094474792480469	SimCSE_bitrain40
303	Q0	66:9-9	1	0.6261745691299438	SimCSE_bitrain40
303	Q0	9:88-89	2	0.5932997465133667	SimCSE_bitrain40
303	Q0	2:216-218	3	0.5793989896774292	SimCSE_bitrain40
303	Q0	9:73-74	4	0.5760972499847412	SimCSE_bitrain40
303	Q0	5:35-37	5	0.5742815732955933	SimCSE_bitrain40
303	Q0	8:72-75	6	0.573827862739563	SimCSE_bitrain40
303	Q0	49:14-18	7	0.5702595114707947	SimCSE_bitrain40
303	Q0	9:19-22	8	0.5599819421768188	SimCSE_bitrain40
303	Q0	9:42-49	9	0.555756151676178	SimCSE_bitrain40
303	Q0	8:62-66	10	0.5540685653686523	SimCSE_bitrain40
304	Q0	9:88-89	1	0.6515683531761169	SimCSE_bitrain40
304	Q0	66:9-9	2	0.6447409391403198	SimCSE_bitrain40
304	Q0	9:41-41	3	0.6363657712936401	SimCSE_bitrain40
304	Q0	4:88-89	4	0.6273716688156128	SimCSE_bitrain40
304	Q0	49:14-18	5	0.6252142786979675	SimCSE_bitrain40
304	Q0	2:216-218	6	0.6242326498031616	SimCSE_bitrain40
304	Q0	25:45-55	7	0.6237366199493408	SimCSE_bitrain40
304	Q0	4:74-76	8	0.623438835144043	SimCSE_bitrain40
304	Q0	9:42-49	9	0.6219788789749146	SimCSE_bitrain40
304	Q0	9:73-74	10	0.6210160255432129	SimCSE_bitrain40
306	Q0	5:4-5	1	0.6136943101882935	SimCSE_bitrain40
306	Q0	22:25-29	2	0.5637752413749695	SimCSE_bitrain40
306	Q0	6:118-121	3	0.5530240535736084	SimCSE_bitrain40
306	Q0	85:17-22	4	0.5294299125671387	SimCSE_bitrain40
306	Q0	74:32-37	5	0.5215072631835938	SimCSE_bitrain40
306	Q0	3:1-7	6	0.5153743028640747	SimCSE_bitrain40
306	Q0	81:1-14	7	0.5135654211044312	SimCSE_bitrain40
306	Q0	22:30-37	8	0.5114030838012695	SimCSE_bitrain40
306	Q0	2:177-177	9	0.505241870880127	SimCSE_bitrain40
306	Q0	5:3-3	10	0.5027156472206116	SimCSE_bitrain40
307	Q0	2:261-264	1	0.515595555305481	SimCSE_bitrain40
307	Q0	39:41-41	2	0.5150066614151001	SimCSE_bitrain40
307	Q0	11:49-49	3	0.48633840680122375	SimCSE_bitrain40
307	Q0	12:93-96	4	0.4733186960220337	SimCSE_bitrain40
307	Q0	12:16-18	5	0.4732188582420349	SimCSE_bitrain40
307	Q0	2:177-177	6	0.4691779315471649	SimCSE_bitrain40
307	Q0	2:249-252	7	0.4687464237213135	SimCSE_bitrain40
307	Q0	6:141-142	8	0.4672686457633972	SimCSE_bitrain40
307	Q0	3:152-155	9	0.46448057889938354	SimCSE_bitrain40
307	Q0	2:124-129	10	0.46369850635528564	SimCSE_bitrain40
308	Q0	18:45-46	1	0.6017211675643921	SimCSE_bitrain40
308	Q0	10:24-25	2	0.5793027877807617	SimCSE_bitrain40
308	Q0	57:18-21	3	0.5307101607322693	SimCSE_bitrain40
308	Q0	2:163-164	4	0.5048466920852661	SimCSE_bitrain40
308	Q0	16:10-13	5	0.4966358542442322	SimCSE_bitrain40
308	Q0	7:96-102	6	0.49028149247169495	SimCSE_bitrain40
308	Q0	67:16-23	7	0.48869025707244873	SimCSE_bitrain40
308	Q0	21:16-20	8	0.4840538501739502	SimCSE_bitrain40
308	Q0	16:65-69	9	0.4835030436515808	SimCSE_bitrain40
308	Q0	15:16-25	10	0.48115113377571106	SimCSE_bitrain40
310	Q0	4:15-16	1	0.6526303291320801	SimCSE_bitrain40
310	Q0	5:38-40	2	0.6486868858337402	SimCSE_bitrain40
310	Q0	4:146-147	3	0.6480664014816284	SimCSE_bitrain40
310	Q0	76:5-11	4	0.6463843584060669	SimCSE_bitrain40
310	Q0	5:54-56	5	0.640167236328125	SimCSE_bitrain40
310	Q0	2:243-245	6	0.635837972164154	SimCSE_bitrain40
310	Q0	109:1-6	7	0.6355564594268799	SimCSE_bitrain40
310	Q0	61:10-14	8	0.6341584920883179	SimCSE_bitrain40
310	Q0	3:159-160	9	0.6324131488800049	SimCSE_bitrain40
310	Q0	24:4-5	10	0.6319548487663269	SimCSE_bitrain40
311	Q0	94:1-4	1	0.5808371305465698	SimCSE_bitrain40
311	Q0	35:9-11	2	0.5788609981536865	SimCSE_bitrain40
311	Q0	33:69-71	3	0.5673290491104126	SimCSE_bitrain40
311	Q0	88:17-20	4	0.5663256645202637	SimCSE_bitrain40
311	Q0	33:4-6	5	0.5630391836166382	SimCSE_bitrain40
311	Q0	3:159-160	6	0.5533863306045532	SimCSE_bitrain40
311	Q0	19:12-15	7	0.5524863004684448	SimCSE_bitrain40
311	Q0	2:228-230	8	0.5513437986373901	SimCSE_bitrain40
311	Q0	5:82-86	9	0.5489448308944702	SimCSE_bitrain40
311	Q0	2:189-189	10	0.5476304888725281	SimCSE_bitrain40
313	Q0	4:12-14	1	0.6239217519760132	SimCSE_bitrain40
313	Q0	4:32-33	2	0.6196978092193604	SimCSE_bitrain40
313	Q0	4:36-40	3	0.618443489074707	SimCSE_bitrain40
313	Q0	17:22-30	4	0.6176015734672546	SimCSE_bitrain40
313	Q0	4:2-6	5	0.6153615117073059	SimCSE_bitrain40
313	Q0	2:228-230	6	0.6149917244911194	SimCSE_bitrain40
313	Q0	5:12-13	7	0.6147994995117188	SimCSE_bitrain40
313	Q0	3:31-32	8	0.6144099831581116	SimCSE_bitrain40
313	Q0	4:34-35	9	0.614027738571167	SimCSE_bitrain40
313	Q0	33:4-6	10	0.6129436492919922	SimCSE_bitrain40
314	Q0	33:69-71	1	0.6943297386169434	SimCSE_bitrain40
314	Q0	5:12-13	2	0.6908043622970581	SimCSE_bitrain40
314	Q0	57:7-11	3	0.6864442825317383	SimCSE_bitrain40
314	Q0	4:36-40	4	0.6862600445747375	SimCSE_bitrain40
314	Q0	64:14-18	5	0.6847973465919495	SimCSE_bitrain40
314	Q0	58:12-13	6	0.6844857931137085	SimCSE_bitrain40
314	Q0	47:33-38	7	0.6842495203018188	SimCSE_bitrain40
314	Q0	24:55-57	8	0.6839474439620972	SimCSE_bitrain40
314	Q0	8:20-26	9	0.6821873188018799	SimCSE_bitrain40
314	Q0	58:7-10	10	0.6819634437561035	SimCSE_bitrain40
316	Q0	9:60-61	1	0.602637767791748	SimCSE_bitrain40
316	Q0	70:36-39	2	0.566415011882782	SimCSE_bitrain40
316	Q0	92:8-11	3	0.56004798412323	SimCSE_bitrain40
316	Q0	2:267-269	4	0.5544707775115967	SimCSE_bitrain40
316	Q0	9:34-35	5	0.5538150072097778	SimCSE_bitrain40
316	Q0	3:116-117	6	0.5495345592498779	SimCSE_bitrain40
316	Q0	9:53-55	7	0.5359827280044556	SimCSE_bitrain40
316	Q0	63:9-11	8	0.5332775712013245	SimCSE_bitrain40
316	Q0	2:272-274	9	0.5198750495910645	SimCSE_bitrain40
316	Q0	3:10-13	10	0.5191535949707031	SimCSE_bitrain40
317	Q0	5:38-40	1	0.675152599811554	SimCSE_bitrain40
317	Q0	9:60-61	2	0.6740268468856812	SimCSE_bitrain40
317	Q0	3:31-32	3	0.6723086833953857	SimCSE_bitrain40
317	Q0	58:12-13	4	0.6699475049972534	SimCSE_bitrain40
317	Q0	3:75-77	5	0.6689873933792114	SimCSE_bitrain40
317	Q0	47:33-38	6	0.6656478047370911	SimCSE_bitrain40
317	Q0	48:10-13	7	0.6626195907592773	SimCSE_bitrain40
317	Q0	5:90-93	8	0.6608792543411255	SimCSE_bitrain40
317	Q0	9:7-11	9	0.6596736907958984	SimCSE_bitrain40
317	Q0	9:75-80	10	0.6592267155647278	SimCSE_bitrain40
323	Q0	94:1-4	1	0.5951445698738098	SimCSE_bitrain40
323	Q0	85:17-22	2	0.5339245200157166	SimCSE_bitrain40
323	Q0	11:49-49	3	0.5053220987319946	SimCSE_bitrain40
323	Q0	39:41-41	4	0.5000943541526794	SimCSE_bitrain40
323	Q0	8:50-51	5	0.49780791997909546	SimCSE_bitrain40
323	Q0	107:1-3	6	0.48492228984832764	SimCSE_bitrain40
323	Q0	76:5-11	7	0.477778822183609	SimCSE_bitrain40
323	Q0	109:1-6	8	0.477707177400589	SimCSE_bitrain40
323	Q0	74:49-56	9	0.47524166107177734	SimCSE_bitrain40
323	Q0	81:15-25	10	0.4739857316017151	SimCSE_bitrain40
324	Q0	2:261-264	1	0.485862672328949	SimCSE_bitrain40
324	Q0	24:32-34	2	0.47707399725914	SimCSE_bitrain40
324	Q0	47:12-15	3	0.47532811760902405	SimCSE_bitrain40
324	Q0	83:18-28	4	0.47308892011642456	SimCSE_bitrain40
324	Q0	60:8-9	5	0.4702394902706146	SimCSE_bitrain40
324	Q0	2:53-57	6	0.46929123997688293	SimCSE_bitrain40
324	Q0	2:259-259	7	0.46772411465644836	SimCSE_bitrain40
324	Q0	5:7-8	8	0.4673677086830139	SimCSE_bitrain40
324	Q0	49:9-10	9	0.46622177958488464	SimCSE_bitrain40
324	Q0	2:204-207	10	0.466001033782959	SimCSE_bitrain40
325	Q0	2:189-189	1	0.6067748665809631	SimCSE_bitrain40
325	Q0	4:32-33	2	0.5673661828041077	SimCSE_bitrain40
325	Q0	76:5-11	3	0.5648173689842224	SimCSE_bitrain40
325	Q0	8:41-41	4	0.5628033876419067	SimCSE_bitrain40
325	Q0	33:53-55	5	0.5619021654129028	SimCSE_bitrain40
325	Q0	33:4-6	6	0.5602638721466064	SimCSE_bitrain40
325	Q0	2:177-177	7	0.557890772819519	SimCSE_bitrain40
325	Q0	3:92-94	8	0.5558472871780396	SimCSE_bitrain40
325	Q0	4:7-10	9	0.5543428659439087	SimCSE_bitrain40
325	Q0	4:36-40	10	0.5536615252494812	SimCSE_bitrain40
326	Q0	4:32-33	1	0.6086441874504089	SimCSE_bitrain40
326	Q0	4:12-14	2	0.6083109974861145	SimCSE_bitrain40
326	Q0	2:189-189	3	0.6035529375076294	SimCSE_bitrain40
326	Q0	76:5-11	4	0.6023794412612915	SimCSE_bitrain40
326	Q0	33:4-6	5	0.5956642031669617	SimCSE_bitrain40
326	Q0	94:1-4	6	0.5946557521820068	SimCSE_bitrain40
326	Q0	33:53-55	7	0.5942949056625366	SimCSE_bitrain40
326	Q0	33:69-71	8	0.5919854640960693	SimCSE_bitrain40
326	Q0	19:12-15	9	0.5912388563156128	SimCSE_bitrain40
326	Q0	2:233-233	10	0.590775191783905	SimCSE_bitrain40
327	Q0	24:4-5	1	0.6592472791671753	SimCSE_bitrain40
327	Q0	4:41-42	2	0.6497154235839844	SimCSE_bitrain40
327	Q0	60:8-9	3	0.6420772671699524	SimCSE_bitrain40
327	Q0	4:12-14	4	0.6404002904891968	SimCSE_bitrain40
327	Q0	33:69-71	5	0.6384161710739136	SimCSE_bitrain40
327	Q0	4:77-79	6	0.6360002160072327	SimCSE_bitrain40
327	Q0	3:159-160	7	0.6318322420120239	SimCSE_bitrain40
327	Q0	19:12-15	8	0.631136417388916	SimCSE_bitrain40
327	Q0	2:177-177	9	0.6301335692405701	SimCSE_bitrain40
327	Q0	33:72-73	10	0.628032922744751	SimCSE_bitrain40
328	Q0	22:1-2	1	0.5979520082473755	SimCSE_bitrain40
328	Q0	75:1-15	2	0.5773581266403198	SimCSE_bitrain40
328	Q0	54:1-8	3	0.5614997744560242	SimCSE_bitrain40
328	Q0	21:96-100	4	0.555413007736206	SimCSE_bitrain40
328	Q0	18:90-98	5	0.5382875204086304	SimCSE_bitrain40
328	Q0	2:17-20	6	0.5216072797775269	SimCSE_bitrain40
328	Q0	29:61-69	7	0.504653811454773	SimCSE_bitrain40
328	Q0	72:8-13	8	0.5018465518951416	SimCSE_bitrain40
328	Q0	33:18-20	9	0.49619948863983154	SimCSE_bitrain40
328	Q0	5:51-53	10	0.494895339012146	SimCSE_bitrain40
332	Q0	8:50-51	1	0.6552069783210754	SimCSE_bitrain40
332	Q0	47:25-29	2	0.5680973529815674	SimCSE_bitrain40
332	Q0	71:25-28	3	0.5615367889404297	SimCSE_bitrain40
332	Q0	6:93-94	4	0.558449923992157	SimCSE_bitrain40
332	Q0	9:101-106	5	0.5541647672653198	SimCSE_bitrain40
332	Q0	40:38-46	6	0.5517783164978027	SimCSE_bitrain40
332	Q0	85:17-22	7	0.5426319241523743	SimCSE_bitrain40
332	Q0	4:92-93	8	0.5263861417770386	SimCSE_bitrain40
332	Q0	94:1-4	9	0.5244210958480835	SimCSE_bitrain40
332	Q0	3:190-195	10	0.5220966935157776	SimCSE_bitrain40
334	Q0	27:45-53	1	0.45927828550338745	SimCSE_bitrain40
334	Q0	18:78-82	2	0.4580185115337372	SimCSE_bitrain40
334	Q0	28:22-28	3	0.44545578956604004	SimCSE_bitrain40
334	Q0	25:35-40	4	0.43317049741744995	SimCSE_bitrain40
334	Q0	69:1-8	5	0.4323939085006714	SimCSE_bitrain40
334	Q0	58:7-10	6	0.43061476945877075	SimCSE_bitrain40
334	Q0	9:69-70	7	0.42492586374282837	SimCSE_bitrain40
334	Q0	54:23-32	8	0.4245312809944153	SimCSE_bitrain40
334	Q0	17:59-60	9	0.42378413677215576	SimCSE_bitrain40
334	Q0	7:73-79	10	0.42340540885925293	SimCSE_bitrain40
338	Q0	37:139-148	1	0.5090964436531067	SimCSE_bitrain40
338	Q0	78:6-16	2	0.5066176652908325	SimCSE_bitrain40
338	Q0	85:17-22	3	0.4906751811504364	SimCSE_bitrain40
338	Q0	50:16-19	4	0.48361483216285706	SimCSE_bitrain40
338	Q0	37:158-166	5	0.4830346405506134	SimCSE_bitrain40
338	Q0	37:1-10	6	0.4827146828174591	SimCSE_bitrain40
338	Q0	25:56-62	7	0.48035210371017456	SimCSE_bitrain40
338	Q0	42:1-6	8	0.4793940484523773	SimCSE_bitrain40
338	Q0	56:11-26	9	0.4774954915046692	SimCSE_bitrain40
338	Q0	41:37-39	10	0.4772903323173523	SimCSE_bitrain40
339	Q0	94:1-4	1	0.5665552616119385	SimCSE_bitrain40
339	Q0	31:14-15	2	0.523938000202179	SimCSE_bitrain40
339	Q0	90:1-4	3	0.500234842300415	SimCSE_bitrain40
339	Q0	2:180-182	4	0.49702560901641846	SimCSE_bitrain40
339	Q0	2:240-242	5	0.4856272339820862	SimCSE_bitrain40
339	Q0	22:1-2	6	0.4777514338493347	SimCSE_bitrain40
339	Q0	21:91-91	7	0.4750456213951111	SimCSE_bitrain40
339	Q0	5:106-108	8	0.47371935844421387	SimCSE_bitrain40
339	Q0	4:12-14	9	0.4653308689594269	SimCSE_bitrain40
339	Q0	8:50-51	10	0.4613340497016907	SimCSE_bitrain40
341	Q0	85:17-22	1	0.6988866925239563	SimCSE_bitrain40
341	Q0	94:1-4	2	0.5726666450500488	SimCSE_bitrain40
341	Q0	5:82-86	3	0.5645427107810974	SimCSE_bitrain40
341	Q0	81:15-25	4	0.5628073215484619	SimCSE_bitrain40
341	Q0	21:91-91	5	0.556090235710144	SimCSE_bitrain40
341	Q0	47:25-29	6	0.5492144227027893	SimCSE_bitrain40
341	Q0	21:48-50	7	0.5447762608528137	SimCSE_bitrain40
341	Q0	7:204-206	8	0.544654130935669	SimCSE_bitrain40
341	Q0	50:36-45	9	0.543611466884613	SimCSE_bitrain40
341	Q0	3:84-85	10	0.5390865802764893	SimCSE_bitrain40
343	Q0	24:35-38	1	0.6302168369293213	SimCSE_bitrain40
343	Q0	10:3-6	2	0.6194021701812744	SimCSE_bitrain40
343	Q0	41:37-39	3	0.5880846977233887	SimCSE_bitrain40
343	Q0	25:56-62	4	0.5749108791351318	SimCSE_bitrain40
343	Q0	31:29-32	5	0.5746121406555176	SimCSE_bitrain40
343	Q0	6:74-79	6	0.5718625783920288	SimCSE_bitrain40
343	Q0	2:17-20	7	0.5652081370353699	SimCSE_bitrain40
343	Q0	28:68-75	8	0.5639638900756836	SimCSE_bitrain40
343	Q0	57:1-6	9	0.5630775690078735	SimCSE_bitrain40
343	Q0	36:33-47	10	0.5580529570579529	SimCSE_bitrain40
344	Q0	94:1-4	1	0.5522626638412476	SimCSE_bitrain40
344	Q0	12:43-49	2	0.5013241767883301	SimCSE_bitrain40
344	Q0	19:16-33	3	0.49158555269241333	SimCSE_bitrain40
344	Q0	12:16-18	4	0.4872075021266937	SimCSE_bitrain40
344	Q0	15:78-79	5	0.48581790924072266	SimCSE_bitrain40
344	Q0	9:100-100	6	0.4840030074119568	SimCSE_bitrain40
344	Q0	31:14-15	7	0.4813898503780365	SimCSE_bitrain40
344	Q0	2:249-252	8	0.47956031560897827	SimCSE_bitrain40
344	Q0	16:65-69	9	0.4793742895126343	SimCSE_bitrain40
344	Q0	38:21-26	10	0.47664859890937805	SimCSE_bitrain40
345	Q0	78:6-16	1	0.5721762180328369	SimCSE_bitrain40
345	Q0	25:45-55	2	0.5627152323722839	SimCSE_bitrain40
345	Q0	7:96-102	3	0.5587258338928223	SimCSE_bitrain40
345	Q0	16:65-69	4	0.5577895641326904	SimCSE_bitrain40
345	Q0	15:16-25	5	0.5576858520507812	SimCSE_bitrain40
345	Q0	24:41-45	6	0.5533093214035034	SimCSE_bitrain40
345	Q0	29:61-69	7	0.550667405128479	SimCSE_bitrain40
345	Q0	10:65-70	8	0.548257052898407	SimCSE_bitrain40
345	Q0	36:33-47	9	0.5474794507026672	SimCSE_bitrain40
345	Q0	67:16-23	10	0.5453268885612488	SimCSE_bitrain40
347	Q0	57:1-6	1	0.5809066295623779	SimCSE_bitrain40
347	Q0	31:29-32	2	0.5522263050079346	SimCSE_bitrain40
347	Q0	39:1-5	3	0.551791787147522	SimCSE_bitrain40
347	Q0	85:17-22	4	0.5515463352203369	SimCSE_bitrain40
347	Q0	35:12-14	5	0.5406991243362427	SimCSE_bitrain40
347	Q0	22:58-66	6	0.5387084484100342	SimCSE_bitrain40
347	Q0	21:30-35	7	0.5310320854187012	SimCSE_bitrain40
347	Q0	6:95-99	8	0.5309141874313354	SimCSE_bitrain40
347	Q0	10:3-6	9	0.5308187007904053	SimCSE_bitrain40
347	Q0	13:1-4	10	0.530306339263916	SimCSE_bitrain40
348	Q0	33:59-59	1	0.652335524559021	SimCSE_bitrain40
348	Q0	33:32-34	2	0.6306191086769104	SimCSE_bitrain40
348	Q0	24:30-31	3	0.6198931932449341	SimCSE_bitrain40
348	Q0	4:22-24	4	0.5961685180664062	SimCSE_bitrain40
348	Q0	33:53-55	5	0.5954056978225708	SimCSE_bitrain40
348	Q0	2:187-187	6	0.5799537897109985	SimCSE_bitrain40
348	Q0	4:176-176	7	0.5795440673828125	SimCSE_bitrain40
348	Q0	4:15-16	8	0.5721374154090881	SimCSE_bitrain40
348	Q0	4:19-21	9	0.5667280554771423	SimCSE_bitrain40
348	Q0	58:1-4	10	0.5631043910980225	SimCSE_bitrain40
349	Q0	18:78-82	1	0.5806575417518616	SimCSE_bitrain40
349	Q0	18:29-31	2	0.5230613946914673	SimCSE_bitrain40
349	Q0	47:12-15	3	0.5147390961647034	SimCSE_bitrain40
349	Q0	27:89-93	4	0.509353756904602	SimCSE_bitrain40
349	Q0	17:66-70	5	0.49982625246047974	SimCSE_bitrain40
349	Q0	2:8-16	6	0.49730628728866577	SimCSE_bitrain40
349	Q0	10:21-23	7	0.4952177405357361	SimCSE_bitrain40
349	Q0	91:1-10	8	0.4943702816963196	SimCSE_bitrain40
349	Q0	30:33-37	9	0.4938334822654724	SimCSE_bitrain40
349	Q0	14:31-34	10	0.49315544962882996	SimCSE_bitrain40
350	Q0	16:65-69	1	0.5567367076873779	SimCSE_bitrain40
350	Q0	9:12-16	2	0.5277748703956604	SimCSE_bitrain40
350	Q0	10:57-60	3	0.5247864723205566	SimCSE_bitrain40
350	Q0	74:49-56	4	0.5246508121490479	SimCSE_bitrain40
350	Q0	17:78-82	5	0.524405837059021	SimCSE_bitrain40
350	Q0	20:115-122	6	0.5217421650886536	SimCSE_bitrain40
350	Q0	3:52-53	7	0.5217104554176331	SimCSE_bitrain40
350	Q0	85:17-22	8	0.5216624736785889	SimCSE_bitrain40
350	Q0	16:10-13	9	0.5215851664543152	SimCSE_bitrain40
350	Q0	23:17-22	10	0.5213613510131836	SimCSE_bitrain40
351	Q0	5:44-47	1	0.5515042543411255	SimCSE_bitrain40
351	Q0	85:17-22	2	0.5312975645065308	SimCSE_bitrain40
351	Q0	5:48-50	3	0.4776903986930847	SimCSE_bitrain40
351	Q0	3:1-7	4	0.4632795453071594	SimCSE_bitrain40
351	Q0	62:5-8	5	0.46070826053619385	SimCSE_bitrain40
351	Q0	4:101-103	6	0.45555052161216736	SimCSE_bitrain40
351	Q0	2:174-176	7	0.4531704783439636	SimCSE_bitrain40
351	Q0	31:20-26	8	0.45180386304855347	SimCSE_bitrain40
351	Q0	29:61-69	9	0.4499674141407013	SimCSE_bitrain40
351	Q0	43:57-66	10	0.4493439495563507	SimCSE_bitrain40
354	Q0	38:17-20	1	0.5817529559135437	SimCSE_bitrain40
354	Q0	34:10-13	2	0.5678359270095825	SimCSE_bitrain40
354	Q0	27:15-19	3	0.5667561888694763	SimCSE_bitrain40
354	Q0	12:43-49	4	0.5650559663772583	SimCSE_bitrain40
354	Q0	85:17-22	5	0.543138861656189	SimCSE_bitrain40
354	Q0	21:78-82	6	0.5412489771842957	SimCSE_bitrain40
354	Q0	7:159-162	7	0.5390468239784241	SimCSE_bitrain40
354	Q0	3:45-51	8	0.5368706583976746	SimCSE_bitrain40
354	Q0	16:65-69	9	0.5361437797546387	SimCSE_bitrain40
354	Q0	38:21-26	10	0.5341090559959412	SimCSE_bitrain40
356	Q0	9:41-41	1	0.6569793224334717	SimCSE_bitrain40
356	Q0	9:88-89	2	0.652654767036438	SimCSE_bitrain40
356	Q0	66:9-9	3	0.6186749935150146	SimCSE_bitrain40
356	Q0	4:95-96	4	0.6031566858291626	SimCSE_bitrain40
356	Q0	49:14-18	5	0.5986854434013367	SimCSE_bitrain40
356	Q0	9:19-22	6	0.5972761511802673	SimCSE_bitrain40
356	Q0	24:4-5	7	0.596329927444458	SimCSE_bitrain40
356	Q0	4:88-89	8	0.5894392728805542	SimCSE_bitrain40
356	Q0	2:195-195	9	0.5845670700073242	SimCSE_bitrain40
356	Q0	8:72-75	10	0.5807726383209229	SimCSE_bitrain40
357	Q0	8:72-75	1	0.5711300373077393	SimCSE_bitrain40
357	Q0	66:9-9	2	0.5645951628684998	SimCSE_bitrain40
357	Q0	9:88-89	3	0.5639382600784302	SimCSE_bitrain40
357	Q0	5:35-37	4	0.5582330226898193	SimCSE_bitrain40
357	Q0	9:19-22	5	0.5503331422805786	SimCSE_bitrain40
357	Q0	85:17-22	6	0.5461724400520325	SimCSE_bitrain40
357	Q0	8:62-66	7	0.5432616472244263	SimCSE_bitrain40
357	Q0	9:41-41	8	0.5418774485588074	SimCSE_bitrain40
357	Q0	5:54-56	9	0.5391360521316528	SimCSE_bitrain40
357	Q0	49:14-18	10	0.535006046295166	SimCSE_bitrain40
358	Q0	20:17-24	1	0.46938079595565796	SimCSE_bitrain40
358	Q0	7:159-162	2	0.4625900983810425	SimCSE_bitrain40
358	Q0	28:76-80	3	0.4571424126625061	SimCSE_bitrain40
358	Q0	39:49-52	4	0.45460769534111023	SimCSE_bitrain40
358	Q0	79:15-26	5	0.4538331925868988	SimCSE_bitrain40
358	Q0	42:27-31	6	0.4537585973739624	SimCSE_bitrain40
358	Q0	23:45-50	7	0.45368075370788574	SimCSE_bitrain40
358	Q0	88:8-16	8	0.453043669462204	SimCSE_bitrain40
358	Q0	25:45-55	9	0.45287442207336426	SimCSE_bitrain40
358	Q0	29:38-40	10	0.4492247700691223	SimCSE_bitrain40
361	Q0	19:51-58	1	0.5778448581695557	SimCSE_bitrain40
361	Q0	85:17-22	2	0.5543560981750488	SimCSE_bitrain40
361	Q0	33:36-40	3	0.5352049469947815	SimCSE_bitrain40
361	Q0	22:52-57	4	0.5204722285270691	SimCSE_bitrain40
361	Q0	17:1-1	5	0.5146973729133606	SimCSE_bitrain40
361	Q0	9:117-121	6	0.5116379857063293	SimCSE_bitrain40
361	Q0	24:46-54	7	0.5103300213813782	SimCSE_bitrain40
361	Q0	17:2-8	8	0.49949416518211365	SimCSE_bitrain40
361	Q0	2:53-57	9	0.49937307834625244	SimCSE_bitrain40
361	Q0	58:7-10	10	0.4983940124511719	SimCSE_bitrain40
362	Q0	27:54-58	1	0.5645270347595215	SimCSE_bitrain40
362	Q0	46:21-25	2	0.5609594583511353	SimCSE_bitrain40
362	Q0	15:61-77	3	0.5571565628051758	SimCSE_bitrain40
362	Q0	11:77-83	4	0.5551393628120422	SimCSE_bitrain40
362	Q0	7:80-84	5	0.554815411567688	SimCSE_bitrain40
362	Q0	4:101-103	6	0.5534631013870239	SimCSE_bitrain40
362	Q0	7:159-162	7	0.5448706150054932	SimCSE_bitrain40
362	Q0	25:35-40	8	0.5445637702941895	SimCSE_bitrain40
362	Q0	38:17-20	9	0.5368537902832031	SimCSE_bitrain40
362	Q0	27:45-53	10	0.5342464447021484	SimCSE_bitrain40
363	Q0	94:1-4	1	0.5689581632614136	SimCSE_bitrain40
363	Q0	19:16-33	2	0.5596653819084167	SimCSE_bitrain40
363	Q0	85:17-22	3	0.5524498224258423	SimCSE_bitrain40
363	Q0	5:6-6	4	0.54315185546875	SimCSE_bitrain40
363	Q0	16:65-69	5	0.5289431810379028	SimCSE_bitrain40
363	Q0	3:14-17	6	0.5280792713165283	SimCSE_bitrain40
363	Q0	78:6-16	7	0.5224243402481079	SimCSE_bitrain40
363	Q0	76:5-11	8	0.5221002101898193	SimCSE_bitrain40
363	Q0	33:53-55	9	0.5211275219917297	SimCSE_bitrain40
363	Q0	47:12-15	10	0.520938515663147	SimCSE_bitrain40
364	Q0	39:41-41	1	0.5886759161949158	SimCSE_bitrain40
364	Q0	18:29-31	2	0.577337384223938	SimCSE_bitrain40
364	Q0	2:174-176	3	0.5764225125312805	SimCSE_bitrain40
364	Q0	14:47-52	4	0.570264458656311	SimCSE_bitrain40
364	Q0	27:89-93	5	0.5638718605041504	SimCSE_bitrain40
364	Q0	91:1-10	6	0.5623598098754883	SimCSE_bitrain40
364	Q0	81:26-29	7	0.5494953393936157	SimCSE_bitrain40
364	Q0	2:8-16	8	0.5402007102966309	SimCSE_bitrain40
364	Q0	17:12-17	9	0.5387217998504639	SimCSE_bitrain40
364	Q0	30:38-41	10	0.5261152982711792	SimCSE_bitrain40
365	Q0	85:17-22	1	0.5768787860870361	SimCSE_bitrain40
365	Q0	20:17-24	2	0.5634555816650391	SimCSE_bitrain40
365	Q0	17:101-104	3	0.560234785079956	SimCSE_bitrain40
365	Q0	26:41-51	4	0.5581752061843872	SimCSE_bitrain40
365	Q0	17:2-8	5	0.5532727241516113	SimCSE_bitrain40
365	Q0	79:15-26	6	0.5524951219558716	SimCSE_bitrain40
365	Q0	20:9-16	7	0.5502595901489258	SimCSE_bitrain40
365	Q0	31:29-32	8	0.5425872802734375	SimCSE_bitrain40
365	Q0	46:21-25	9	0.5403748154640198	SimCSE_bitrain40
365	Q0	81:1-14	10	0.5348726511001587	SimCSE_bitrain40
367	Q0	4:2-6	1	0.6390515565872192	SimCSE_bitrain40
367	Q0	4:22-24	2	0.6356304883956909	SimCSE_bitrain40
367	Q0	2:228-230	3	0.6300162076950073	SimCSE_bitrain40
367	Q0	64:14-18	4	0.6291475892066956	SimCSE_bitrain40
367	Q0	6:143-144	5	0.6217398643493652	SimCSE_bitrain40
367	Q0	4:12-14	6	0.620159387588501	SimCSE_bitrain40
367	Q0	8:67-71	7	0.618965744972229	SimCSE_bitrain40
367	Q0	2:177-177	8	0.6166114807128906	SimCSE_bitrain40
367	Q0	33:4-6	9	0.6159995794296265	SimCSE_bitrain40
367	Q0	33:49-52	10	0.6144999861717224	SimCSE_bitrain40
368	Q0	7:141-141	1	0.6236450672149658	SimCSE_bitrain40
368	Q0	4:15-16	2	0.6146814823150635	SimCSE_bitrain40
368	Q0	9:67-68	3	0.6136217713356018	SimCSE_bitrain40
368	Q0	2:234-237	4	0.5975142121315002	SimCSE_bitrain40
368	Q0	4:22-24	5	0.5953903794288635	SimCSE_bitrain40
368	Q0	33:32-34	6	0.5898334980010986	SimCSE_bitrain40
368	Q0	24:30-31	7	0.584989607334137	SimCSE_bitrain40
368	Q0	24:4-5	8	0.5823018550872803	SimCSE_bitrain40
368	Q0	4:19-21	9	0.580411970615387	SimCSE_bitrain40
368	Q0	22:23-24	10	0.5803452730178833	SimCSE_bitrain40
369	Q0	4:153-161	1	0.5304116010665894	SimCSE_bitrain40
369	Q0	85:17-22	2	0.5193451642990112	SimCSE_bitrain40
369	Q0	9:30-31	3	0.5180912613868713	SimCSE_bitrain40
369	Q0	2:74-75	4	0.49243611097335815	SimCSE_bitrain40
369	Q0	62:5-8	5	0.4897781014442444	SimCSE_bitrain40
369	Q0	5:82-86	6	0.48919498920440674	SimCSE_bitrain40
369	Q0	3:45-51	7	0.4865550100803375	SimCSE_bitrain40
369	Q0	4:101-103	8	0.48620080947875977	SimCSE_bitrain40
369	Q0	43:81-89	9	0.48585957288742065	SimCSE_bitrain40
369	Q0	79:6-14	10	0.48581114411354065	SimCSE_bitrain40
370	Q0	64:14-18	1	0.6585483551025391	SimCSE_bitrain40
370	Q0	76:5-11	2	0.6517279744148254	SimCSE_bitrain40
370	Q0	2:177-177	3	0.6474572420120239	SimCSE_bitrain40
370	Q0	4:36-40	4	0.6462092399597168	SimCSE_bitrain40
370	Q0	33:4-6	5	0.6447243094444275	SimCSE_bitrain40
370	Q0	2:243-245	6	0.6406264305114746	SimCSE_bitrain40
370	Q0	35:42-45	7	0.6393375396728516	SimCSE_bitrain40
370	Q0	9:75-80	8	0.638603687286377	SimCSE_bitrain40
370	Q0	9:111-112	9	0.6383248567581177	SimCSE_bitrain40
370	Q0	65:1-3	10	0.6382991075515747	SimCSE_bitrain40
371	Q0	6:84-90	1	0.6175267696380615	SimCSE_bitrain40
371	Q0	40:34-35	2	0.5690968036651611	SimCSE_bitrain40
371	Q0	12:4-6	3	0.5369313955307007	SimCSE_bitrain40
371	Q0	2:130-134	4	0.5166919231414795	SimCSE_bitrain40
371	Q0	21:69-73	5	0.5134873390197754	SimCSE_bitrain40
371	Q0	19:51-58	6	0.5106608867645264	SimCSE_bitrain40
371	Q0	19:41-50	7	0.5104209184646606	SimCSE_bitrain40
371	Q0	11:69-76	8	0.5041431784629822	SimCSE_bitrain40
371	Q0	11:49-49	9	0.49479585886001587	SimCSE_bitrain40
371	Q0	11:89-95	10	0.490719199180603	SimCSE_bitrain40
372	Q0	11:12-12	1	0.6508737802505493	SimCSE_bitrain40
372	Q0	11:49-49	2	0.6495242714881897	SimCSE_bitrain40
372	Q0	85:17-22	3	0.6426891088485718	SimCSE_bitrain40
372	Q0	4:162-162	4	0.6385347843170166	SimCSE_bitrain40
372	Q0	3:84-85	5	0.6349149942398071	SimCSE_bitrain40
372	Q0	46:29-32	6	0.6338446140289307	SimCSE_bitrain40
372	Q0	6:91-92	7	0.6331822276115417	SimCSE_bitrain40
372	Q0	13:36-37	8	0.6315948963165283	SimCSE_bitrain40
372	Q0	15:1-9	9	0.6299000978469849	SimCSE_bitrain40
372	Q0	76:23-26	10	0.6284559369087219	SimCSE_bitrain40
373	Q0	11:49-49	1	0.6143962144851685	SimCSE_bitrain40
373	Q0	6:161-163	2	0.570529580116272	SimCSE_bitrain40
373	Q0	109:1-6	3	0.5699911117553711	SimCSE_bitrain40
373	Q0	3:52-53	4	0.5499600172042847	SimCSE_bitrain40
373	Q0	12:102-107	5	0.527058482170105	SimCSE_bitrain40
373	Q0	1:5-6	6	0.5252375602722168	SimCSE_bitrain40
373	Q0	39:11-20	7	0.5232830047607422	SimCSE_bitrain40
373	Q0	72:1-7	8	0.5174013376235962	SimCSE_bitrain40
373	Q0	16:120-124	9	0.5168084502220154	SimCSE_bitrain40
373	Q0	29:46-47	10	0.5122867226600647	SimCSE_bitrain40
374	Q0	6:84-90	1	0.40681806206703186	SimCSE_bitrain40
374	Q0	5:78-81	2	0.3843417763710022	SimCSE_bitrain40
374	Q0	3:164-165	3	0.38380372524261475	SimCSE_bitrain40
374	Q0	42:51-53	4	0.3781559467315674	SimCSE_bitrain40
374	Q0	2:170-171	5	0.37557387351989746	SimCSE_bitrain40
374	Q0	20:1-8	6	0.3755720257759094	SimCSE_bitrain40
374	Q0	29:46-47	7	0.3727397918701172	SimCSE_bitrain40
374	Q0	6:161-163	8	0.37086251378059387	SimCSE_bitrain40
374	Q0	46:29-32	9	0.36978983879089355	SimCSE_bitrain40
374	Q0	40:5-6	10	0.36862391233444214	SimCSE_bitrain40
375	Q0	2:256-256	1	0.5032969117164612	SimCSE_bitrain40
375	Q0	109:1-6	2	0.48801207542419434	SimCSE_bitrain40
375	Q0	8:50-51	3	0.48725759983062744	SimCSE_bitrain40
375	Q0	85:17-22	4	0.4781169593334198	SimCSE_bitrain40
375	Q0	67:12-12	5	0.47498250007629395	SimCSE_bitrain40
375	Q0	47:25-29	6	0.46135184168815613	SimCSE_bitrain40
375	Q0	78:38-40	7	0.45302408933639526	SimCSE_bitrain40
375	Q0	39:41-41	8	0.44857823848724365	SimCSE_bitrain40
375	Q0	22:3-4	9	0.44778338074684143	SimCSE_bitrain40
375	Q0	11:49-49	10	0.4455658197402954	SimCSE_bitrain40
376	Q0	2:282-283	1	0.597367525100708	SimCSE_bitrain40
376	Q0	62:9-11	2	0.503876805305481	SimCSE_bitrain40
376	Q0	3:130-132	3	0.4805051386356354	SimCSE_bitrain40
376	Q0	9:34-35	4	0.47006991505622864	SimCSE_bitrain40
376	Q0	4:176-176	5	0.4688596725463867	SimCSE_bitrain40
376	Q0	9:23-24	6	0.46149110794067383	SimCSE_bitrain40
376	Q0	4:11-12	7	0.46124592423439026	SimCSE_bitrain40
376	Q0	92:8-11	8	0.46016737818717957	SimCSE_bitrain40
376	Q0	38:45-48	9	0.4560892581939697	SimCSE_bitrain40
376	Q0	33:60-62	10	0.45577162504196167	SimCSE_bitrain40
378	Q0	2:282-283	1	0.6260718107223511	SimCSE_bitrain40
378	Q0	4:11-12	2	0.5113838911056519	SimCSE_bitrain40
378	Q0	62:9-11	3	0.5070194602012634	SimCSE_bitrain40
378	Q0	2:240-242	4	0.4991157650947571	SimCSE_bitrain40
378	Q0	4:176-176	5	0.4970930218696594	SimCSE_bitrain40
378	Q0	94:1-4	6	0.4928027391433716	SimCSE_bitrain40
378	Q0	67:12-12	7	0.4883813261985779	SimCSE_bitrain40
378	Q0	3:130-132	8	0.4837941825389862	SimCSE_bitrain40
378	Q0	9:23-24	9	0.48190388083457947	SimCSE_bitrain40
378	Q0	2:234-237	10	0.4805448651313782	SimCSE_bitrain40
379	Q0	39:41-41	1	0.7037590742111206	SimCSE_bitrain40
379	Q0	81:26-29	2	0.6790075302124023	SimCSE_bitrain40
379	Q0	76:29-31	3	0.6518552303314209	SimCSE_bitrain40
379	Q0	80:17-23	4	0.6404775381088257	SimCSE_bitrain40
379	Q0	74:32-37	5	0.6338605880737305	SimCSE_bitrain40
379	Q0	91:1-10	6	0.6152499914169312	SimCSE_bitrain40
379	Q0	17:12-17	7	0.6070921421051025	SimCSE_bitrain40
379	Q0	78:38-40	8	0.6051903963088989	SimCSE_bitrain40
379	Q0	2:174-176	9	0.5994369983673096	SimCSE_bitrain40
379	Q0	6:148-150	10	0.5977447032928467	SimCSE_bitrain40
380	Q0	5:6-6	1	0.5751903057098389	SimCSE_bitrain40
380	Q0	85:17-22	2	0.5586305260658264	SimCSE_bitrain40
380	Q0	94:1-4	3	0.5494974851608276	SimCSE_bitrain40
380	Q0	2:222-223	4	0.540641725063324	SimCSE_bitrain40
380	Q0	33:53-55	5	0.5406333804130554	SimCSE_bitrain40
380	Q0	33:4-6	6	0.5399168729782104	SimCSE_bitrain40
380	Q0	58:1-4	7	0.5398343801498413	SimCSE_bitrain40
380	Q0	33:32-34	8	0.5292787551879883	SimCSE_bitrain40
380	Q0	13:8-11	9	0.5281634330749512	SimCSE_bitrain40
380	Q0	2:63-66	10	0.5250717401504517	SimCSE_bitrain40
381	Q0	5:6-6	1	0.5531033277511597	SimCSE_bitrain40
381	Q0	12:93-96	2	0.49230876564979553	SimCSE_bitrain40
381	Q0	78:6-16	3	0.48652851581573486	SimCSE_bitrain40
381	Q0	47:25-29	4	0.48600655794143677	SimCSE_bitrain40
381	Q0	3:95-97	5	0.48534777760505676	SimCSE_bitrain40
381	Q0	2:124-129	6	0.48373937606811523	SimCSE_bitrain40
381	Q0	33:60-62	7	0.4816271662712097	SimCSE_bitrain40
381	Q0	31:16-19	8	0.4807262420654297	SimCSE_bitrain40
381	Q0	18:78-82	9	0.4784761667251587	SimCSE_bitrain40
381	Q0	12:16-18	10	0.47713708877563477	SimCSE_bitrain40
382	Q0	2:256-256	1	0.45965486764907837	SimCSE_bitrain40
382	Q0	33:60-62	2	0.42672210931777954	SimCSE_bitrain40
382	Q0	17:1-1	3	0.40884971618652344	SimCSE_bitrain40
382	Q0	86:11-17	4	0.3971406817436218	SimCSE_bitrain40
382	Q0	85:17-22	5	0.3933047652244568	SimCSE_bitrain40
382	Q0	95:1-6	6	0.38948363065719604	SimCSE_bitrain40
382	Q0	18:9-16	7	0.3892908990383148	SimCSE_bitrain40
382	Q0	28:33-35	8	0.38639503717422485	SimCSE_bitrain40
382	Q0	6:112-113	9	0.3828515410423279	SimCSE_bitrain40
382	Q0	4:167-169	10	0.3814693093299866	SimCSE_bitrain40
385	Q0	8:50-51	1	0.5560126304626465	SimCSE_bitrain40
385	Q0	106:1-4	2	0.5031612515449524	SimCSE_bitrain40
385	Q0	9:101-106	3	0.48937463760375977	SimCSE_bitrain40
385	Q0	33:60-62	4	0.47943294048309326	SimCSE_bitrain40
385	Q0	4:56-57	5	0.4780658185482025	SimCSE_bitrain40
385	Q0	28:20-21	6	0.47535035014152527	SimCSE_bitrain40
385	Q0	34:15-19	7	0.4631494879722595	SimCSE_bitrain40
385	Q0	4:17-18	8	0.46277564764022827	SimCSE_bitrain40
385	Q0	63:5-8	9	0.4626166522502899	SimCSE_bitrain40
385	Q0	78:6-16	10	0.46136710047721863	SimCSE_bitrain40
387	Q0	5:101-102	1	0.5561848878860474	SimCSE_bitrain40
387	Q0	2:174-176	2	0.5189871788024902	SimCSE_bitrain40
387	Q0	39:11-20	3	0.4926084280014038	SimCSE_bitrain40
387	Q0	85:17-22	4	0.480998694896698	SimCSE_bitrain40
387	Q0	62:5-8	5	0.4776133894920349	SimCSE_bitrain40
387	Q0	12:81-87	6	0.47715017199516296	SimCSE_bitrain40
387	Q0	6:68-70	7	0.47680357098579407	SimCSE_bitrain40
387	Q0	29:24-27	8	0.4754611551761627	SimCSE_bitrain40
387	Q0	23:99-114	9	0.4751805067062378	SimCSE_bitrain40
387	Q0	3:1-7	10	0.474592387676239	SimCSE_bitrain40
388	Q0	4:105-105	1	0.41007497906684875	SimCSE_bitrain40
388	Q0	11:49-49	2	0.3520507514476776	SimCSE_bitrain40
388	Q0	6:161-163	3	0.3267607092857361	SimCSE_bitrain40
388	Q0	20:99-101	4	0.3257850706577301	SimCSE_bitrain40
388	Q0	109:1-6	5	0.3256723880767822	SimCSE_bitrain40
388	Q0	7:196-198	6	0.3187752664089203	SimCSE_bitrain40
388	Q0	7:1-3	7	0.31595873832702637	SimCSE_bitrain40
388	Q0	32:1-3	8	0.31328707933425903	SimCSE_bitrain40
388	Q0	2:159-162	9	0.31139981746673584	SimCSE_bitrain40
388	Q0	40:1-4	10	0.31088918447494507	SimCSE_bitrain40
389	Q0	36:69-70	1	0.40705108642578125	SimCSE_bitrain40
389	Q0	95:7-8	2	0.40049105882644653	SimCSE_bitrain40
389	Q0	17:49-52	3	0.39797717332839966	SimCSE_bitrain40
389	Q0	14:19-20	4	0.3944602608680725	SimCSE_bitrain40
389	Q0	2:255-255	5	0.38338255882263184	SimCSE_bitrain40
389	Q0	33:18-20	6	0.3817926347255707	SimCSE_bitrain40
389	Q0	28:68-75	7	0.37821677327156067	SimCSE_bitrain40
389	Q0	79:42-46	8	0.3703022003173828	SimCSE_bitrain40
389	Q0	17:45-48	9	0.3679006099700928	SimCSE_bitrain40
389	Q0	75:1-15	10	0.3661021590232849	SimCSE_bitrain40
391	Q0	17:88-89	1	0.5399922728538513	SimCSE_bitrain40
391	Q0	39:27-31	2	0.5266894698143005	SimCSE_bitrain40
391	Q0	16:84-89	3	0.5178930759429932	SimCSE_bitrain40
391	Q0	21:45-47	4	0.516563892364502	SimCSE_bitrain40
391	Q0	18:54-56	5	0.5155056118965149	SimCSE_bitrain40
391	Q0	78:38-40	6	0.5153874158859253	SimCSE_bitrain40
391	Q0	39:1-5	7	0.5147851705551147	SimCSE_bitrain40
391	Q0	69:25-37	8	0.5091939568519592	SimCSE_bitrain40
391	Q0	17:71-77	9	0.5051188468933105	SimCSE_bitrain40
391	Q0	50:16-19	10	0.50496906042099	SimCSE_bitrain40
392	Q0	8:50-51	1	0.5613510608673096	SimCSE_bitrain40
392	Q0	2:256-256	2	0.5124542117118835	SimCSE_bitrain40
392	Q0	85:17-22	3	0.5049771070480347	SimCSE_bitrain40
392	Q0	47:25-29	4	0.502977728843689	SimCSE_bitrain40
392	Q0	74:49-56	5	0.49978116154670715	SimCSE_bitrain40
392	Q0	67:12-12	6	0.4985123872756958	SimCSE_bitrain40
392	Q0	7:141-141	7	0.4954104423522949	SimCSE_bitrain40
392	Q0	109:1-6	8	0.4929482638835907	SimCSE_bitrain40
392	Q0	78:38-40	9	0.48272037506103516	SimCSE_bitrain40
392	Q0	94:1-4	10	0.47921544313430786	SimCSE_bitrain40
393	Q0	2:256-256	1	0.6117043495178223	SimCSE_bitrain40
393	Q0	78:38-40	2	0.5955434441566467	SimCSE_bitrain40
393	Q0	39:41-41	3	0.588545024394989	SimCSE_bitrain40
393	Q0	74:49-56	4	0.5864808559417725	SimCSE_bitrain40
393	Q0	76:29-31	5	0.5843620300292969	SimCSE_bitrain40
393	Q0	109:1-6	6	0.5655328035354614	SimCSE_bitrain40
393	Q0	80:17-23	7	0.5561655759811401	SimCSE_bitrain40
393	Q0	1:7-7	8	0.5482438802719116	SimCSE_bitrain40
393	Q0	8:50-51	9	0.5469002723693848	SimCSE_bitrain40
393	Q0	22:3-4	10	0.543248176574707	SimCSE_bitrain40
394	Q0	76:29-31	1	0.5111343860626221	SimCSE_bitrain40
394	Q0	67:12-12	2	0.4938649833202362	SimCSE_bitrain40
394	Q0	2:256-256	3	0.48778054118156433	SimCSE_bitrain40
394	Q0	78:38-40	4	0.48753052949905396	SimCSE_bitrain40
394	Q0	39:41-41	5	0.4825412631034851	SimCSE_bitrain40
394	Q0	8:50-51	6	0.4735117256641388	SimCSE_bitrain40
394	Q0	80:1-16	7	0.47041982412338257	SimCSE_bitrain40
394	Q0	81:26-29	8	0.4670349955558777	SimCSE_bitrain40
394	Q0	74:49-56	9	0.4668256640434265	SimCSE_bitrain40
394	Q0	1:7-7	10	0.4658617079257965	SimCSE_bitrain40
395	Q0	33:4-6	1	0.5078064203262329	SimCSE_bitrain40
395	Q0	33:53-55	2	0.4844464063644409	SimCSE_bitrain40
395	Q0	85:17-22	3	0.48325908184051514	SimCSE_bitrain40
395	Q0	53:19-30	4	0.48003047704696655	SimCSE_bitrain40
395	Q0	69:13-18	5	0.47724229097366333	SimCSE_bitrain40
395	Q0	4:22-24	6	0.4739617705345154	SimCSE_bitrain40
395	Q0	33:49-52	7	0.47262752056121826	SimCSE_bitrain40
395	Q0	4:32-33	8	0.4725581705570221	SimCSE_bitrain40
395	Q0	23:78-92	9	0.4715280532836914	SimCSE_bitrain40
395	Q0	2:124-129	10	0.4707578718662262	SimCSE_bitrain40
396	Q0	7:141-141	1	0.6066893935203552	SimCSE_bitrain40
396	Q0	2:190-194	2	0.5894801616668701	SimCSE_bitrain40
396	Q0	2:216-218	3	0.5855727791786194	SimCSE_bitrain40
396	Q0	66:9-9	4	0.5833644866943359	SimCSE_bitrain40
396	Q0	24:4-5	5	0.5716973543167114	SimCSE_bitrain40
396	Q0	9:88-89	6	0.5687236785888672	SimCSE_bitrain40
396	Q0	4:74-76	7	0.566611111164093	SimCSE_bitrain40
396	Q0	60:8-9	8	0.5552439093589783	SimCSE_bitrain40
396	Q0	2:178-179	9	0.5541223883628845	SimCSE_bitrain40
396	Q0	5:54-56	10	0.5522185564041138	SimCSE_bitrain40
398	Q0	85:17-22	1	0.5953155755996704	SimCSE_bitrain40
398	Q0	11:12-12	2	0.5678069591522217	SimCSE_bitrain40
398	Q0	46:29-32	3	0.5652467012405396	SimCSE_bitrain40
398	Q0	72:1-7	4	0.5526463985443115	SimCSE_bitrain40
398	Q0	20:1-8	5	0.5509758591651917	SimCSE_bitrain40
398	Q0	2:170-171	6	0.5495352745056152	SimCSE_bitrain40
398	Q0	18:27-28	7	0.547773003578186	SimCSE_bitrain40
398	Q0	13:36-37	8	0.5476670861244202	SimCSE_bitrain40
398	Q0	13:1-4	9	0.5451760292053223	SimCSE_bitrain40
398	Q0	4:162-162	10	0.5425854325294495	SimCSE_bitrain40
399	Q0	11:49-49	1	0.6116093993186951	SimCSE_bitrain40
399	Q0	72:1-7	2	0.6021727323532104	SimCSE_bitrain40
399	Q0	46:29-32	3	0.5877127647399902	SimCSE_bitrain40
399	Q0	3:52-53	4	0.5829157829284668	SimCSE_bitrain40
399	Q0	11:12-12	5	0.5722748041152954	SimCSE_bitrain40
399	Q0	12:102-107	6	0.5672675371170044	SimCSE_bitrain40
399	Q0	13:1-4	7	0.5668765902519226	SimCSE_bitrain40
399	Q0	29:46-47	8	0.5663559436798096	SimCSE_bitrain40
399	Q0	34:48-54	9	0.5637151598930359	SimCSE_bitrain40
399	Q0	2:159-162	10	0.5607705116271973	SimCSE_bitrain40
400	Q0	24:4-5	1	0.6139739751815796	SimCSE_bitrain40
400	Q0	2:178-179	2	0.6089886426925659	SimCSE_bitrain40
400	Q0	4:92-93	3	0.608613133430481	SimCSE_bitrain40
400	Q0	2:190-194	4	0.5930348038673401	SimCSE_bitrain40
400	Q0	4:77-79	5	0.5928303003311157	SimCSE_bitrain40
400	Q0	4:90-91	6	0.5888892412185669	SimCSE_bitrain40
400	Q0	9:28-29	7	0.5882704854011536	SimCSE_bitrain40
400	Q0	9:81-85	8	0.5882081985473633	SimCSE_bitrain40
400	Q0	2:216-218	9	0.5881551504135132	SimCSE_bitrain40
400	Q0	9:36-37	10	0.5881402492523193	SimCSE_bitrain40
401	Q0	2:261-264	1	0.5686503648757935	SimCSE_bitrain40
401	Q0	4:36-40	2	0.5670945644378662	SimCSE_bitrain40
401	Q0	4:131-134	3	0.5609976053237915	SimCSE_bitrain40
401	Q0	34:3-5	4	0.5521321296691895	SimCSE_bitrain40
401	Q0	10:61-61	5	0.5518686175346375	SimCSE_bitrain40
401	Q0	8:41-41	6	0.5503193140029907	SimCSE_bitrain40
401	Q0	24:35-38	7	0.5480331778526306	SimCSE_bitrain40
401	Q0	4:34-35	8	0.5471115112304688	SimCSE_bitrain40
401	Q0	99:1-8	9	0.5433127880096436	SimCSE_bitrain40
401	Q0	45:36-37	10	0.5420054793357849	SimCSE_bitrain40
402	Q0	9:30-31	1	0.6202777624130249	SimCSE_bitrain40
402	Q0	2:74-75	2	0.5706362724304199	SimCSE_bitrain40
402	Q0	2:113-113	3	0.5633755326271057	SimCSE_bitrain40
402	Q0	3:187-189	4	0.5375243425369263	SimCSE_bitrain40
402	Q0	4:153-161	5	0.5272725224494934	SimCSE_bitrain40
402	Q0	2:78-79	6	0.5206834077835083	SimCSE_bitrain40
402	Q0	85:17-22	7	0.5196291208267212	SimCSE_bitrain40
402	Q0	5:41-43	8	0.5000454187393188	SimCSE_bitrain40
402	Q0	10:15-17	9	0.4938660264015198	SimCSE_bitrain40
402	Q0	6:91-92	10	0.49310797452926636	SimCSE_bitrain40
404	Q0	4:153-161	1	0.5543857216835022	SimCSE_bitrain40
404	Q0	23:17-22	2	0.5527579188346863	SimCSE_bitrain40
404	Q0	12:43-49	3	0.5453161597251892	SimCSE_bitrain40
404	Q0	47:12-15	4	0.5443297624588013	SimCSE_bitrain40
404	Q0	29:61-69	5	0.5419179201126099	SimCSE_bitrain40
404	Q0	16:65-69	6	0.5363748073577881	SimCSE_bitrain40
404	Q0	78:6-16	7	0.5358589887619019	SimCSE_bitrain40
404	Q0	18:32-44	8	0.5352004766464233	SimCSE_bitrain40
404	Q0	3:54-58	9	0.5348103046417236	SimCSE_bitrain40
404	Q0	89:1-14	10	0.5345290899276733	SimCSE_bitrain40
405	Q0	6:125-127	1	0.5835419297218323	SimCSE_bitrain40
405	Q0	10:3-6	2	0.5059565305709839	SimCSE_bitrain40
405	Q0	35:19-26	3	0.498737633228302	SimCSE_bitrain40
405	Q0	2:255-255	4	0.49758270382881165	SimCSE_bitrain40
405	Q0	10:24-25	5	0.49416857957839966	SimCSE_bitrain40
405	Q0	28:68-75	6	0.49342504143714905	SimCSE_bitrain40
405	Q0	2:28-29	7	0.4928598999977112	SimCSE_bitrain40
405	Q0	16:15-18	8	0.4926808476448059	SimCSE_bitrain40
405	Q0	18:45-46	9	0.4916384518146515	SimCSE_bitrain40
405	Q0	10:31-33	10	0.4914242625236511	SimCSE_bitrain40
407	Q0	2:74-75	1	0.5939960479736328	SimCSE_bitrain40
407	Q0	9:30-31	2	0.5796480774879456	SimCSE_bitrain40
407	Q0	2:78-79	3	0.5740280151367188	SimCSE_bitrain40
407	Q0	85:17-22	4	0.5711067914962769	SimCSE_bitrain40
407	Q0	5:41-43	5	0.5617129802703857	SimCSE_bitrain40
407	Q0	3:187-189	6	0.561034083366394	SimCSE_bitrain40
407	Q0	2:113-113	7	0.545960545539856	SimCSE_bitrain40
407	Q0	6:91-92	8	0.5427038073539734	SimCSE_bitrain40
407	Q0	4:44-46	9	0.5405989289283752	SimCSE_bitrain40
407	Q0	10:15-17	10	0.5393129587173462	SimCSE_bitrain40
408	Q0	47:25-29	1	0.5674997568130493	SimCSE_bitrain40
408	Q0	2:216-218	2	0.558462381362915	SimCSE_bitrain40
408	Q0	3:86-91	3	0.5552469491958618	SimCSE_bitrain40
408	Q0	47:1-6	4	0.5492148399353027	SimCSE_bitrain40
408	Q0	4:77-79	5	0.5477783679962158	SimCSE_bitrain40
408	Q0	66:9-9	6	0.5426118969917297	SimCSE_bitrain40
408	Q0	2:178-179	7	0.5399249196052551	SimCSE_bitrain40
408	Q0	22:25-29	8	0.5372127294540405	SimCSE_bitrain40
408	Q0	16:84-89	9	0.5347925424575806	SimCSE_bitrain40
408	Q0	3:145-148	10	0.5320690870285034	SimCSE_bitrain40
409	Q0	38:17-20	1	0.6230841279029846	SimCSE_bitrain40
409	Q0	37:139-148	2	0.6214836239814758	SimCSE_bitrain40
409	Q0	24:41-45	3	0.6035923361778259	SimCSE_bitrain40
409	Q0	27:20-28	4	0.5996981859207153	SimCSE_bitrain40
409	Q0	27:82-88	5	0.5967317819595337	SimCSE_bitrain40
409	Q0	12:43-49	6	0.5888677835464478	SimCSE_bitrain40
409	Q0	57:1-6	7	0.5793964862823486	SimCSE_bitrain40
409	Q0	3:45-51	8	0.5792704820632935	SimCSE_bitrain40
409	Q0	2:260-260	9	0.5774561166763306	SimCSE_bitrain40
409	Q0	88:17-20	10	0.5762922763824463	SimCSE_bitrain40
410	Q0	5:4-5	1	0.5917788743972778	SimCSE_bitrain40
410	Q0	60:8-9	2	0.5595393180847168	SimCSE_bitrain40
410	Q0	5:82-86	3	0.5464237332344055	SimCSE_bitrain40
410	Q0	3:52-53	4	0.5454288721084595	SimCSE_bitrain40
410	Q0	41:40-44	5	0.5366711616516113	SimCSE_bitrain40
410	Q0	85:17-22	6	0.5337485074996948	SimCSE_bitrain40
410	Q0	2:74-75	7	0.5335137844085693	SimCSE_bitrain40
410	Q0	76:5-11	8	0.5251529216766357	SimCSE_bitrain40
410	Q0	2:53-57	9	0.5225534439086914	SimCSE_bitrain40
410	Q0	33:25-27	10	0.5208997130393982	SimCSE_bitrain40
411	Q0	10:15-17	1	0.6025164127349854	SimCSE_bitrain40
411	Q0	5:4-5	2	0.5720458030700684	SimCSE_bitrain40
411	Q0	75:16-19	3	0.5680179595947266	SimCSE_bitrain40
411	Q0	3:52-53	4	0.5649423003196716	SimCSE_bitrain40
411	Q0	29:36-37	5	0.5556050539016724	SimCSE_bitrain40
411	Q0	41:1-8	6	0.5550451874732971	SimCSE_bitrain40
411	Q0	2:106-108	7	0.546745777130127	SimCSE_bitrain40
411	Q0	41:40-44	8	0.5466587543487549	SimCSE_bitrain40
411	Q0	12:1-3	9	0.5464633703231812	SimCSE_bitrain40
411	Q0	3:1-7	10	0.5433695912361145	SimCSE_bitrain40
412	Q0	2:282-283	1	0.6060101985931396	SimCSE_bitrain40
412	Q0	85:17-22	2	0.5347561240196228	SimCSE_bitrain40
412	Q0	2:178-179	3	0.5331650972366333	SimCSE_bitrain40
412	Q0	47:25-29	4	0.5279401540756226	SimCSE_bitrain40
412	Q0	62:9-11	5	0.5213523507118225	SimCSE_bitrain40
412	Q0	74:38-48	6	0.5093656778335571	SimCSE_bitrain40
412	Q0	77:16-19	7	0.5071319341659546	SimCSE_bitrain40
412	Q0	21:92-95	8	0.5060237050056458	SimCSE_bitrain40
412	Q0	78:38-40	9	0.5013846755027771	SimCSE_bitrain40
412	Q0	23:62-77	10	0.5010751485824585	SimCSE_bitrain40
413	Q0	7:141-141	1	0.6697103977203369	SimCSE_bitrain40
413	Q0	2:49-52	2	0.6108686923980713	SimCSE_bitrain40
413	Q0	14:5-8	3	0.5783227682113647	SimCSE_bitrain40
413	Q0	85:17-22	4	0.5777579545974731	SimCSE_bitrain40
413	Q0	39:41-41	5	0.5639631152153015	SimCSE_bitrain40
413	Q0	28:33-35	6	0.5480483770370483	SimCSE_bitrain40
413	Q0	2:256-256	7	0.5456368327140808	SimCSE_bitrain40
413	Q0	28:1-6	8	0.5394858717918396	SimCSE_bitrain40
413	Q0	53:31-41	9	0.5376895666122437	SimCSE_bitrain40
413	Q0	81:26-29	10	0.5346477031707764	SimCSE_bitrain40
414	Q0	58:12-13	1	0.698593020439148	SimCSE_bitrain40
414	Q0	4:64-65	2	0.6927130818367004	SimCSE_bitrain40
414	Q0	5:90-93	3	0.6854006052017212	SimCSE_bitrain40
414	Q0	33:36-40	4	0.6730326414108276	SimCSE_bitrain40
414	Q0	24:46-54	5	0.6692118644714355	SimCSE_bitrain40
414	Q0	59:6-7	6	0.668572723865509	SimCSE_bitrain40
414	Q0	4:170-170	7	0.6622292995452881	SimCSE_bitrain40
414	Q0	3:164-165	8	0.661962628364563	SimCSE_bitrain40
414	Q0	9:97-99	9	0.6554948091506958	SimCSE_bitrain40
414	Q0	24:62-64	10	0.6549297571182251	SimCSE_bitrain40
415	Q0	4:64-65	1	0.6845864057540894	SimCSE_bitrain40
415	Q0	4:12-14	2	0.68384850025177	SimCSE_bitrain40
415	Q0	58:12-13	3	0.6778667569160461	SimCSE_bitrain40
415	Q0	5:90-93	4	0.6749874353408813	SimCSE_bitrain40
415	Q0	3:31-32	5	0.6686376929283142	SimCSE_bitrain40
415	Q0	33:36-40	6	0.6598712205886841	SimCSE_bitrain40
415	Q0	33:21-24	7	0.6541708707809448	SimCSE_bitrain40
415	Q0	33:69-71	8	0.651020884513855	SimCSE_bitrain40
415	Q0	4:58-59	9	0.647212028503418	SimCSE_bitrain40
415	Q0	4:170-170	10	0.6465526223182678	SimCSE_bitrain40
416	Q0	2:208-210	1	0.5640288591384888	SimCSE_bitrain40
416	Q0	85:17-22	2	0.5580138564109802	SimCSE_bitrain40
416	Q0	2:83-86	3	0.5535142421722412	SimCSE_bitrain40
416	Q0	5:89-89	4	0.5490052103996277	SimCSE_bitrain40
416	Q0	5:12-13	5	0.547512412071228	SimCSE_bitrain40
416	Q0	28:51-56	6	0.5449936389923096	SimCSE_bitrain40
416	Q0	8:55-61	7	0.5444526672363281	SimCSE_bitrain40
416	Q0	28:33-35	8	0.5439104437828064	SimCSE_bitrain40
416	Q0	23:45-50	9	0.5430157780647278	SimCSE_bitrain40
416	Q0	4:90-91	10	0.5420798659324646	SimCSE_bitrain40
417	Q0	39:41-41	1	0.691349983215332	SimCSE_bitrain40
417	Q0	27:89-93	2	0.6014926433563232	SimCSE_bitrain40
417	Q0	17:12-17	3	0.5954722166061401	SimCSE_bitrain40
417	Q0	10:107-109	4	0.5928947925567627	SimCSE_bitrain40
417	Q0	18:29-31	5	0.5833621025085449	SimCSE_bitrain40
417	Q0	2:256-256	6	0.5714273452758789	SimCSE_bitrain40
417	Q0	109:1-6	7	0.5663454532623291	SimCSE_bitrain40
417	Q0	110:1-3	8	0.5471840500831604	SimCSE_bitrain40
417	Q0	85:17-22	9	0.5444894433021545	SimCSE_bitrain40
417	Q0	48:1-4	10	0.5317449569702148	SimCSE_bitrain40
418	Q0	107:4-7	1	0.4252890646457672	SimCSE_bitrain40
418	Q0	21:91-91	2	0.422884076833725	SimCSE_bitrain40
418	Q0	18:29-31	3	0.4163202941417694	SimCSE_bitrain40
418	Q0	27:89-93	4	0.412930428981781	SimCSE_bitrain40
418	Q0	48:1-4	5	0.40648746490478516	SimCSE_bitrain40
418	Q0	39:41-41	6	0.4038485586643219	SimCSE_bitrain40
418	Q0	110:1-3	7	0.4015749394893646	SimCSE_bitrain40
418	Q0	76:29-31	8	0.39938896894454956	SimCSE_bitrain40
418	Q0	1:7-7	9	0.39794039726257324	SimCSE_bitrain40
418	Q0	81:26-29	10	0.3976932168006897	SimCSE_bitrain40
421	Q0	39:27-31	1	0.6729158163070679	SimCSE_bitrain40
421	Q0	2:78-79	2	0.6670205593109131	SimCSE_bitrain40
421	Q0	3:52-53	3	0.6644555330276489	SimCSE_bitrain40
421	Q0	5:41-43	4	0.6591571569442749	SimCSE_bitrain40
421	Q0	85:17-22	5	0.6566843390464783	SimCSE_bitrain40
421	Q0	41:1-8	6	0.6542243361473083	SimCSE_bitrain40
421	Q0	6:145-147	7	0.6538522243499756	SimCSE_bitrain40
421	Q0	10:37-44	8	0.6502189040184021	SimCSE_bitrain40
421	Q0	24:32-34	9	0.6476349234580994	SimCSE_bitrain40
421	Q0	13:38-43	10	0.6472471356391907	SimCSE_bitrain40
422	Q0	17:1-1	1	0.5694728493690491	SimCSE_bitrain40
422	Q0	85:17-22	2	0.5545369386672974	SimCSE_bitrain40
422	Q0	12:43-49	3	0.554100513458252	SimCSE_bitrain40
422	Q0	20:17-24	4	0.5517857074737549	SimCSE_bitrain40
422	Q0	2:246-246	5	0.5500544309616089	SimCSE_bitrain40
422	Q0	79:15-26	6	0.5458021759986877	SimCSE_bitrain40
422	Q0	7:159-162	7	0.5446956157684326	SimCSE_bitrain40
422	Q0	20:9-16	8	0.544204831123352	SimCSE_bitrain40
422	Q0	5:20-26	9	0.5433967113494873	SimCSE_bitrain40
422	Q0	26:10-22	10	0.5414822101593018	SimCSE_bitrain40
423	Q0	85:17-22	1	0.5691595077514648	SimCSE_bitrain40
423	Q0	2:106-108	2	0.5577235221862793	SimCSE_bitrain40
423	Q0	18:27-28	3	0.5528103709220886	SimCSE_bitrain40
423	Q0	10:15-17	4	0.5510916709899902	SimCSE_bitrain40
423	Q0	3:78-80	5	0.5418092608451843	SimCSE_bitrain40
423	Q0	4:51-55	6	0.5404993295669556	SimCSE_bitrain40
423	Q0	5:41-43	7	0.538002610206604	SimCSE_bitrain40
423	Q0	3:52-53	8	0.5326391458511353	SimCSE_bitrain40
423	Q0	9:62-66	9	0.5171550512313843	SimCSE_bitrain40
423	Q0	4:44-46	10	0.5170542597770691	SimCSE_bitrain40
425	Q0	20:1-8	1	0.5238603353500366	SimCSE_bitrain40
425	Q0	5:101-102	2	0.5191424489021301	SimCSE_bitrain40
425	Q0	5:78-81	3	0.5170568823814392	SimCSE_bitrain40
425	Q0	21:69-73	4	0.5127547979354858	SimCSE_bitrain40
425	Q0	6:84-90	5	0.5092863440513611	SimCSE_bitrain40
425	Q0	4:163-166	6	0.5080235004425049	SimCSE_bitrain40
425	Q0	18:109-110	7	0.5073428153991699	SimCSE_bitrain40
425	Q0	5:67-69	8	0.506888210773468	SimCSE_bitrain40
425	Q0	6:91-92	9	0.5066463947296143	SimCSE_bitrain40
425	Q0	46:29-32	10	0.5065109729766846	SimCSE_bitrain40
426	Q0	5:57-58	1	0.6175069808959961	SimCSE_bitrain40
426	Q0	5:51-53	2	0.5613276958465576	SimCSE_bitrain40
426	Q0	2:74-75	3	0.4861866235733032	SimCSE_bitrain40
426	Q0	5:82-86	4	0.4496210217475891	SimCSE_bitrain40
426	Q0	5:78-81	5	0.4466756284236908	SimCSE_bitrain40
426	Q0	4:153-161	6	0.4426019489765167	SimCSE_bitrain40
426	Q0	5:101-102	7	0.4412746727466583	SimCSE_bitrain40
426	Q0	79:6-14	8	0.43825167417526245	SimCSE_bitrain40
426	Q0	2:189-189	9	0.43487733602523804	SimCSE_bitrain40
426	Q0	29:46-47	10	0.4333861470222473	SimCSE_bitrain40
427	Q0	29:46-47	1	0.5829824209213257	SimCSE_bitrain40
427	Q0	6:91-92	2	0.5291050672531128	SimCSE_bitrain40
427	Q0	13:36-37	3	0.5191254615783691	SimCSE_bitrain40
427	Q0	28:85-88	4	0.5182062387466431	SimCSE_bitrain40
427	Q0	5:78-81	5	0.5106415748596191	SimCSE_bitrain40
427	Q0	5:67-69	6	0.5018448829650879	SimCSE_bitrain40
427	Q0	5:41-43	7	0.5007326602935791	SimCSE_bitrain40
427	Q0	4:51-55	8	0.4978793263435364	SimCSE_bitrain40
427	Q0	4:60-63	9	0.4929456114768982	SimCSE_bitrain40
427	Q0	3:78-80	10	0.49245020747184753	SimCSE_bitrain40
