101	Q0	42:20-22	1	0.9998068	SimCSE_cross
101	Q0	7:54-56	2	0.9998067	SimCSE_cross
101	Q0	4:163-166	3	0.9998067	SimCSE_cross
101	Q0	42:27-31	4	0.9998067	SimCSE_cross
101	Q0	42:1-6	5	0.9998067	SimCSE_cross
101	Q0	48:24-26	6	0.99980646	SimCSE_cross
101	Q0	99:1-8	7	0.99980646	SimCSE_cross
101	Q0	2:163-164	8	0.99980646	SimCSE_cross
101	Q0	89:1-14	9	0.9998062	SimCSE_cross
101	Q0	2:146-150	10	0.9998062	SimCSE_cross
102	Q0	17:40-44	1	0.9998068	SimCSE_cross
102	Q0	18:1-6	2	0.9998067	SimCSE_cross
102	Q0	14:5-8	3	0.9998066	SimCSE_cross
102	Q0	72:25-28	4	0.99980634	SimCSE_cross
102	Q0	24:39-40	5	0.99980634	SimCSE_cross
102	Q0	71:13-20	6	0.99980634	SimCSE_cross
102	Q0	39:27-31	7	0.9998062	SimCSE_cross
102	Q0	25:21-29	8	0.9998061	SimCSE_cross
102	Q0	47:7-11	9	0.999806	SimCSE_cross
102	Q0	29:44-45	10	0.999806	SimCSE_cross
103	Q0	2:26-27	1	0.9998066	SimCSE_cross
103	Q0	20:95-98	2	0.99980646	SimCSE_cross
103	Q0	17:49-52	3	0.99980646	SimCSE_cross
103	Q0	2:231-232	4	0.99980646	SimCSE_cross
103	Q0	14:21-23	5	0.99980646	SimCSE_cross
103	Q0	4:12-14	6	0.9998062	SimCSE_cross
103	Q0	73:1-9	7	0.9998062	SimCSE_cross
103	Q0	9:36-37	8	0.9998061	SimCSE_cross
103	Q0	39:38-40	9	0.9998061	SimCSE_cross
103	Q0	76:5-11	10	0.9998061	SimCSE_cross
105	Q0	10:57-60	1	0.9998068	SimCSE_cross
105	Q0	11:112-115	2	0.9998068	SimCSE_cross
105	Q0	3:28-30	3	0.9998067	SimCSE_cross
105	Q0	2:26-27	4	0.9998067	SimCSE_cross
105	Q0	16:94-97	5	0.9998067	SimCSE_cross
105	Q0	25:30-34	6	0.9998066	SimCSE_cross
105	Q0	65:4-7	7	0.9998066	SimCSE_cross
105	Q0	20:95-98	8	0.9998066	SimCSE_cross
105	Q0	5:74-77	9	0.9998066	SimCSE_cross
105	Q0	5:12-13	10	0.9998066	SimCSE_cross
106	Q0	17:40-44	1	0.9998068	SimCSE_cross
106	Q0	14:42-46	2	0.9998067	SimCSE_cross
106	Q0	10:57-60	3	0.9998067	SimCSE_cross
106	Q0	20:95-98	4	0.9998066	SimCSE_cross
106	Q0	25:7-10	5	0.9998066	SimCSE_cross
106	Q0	6:91-92	6	0.99980646	SimCSE_cross
106	Q0	72:25-28	7	0.99980646	SimCSE_cross
106	Q0	47:7-11	8	0.9998062	SimCSE_cross
106	Q0	23:115-118	9	0.9998062	SimCSE_cross
106	Q0	58:5-6	10	0.9998061	SimCSE_cross
107	Q0	17:40-44	1	0.99980694	SimCSE_cross
107	Q0	2:272-274	2	0.9998066	SimCSE_cross
107	Q0	10:57-60	3	0.9998066	SimCSE_cross
107	Q0	4:173-175	4	0.99980646	SimCSE_cross
107	Q0	43:9-14	5	0.99980646	SimCSE_cross
107	Q0	4:176-176	6	0.99980634	SimCSE_cross
107	Q0	66:10-12	7	0.99980634	SimCSE_cross
107	Q0	46:1-5	8	0.99980634	SimCSE_cross
107	Q0	37:11-21	9	0.9998062	SimCSE_cross
107	Q0	7:59-64	10	0.9998062	SimCSE_cross
108	Q0	17:40-44	1	0.99980694	SimCSE_cross
108	Q0	9:97-99	2	0.9998068	SimCSE_cross
108	Q0	42:1-6	3	0.9998068	SimCSE_cross
108	Q0	11:18-24	4	0.9998066	SimCSE_cross
108	Q0	2:26-27	5	0.9998066	SimCSE_cross
108	Q0	43:9-14	6	0.99980646	SimCSE_cross
108	Q0	7:189-195	7	0.99980646	SimCSE_cross
108	Q0	17:66-70	8	0.99980646	SimCSE_cross
108	Q0	43:81-89	9	0.99980646	SimCSE_cross
108	Q0	39:27-31	10	0.99980646	SimCSE_cross
109	Q0	4:34-35	1	0.9998068	SimCSE_cross
109	Q0	17:40-44	2	0.9998068	SimCSE_cross
109	Q0	11:18-24	3	0.9998066	SimCSE_cross
109	Q0	14:21-23	4	0.99980646	SimCSE_cross
109	Q0	5:3-3	5	0.99980646	SimCSE_cross
109	Q0	43:81-89	6	0.99980634	SimCSE_cross
109	Q0	19:59-65	7	0.9998062	SimCSE_cross
109	Q0	17:61-65	8	0.9998061	SimCSE_cross
109	Q0	10:54-56	9	0.9998061	SimCSE_cross
109	Q0	31:33-34	10	0.999806	SimCSE_cross
110	Q0	17:40-44	1	0.99980694	SimCSE_cross
110	Q0	4:64-65	2	0.9998066	SimCSE_cross
110	Q0	11:18-24	3	0.9998066	SimCSE_cross
110	Q0	14:21-23	4	0.99980646	SimCSE_cross
110	Q0	28:57-59	5	0.99980646	SimCSE_cross
110	Q0	4:173-175	6	0.99980646	SimCSE_cross
110	Q0	2:187-187	7	0.99980634	SimCSE_cross
110	Q0	4:122-126	8	0.99980634	SimCSE_cross
110	Q0	28:85-88	9	0.9998062	SimCSE_cross
110	Q0	17:61-65	10	0.9998061	SimCSE_cross
111	Q0	35:1-4	1	0.9998068	SimCSE_cross
111	Q0	17:49-52	2	0.9998067	SimCSE_cross
111	Q0	32:4-9	3	0.9998067	SimCSE_cross
111	Q0	10:57-60	4	0.9998067	SimCSE_cross
111	Q0	73:20-20	5	0.9998067	SimCSE_cross
111	Q0	2:26-27	6	0.9998066	SimCSE_cross
111	Q0	20:95-98	7	0.9998066	SimCSE_cross
111	Q0	27:15-19	8	0.99980646	SimCSE_cross
111	Q0	64:1-4	9	0.99980646	SimCSE_cross
111	Q0	71:5-12	10	0.99980634	SimCSE_cross
112	Q0	17:40-44	1	0.99980694	SimCSE_cross
112	Q0	9:97-99	2	0.9998068	SimCSE_cross
112	Q0	10:57-60	3	0.9998067	SimCSE_cross
112	Q0	11:18-24	4	0.9998067	SimCSE_cross
112	Q0	10:65-70	5	0.9998067	SimCSE_cross
112	Q0	14:5-8	6	0.9998067	SimCSE_cross
112	Q0	64:1-4	7	0.9998066	SimCSE_cross
112	Q0	14:21-23	8	0.9998066	SimCSE_cross
112	Q0	72:25-28	9	0.9998066	SimCSE_cross
112	Q0	2:204-207	10	0.99980634	SimCSE_cross
115	Q0	73:20-20	1	0.9998067	SimCSE_cross
115	Q0	42:27-31	2	0.9998067	SimCSE_cross
115	Q0	17:78-82	3	0.9998066	SimCSE_cross
115	Q0	9:56-59	4	0.99980646	SimCSE_cross
115	Q0	89:21-30	5	0.99980634	SimCSE_cross
115	Q0	2:259-259	6	0.9998062	SimCSE_cross
115	Q0	67:1-5	7	0.9998062	SimCSE_cross
115	Q0	99:1-8	8	0.9998062	SimCSE_cross
115	Q0	73:1-9	9	0.9998062	SimCSE_cross
115	Q0	22:19-22	10	0.9998062	SimCSE_cross
116	Q0	16:94-97	1	0.9998067	SimCSE_cross
116	Q0	2:272-274	2	0.9998066	SimCSE_cross
116	Q0	24:39-40	3	0.9998066	SimCSE_cross
116	Q0	5:12-13	4	0.9998066	SimCSE_cross
116	Q0	25:30-34	5	0.99980646	SimCSE_cross
116	Q0	20:95-98	6	0.99980646	SimCSE_cross
116	Q0	14:21-23	7	0.99980646	SimCSE_cross
116	Q0	2:180-182	8	0.99980634	SimCSE_cross
116	Q0	3:86-91	9	0.99980634	SimCSE_cross
116	Q0	72:25-28	10	0.99980634	SimCSE_cross
118	Q0	6:118-121	1	0.9998068	SimCSE_cross
118	Q0	10:57-60	2	0.9998067	SimCSE_cross
118	Q0	6:138-140	3	0.9998066	SimCSE_cross
118	Q0	2:26-27	4	0.9998066	SimCSE_cross
118	Q0	2:272-274	5	0.9998066	SimCSE_cross
118	Q0	4:173-175	6	0.9998066	SimCSE_cross
118	Q0	20:95-98	7	0.99980646	SimCSE_cross
118	Q0	64:1-4	8	0.99980646	SimCSE_cross
118	Q0	6:91-92	9	0.99980646	SimCSE_cross
118	Q0	67:6-11	10	0.99980634	SimCSE_cross
119	Q0	17:40-44	1	0.9998068	SimCSE_cross
119	Q0	73:15-19	2	0.9998067	SimCSE_cross
119	Q0	20:95-98	3	0.9998066	SimCSE_cross
119	Q0	43:81-89	4	0.99980646	SimCSE_cross
119	Q0	2:26-27	5	0.99980646	SimCSE_cross
119	Q0	27:15-19	6	0.99980634	SimCSE_cross
119	Q0	4:51-55	7	0.9998062	SimCSE_cross
119	Q0	7:59-64	8	0.9998062	SimCSE_cross
119	Q0	19:59-65	9	0.9998062	SimCSE_cross
119	Q0	69:25-37	10	0.9998062	SimCSE_cross
120	Q0	30:28-32	1	0.9998068	SimCSE_cross
120	Q0	17:40-44	2	0.9998068	SimCSE_cross
120	Q0	10:57-60	3	0.9998068	SimCSE_cross
120	Q0	14:47-52	4	0.9998067	SimCSE_cross
120	Q0	56:11-26	5	0.9998067	SimCSE_cross
120	Q0	76:1-4	6	0.9998067	SimCSE_cross
120	Q0	11:18-24	7	0.9998066	SimCSE_cross
120	Q0	16:43-50	8	0.9998066	SimCSE_cross
120	Q0	5:12-13	9	0.9998066	SimCSE_cross
120	Q0	4:85-87	10	0.99980646	SimCSE_cross
121	Q0	42:27-31	1	0.9998067	SimCSE_cross
121	Q0	4:7-10	2	0.9998066	SimCSE_cross
121	Q0	9:34-35	3	0.9998066	SimCSE_cross
121	Q0	16:98-102	4	0.99980646	SimCSE_cross
121	Q0	2:26-27	5	0.99980646	SimCSE_cross
121	Q0	45:7-11	6	0.99980646	SimCSE_cross
121	Q0	65:4-7	7	0.99980634	SimCSE_cross
121	Q0	9:36-37	8	0.99980634	SimCSE_cross
121	Q0	6:132-135	9	0.9998062	SimCSE_cross
121	Q0	19:88-95	10	0.9998062	SimCSE_cross
122	Q0	14:1-4	1	0.99980694	SimCSE_cross
122	Q0	2:17-20	2	0.9998068	SimCSE_cross
122	Q0	62:1-4	3	0.9998068	SimCSE_cross
122	Q0	42:37-43	4	0.9998067	SimCSE_cross
122	Q0	12:108-111	5	0.9998067	SimCSE_cross
122	Q0	2:220-221	6	0.9998066	SimCSE_cross
122	Q0	5:82-86	7	0.9998066	SimCSE_cross
122	Q0	5:4-5	8	0.99980646	SimCSE_cross
122	Q0	6:164-165	9	0.99980646	SimCSE_cross
122	Q0	17:66-70	10	0.99980646	SimCSE_cross
123	Q0	42:20-22	1	0.99980694	SimCSE_cross
123	Q0	4:34-35	2	0.9998068	SimCSE_cross
123	Q0	73:15-19	3	0.9998067	SimCSE_cross
123	Q0	42:27-31	4	0.9998067	SimCSE_cross
123	Q0	4:114-115	5	0.9998067	SimCSE_cross
123	Q0	20:95-98	6	0.9998066	SimCSE_cross
123	Q0	17:78-82	7	0.99980646	SimCSE_cross
123	Q0	42:32-36	8	0.99980646	SimCSE_cross
123	Q0	2:243-245	9	0.99980646	SimCSE_cross
123	Q0	10:21-23	10	0.99980646	SimCSE_cross
125	Q0	17:40-44	1	0.99980694	SimCSE_cross
125	Q0	21:45-47	2	0.9998067	SimCSE_cross
125	Q0	16:94-97	3	0.9998067	SimCSE_cross
125	Q0	20:95-98	4	0.9998066	SimCSE_cross
125	Q0	43:81-89	5	0.9998066	SimCSE_cross
125	Q0	65:4-7	6	0.9998066	SimCSE_cross
125	Q0	5:74-77	7	0.9998066	SimCSE_cross
125	Q0	45:7-11	8	0.99980646	SimCSE_cross
125	Q0	48:5-7	9	0.99980634	SimCSE_cross
125	Q0	60:1-3	10	0.99980634	SimCSE_cross
127	Q0	4:64-65	1	0.9998068	SimCSE_cross
127	Q0	45:7-11	2	0.9998066	SimCSE_cross
127	Q0	43:9-14	3	0.9998066	SimCSE_cross
127	Q0	43:81-89	4	0.9998066	SimCSE_cross
127	Q0	17:53-56	5	0.9998066	SimCSE_cross
127	Q0	5:38-40	6	0.9998066	SimCSE_cross
127	Q0	4:7-10	7	0.99980646	SimCSE_cross
127	Q0	65:4-7	8	0.99980646	SimCSE_cross
127	Q0	29:41-43	9	0.99980646	SimCSE_cross
127	Q0	25:7-10	10	0.99980646	SimCSE_cross
128	Q0	9:97-99	1	0.99980694	SimCSE_cross
128	Q0	10:57-60	2	0.9998068	SimCSE_cross
128	Q0	6:118-121	3	0.9998068	SimCSE_cross
128	Q0	2:243-245	4	0.9998067	SimCSE_cross
128	Q0	20:95-98	5	0.9998067	SimCSE_cross
128	Q0	2:26-27	6	0.9998066	SimCSE_cross
128	Q0	17:49-52	7	0.9998066	SimCSE_cross
128	Q0	43:9-14	8	0.9998066	SimCSE_cross
128	Q0	2:187-187	9	0.99980646	SimCSE_cross
128	Q0	39:27-31	10	0.99980646	SimCSE_cross
129	Q0	35:1-4	1	0.9998068	SimCSE_cross
129	Q0	18:1-6	2	0.9998068	SimCSE_cross
129	Q0	4:64-65	3	0.9998068	SimCSE_cross
129	Q0	5:12-13	4	0.9998067	SimCSE_cross
129	Q0	6:138-140	5	0.9998067	SimCSE_cross
129	Q0	21:45-47	6	0.9998067	SimCSE_cross
129	Q0	17:53-56	7	0.9998067	SimCSE_cross
129	Q0	31:6-9	8	0.9998067	SimCSE_cross
129	Q0	5:3-3	9	0.9998066	SimCSE_cross
129	Q0	46:21-25	10	0.9998066	SimCSE_cross
132	Q0	9:97-99	1	0.99980694	SimCSE_cross
132	Q0	62:1-4	2	0.9998068	SimCSE_cross
132	Q0	32:4-9	3	0.9998067	SimCSE_cross
132	Q0	2:26-27	4	0.9998067	SimCSE_cross
132	Q0	7:175-178	5	0.9998066	SimCSE_cross
132	Q0	4:173-175	6	0.9998066	SimCSE_cross
132	Q0	27:15-19	7	0.9998066	SimCSE_cross
132	Q0	45:1-6	8	0.9998066	SimCSE_cross
132	Q0	2:204-207	9	0.99980646	SimCSE_cross
132	Q0	4:122-126	10	0.99980646	SimCSE_cross
133	Q0	14:1-4	1	0.99980694	SimCSE_cross
133	Q0	18:1-6	2	0.9998068	SimCSE_cross
133	Q0	35:1-4	3	0.9998068	SimCSE_cross
133	Q0	28:81-84	4	0.9998067	SimCSE_cross
133	Q0	32:4-9	5	0.9998067	SimCSE_cross
133	Q0	73:20-20	6	0.9998067	SimCSE_cross
133	Q0	47:1-6	7	0.9998067	SimCSE_cross
133	Q0	6:63-67	8	0.9998067	SimCSE_cross
133	Q0	22:19-22	9	0.9998066	SimCSE_cross
133	Q0	10:31-33	10	0.9998066	SimCSE_cross
136	Q0	10:57-60	1	0.9998068	SimCSE_cross
136	Q0	11:18-24	2	0.9998068	SimCSE_cross
136	Q0	6:91-92	3	0.9998066	SimCSE_cross
136	Q0	25:41-44	4	0.9998066	SimCSE_cross
136	Q0	16:94-97	5	0.9998066	SimCSE_cross
136	Q0	45:1-6	6	0.9998066	SimCSE_cross
136	Q0	22:8-13	7	0.9998066	SimCSE_cross
136	Q0	16:98-102	8	0.99980646	SimCSE_cross
136	Q0	41:49-52	9	0.99980646	SimCSE_cross
136	Q0	2:104-105	10	0.99980646	SimCSE_cross
137	Q0	34:6-9	1	0.99980694	SimCSE_cross
137	Q0	18:1-6	2	0.9998068	SimCSE_cross
137	Q0	47:1-6	3	0.9998067	SimCSE_cross
137	Q0	10:57-60	4	0.9998067	SimCSE_cross
137	Q0	8:9-14	5	0.9998066	SimCSE_cross
137	Q0	2:204-207	6	0.99980646	SimCSE_cross
137	Q0	18:54-56	7	0.99980634	SimCSE_cross
137	Q0	9:36-37	8	0.99980634	SimCSE_cross
137	Q0	66:10-12	9	0.99980634	SimCSE_cross
137	Q0	39:27-31	10	0.99980634	SimCSE_cross
138	Q0	17:59-60	1	0.9998067	SimCSE_cross
138	Q0	4:114-115	2	0.9998067	SimCSE_cross
138	Q0	2:163-164	3	0.9998066	SimCSE_cross
138	Q0	45:1-6	4	0.9998066	SimCSE_cross
138	Q0	64:14-18	5	0.9998066	SimCSE_cross
138	Q0	37:139-148	6	0.9998066	SimCSE_cross
138	Q0	2:99-101	7	0.99980634	SimCSE_cross
138	Q0	65:1-3	8	0.99980634	SimCSE_cross
138	Q0	2:265-266	9	0.99980634	SimCSE_cross
138	Q0	72:14-17	10	0.9998062	SimCSE_cross
139	Q0	9:97-99	1	0.99980694	SimCSE_cross
139	Q0	17:40-44	2	0.99980694	SimCSE_cross
139	Q0	6:118-121	3	0.9998068	SimCSE_cross
139	Q0	40:53-58	4	0.9998067	SimCSE_cross
139	Q0	6:138-140	5	0.9998067	SimCSE_cross
139	Q0	20:95-98	6	0.9998066	SimCSE_cross
139	Q0	2:272-274	7	0.9998066	SimCSE_cross
139	Q0	4:173-175	8	0.9998066	SimCSE_cross
139	Q0	2:26-27	9	0.9998066	SimCSE_cross
139	Q0	6:91-92	10	0.99980646	SimCSE_cross
140	Q0	17:40-44	1	0.9998068	SimCSE_cross
140	Q0	42:27-31	2	0.9998067	SimCSE_cross
140	Q0	32:4-9	3	0.9998067	SimCSE_cross
140	Q0	2:272-274	4	0.9998066	SimCSE_cross
140	Q0	6:138-140	5	0.9998066	SimCSE_cross
140	Q0	45:1-6	6	0.9998066	SimCSE_cross
140	Q0	21:45-47	7	0.9998066	SimCSE_cross
140	Q0	14:21-23	8	0.99980646	SimCSE_cross
140	Q0	20:95-98	9	0.99980646	SimCSE_cross
140	Q0	5:38-40	10	0.99980646	SimCSE_cross
141	Q0	17:49-52	1	0.9998067	SimCSE_cross
141	Q0	6:91-92	2	0.9998066	SimCSE_cross
141	Q0	25:30-34	3	0.99980646	SimCSE_cross
141	Q0	21:69-73	4	0.99980634	SimCSE_cross
141	Q0	3:145-148	5	0.99980634	SimCSE_cross
141	Q0	18:54-56	6	0.99980634	SimCSE_cross
141	Q0	5:112-115	7	0.99980634	SimCSE_cross
141	Q0	24:41-45	8	0.99980634	SimCSE_cross
141	Q0	5:3-3	9	0.99980634	SimCSE_cross
141	Q0	48:10-13	10	0.9998062	SimCSE_cross
142	Q0	21:25-29	1	0.9998067	SimCSE_cross
142	Q0	5:12-13	2	0.9998067	SimCSE_cross
142	Q0	7:159-162	3	0.9998066	SimCSE_cross
142	Q0	16:98-102	4	0.9998066	SimCSE_cross
142	Q0	47:7-11	5	0.99980646	SimCSE_cross
142	Q0	14:21-23	6	0.99980646	SimCSE_cross
142	Q0	4:19-21	7	0.99980646	SimCSE_cross
142	Q0	72:25-28	8	0.99980646	SimCSE_cross
142	Q0	34:10-13	9	0.99980634	SimCSE_cross
142	Q0	2:204-207	10	0.9998062	SimCSE_cross
143	Q0	3:133-136	1	0.9998068	SimCSE_cross
143	Q0	24:21-22	2	0.9998067	SimCSE_cross
143	Q0	16:94-97	3	0.9998067	SimCSE_cross
143	Q0	2:187-187	4	0.9998066	SimCSE_cross
143	Q0	26:123-140	5	0.9998066	SimCSE_cross
143	Q0	23:17-22	6	0.9998066	SimCSE_cross
143	Q0	64:14-18	7	0.99980646	SimCSE_cross
143	Q0	19:59-65	8	0.99980646	SimCSE_cross
143	Q0	62:9-11	9	0.9998062	SimCSE_cross
143	Q0	28:85-88	10	0.9998062	SimCSE_cross
144	Q0	9:97-99	1	0.9998068	SimCSE_cross
144	Q0	14:47-52	2	0.9998068	SimCSE_cross
144	Q0	10:57-60	3	0.9998068	SimCSE_cross
144	Q0	4:64-65	4	0.9998067	SimCSE_cross
144	Q0	47:1-6	5	0.9998067	SimCSE_cross
144	Q0	22:5-7	6	0.9998067	SimCSE_cross
144	Q0	17:66-70	7	0.9998066	SimCSE_cross
144	Q0	71:13-20	8	0.9998066	SimCSE_cross
144	Q0	2:154-157	9	0.99980646	SimCSE_cross
144	Q0	12:102-107	10	0.99980646	SimCSE_cross
145	Q0	10:57-60	1	0.9998067	SimCSE_cross
145	Q0	32:4-9	2	0.9998066	SimCSE_cross
145	Q0	66:10-12	3	0.99980634	SimCSE_cross
145	Q0	43:81-89	4	0.99980634	SimCSE_cross
145	Q0	16:98-102	5	0.99980634	SimCSE_cross
145	Q0	20:102-113	6	0.99980634	SimCSE_cross
145	Q0	99:1-8	7	0.9998062	SimCSE_cross
145	Q0	73:1-9	8	0.9998062	SimCSE_cross
145	Q0	71:13-20	9	0.9998062	SimCSE_cross
145	Q0	16:15-18	10	0.9998062	SimCSE_cross
146	Q0	3:133-136	1	0.99980694	SimCSE_cross
146	Q0	32:4-9	2	0.9998068	SimCSE_cross
146	Q0	24:39-40	3	0.9998066	SimCSE_cross
146	Q0	19:66-72	4	0.9998066	SimCSE_cross
146	Q0	20:115-122	5	0.9998066	SimCSE_cross
146	Q0	25:30-34	6	0.9998066	SimCSE_cross
146	Q0	77:29-40	7	0.99980646	SimCSE_cross
146	Q0	37:139-148	8	0.99980646	SimCSE_cross
146	Q0	41:19-24	9	0.99980646	SimCSE_cross
146	Q0	71:5-12	10	0.99980634	SimCSE_cross
147	Q0	48:1-4	1	0.9998066	SimCSE_cross
147	Q0	57:1-6	2	0.99980646	SimCSE_cross
147	Q0	99:1-8	3	0.99980646	SimCSE_cross
147	Q0	16:15-18	4	0.99980634	SimCSE_cross
147	Q0	78:6-16	5	0.99980634	SimCSE_cross
147	Q0	4:12-14	6	0.99980634	SimCSE_cross
147	Q0	59:6-7	7	0.99980634	SimCSE_cross
147	Q0	4:36-40	8	0.99980634	SimCSE_cross
147	Q0	46:26-28	9	0.99980634	SimCSE_cross
147	Q0	4:106-109	10	0.9998062	SimCSE_cross
149	Q0	9:97-99	1	0.9998068	SimCSE_cross
149	Q0	4:7-10	2	0.9998067	SimCSE_cross
149	Q0	32:4-9	3	0.9998066	SimCSE_cross
149	Q0	2:26-27	4	0.99980646	SimCSE_cross
149	Q0	6:93-94	5	0.99980646	SimCSE_cross
149	Q0	22:14-15	6	0.9998062	SimCSE_cross
149	Q0	41:19-24	7	0.9998062	SimCSE_cross
149	Q0	26:141-159	8	0.9998062	SimCSE_cross
149	Q0	19:88-95	9	0.9998062	SimCSE_cross
149	Q0	6:132-135	10	0.9998062	SimCSE_cross
151	Q0	6:125-127	1	0.99980694	SimCSE_cross
151	Q0	73:15-19	2	0.9998067	SimCSE_cross
151	Q0	21:78-82	3	0.9998067	SimCSE_cross
151	Q0	30:1-7	4	0.9998067	SimCSE_cross
151	Q0	35:1-4	5	0.9998066	SimCSE_cross
151	Q0	62:1-4	6	0.9998066	SimCSE_cross
151	Q0	42:27-31	7	0.9998066	SimCSE_cross
151	Q0	28:57-59	8	0.99980646	SimCSE_cross
151	Q0	17:66-70	9	0.99980646	SimCSE_cross
151	Q0	6:91-92	10	0.99980634	SimCSE_cross
152	Q0	11:112-115	1	0.9998067	SimCSE_cross
152	Q0	46:26-28	2	0.9998066	SimCSE_cross
152	Q0	19:66-72	3	0.9998066	SimCSE_cross
152	Q0	26:123-140	4	0.99980646	SimCSE_cross
152	Q0	16:56-62	5	0.99980646	SimCSE_cross
152	Q0	18:54-56	6	0.99980646	SimCSE_cross
152	Q0	22:73-76	7	0.99980634	SimCSE_cross
152	Q0	43:81-89	8	0.99980634	SimCSE_cross
152	Q0	16:98-102	9	0.99980634	SimCSE_cross
152	Q0	10:54-56	10	0.9998062	SimCSE_cross
153	Q0	30:1-7	1	0.99980694	SimCSE_cross
153	Q0	17:40-44	2	0.99980694	SimCSE_cross
153	Q0	11:112-115	3	0.9998068	SimCSE_cross
153	Q0	16:98-102	4	0.99980646	SimCSE_cross
153	Q0	62:9-11	5	0.99980646	SimCSE_cross
153	Q0	48:5-7	6	0.99980646	SimCSE_cross
153	Q0	41:49-52	7	0.99980634	SimCSE_cross
153	Q0	63:9-11	8	0.99980634	SimCSE_cross
153	Q0	10:54-56	9	0.99980634	SimCSE_cross
153	Q0	49:6-8	10	0.99980634	SimCSE_cross
154	Q0	20:95-98	1	0.9998067	SimCSE_cross
154	Q0	14:42-46	2	0.9998067	SimCSE_cross
154	Q0	38:27-29	3	0.9998066	SimCSE_cross
154	Q0	2:26-27	4	0.9998066	SimCSE_cross
154	Q0	6:122-124	5	0.9998066	SimCSE_cross
154	Q0	2:275-276	6	0.99980646	SimCSE_cross
154	Q0	6:91-92	7	0.99980646	SimCSE_cross
154	Q0	67:6-11	8	0.99980646	SimCSE_cross
154	Q0	9:38-40	9	0.99980646	SimCSE_cross
154	Q0	22:14-15	10	0.99980634	SimCSE_cross
155	Q0	11:1-5	1	0.99980694	SimCSE_cross
155	Q0	20:95-98	2	0.9998068	SimCSE_cross
155	Q0	6:93-94	3	0.9998067	SimCSE_cross
155	Q0	62:1-4	4	0.9998067	SimCSE_cross
155	Q0	14:42-46	5	0.9998067	SimCSE_cross
155	Q0	5:3-3	6	0.9998066	SimCSE_cross
155	Q0	2:187-187	7	0.99980646	SimCSE_cross
155	Q0	2:275-276	8	0.99980646	SimCSE_cross
155	Q0	67:6-11	9	0.99980646	SimCSE_cross
155	Q0	70:40-44	10	0.99980646	SimCSE_cross
159	Q0	17:40-44	1	0.9998068	SimCSE_cross
159	Q0	9:97-99	2	0.9998068	SimCSE_cross
159	Q0	5:3-3	3	0.9998066	SimCSE_cross
159	Q0	11:112-115	4	0.9998066	SimCSE_cross
159	Q0	43:81-89	5	0.99980646	SimCSE_cross
159	Q0	66:10-12	6	0.99980646	SimCSE_cross
159	Q0	25:45-55	7	0.99980634	SimCSE_cross
159	Q0	69:25-37	8	0.99980634	SimCSE_cross
159	Q0	19:59-65	9	0.99980634	SimCSE_cross
159	Q0	10:54-56	10	0.9998062	SimCSE_cross
160	Q0	17:40-44	1	0.9998068	SimCSE_cross
160	Q0	42:1-6	2	0.9998068	SimCSE_cross
160	Q0	35:1-4	3	0.9998068	SimCSE_cross
160	Q0	16:43-50	4	0.9998067	SimCSE_cross
160	Q0	20:95-98	5	0.9998067	SimCSE_cross
160	Q0	14:5-8	6	0.9998067	SimCSE_cross
160	Q0	25:3-6	7	0.9998066	SimCSE_cross
160	Q0	26:213-227	8	0.9998066	SimCSE_cross
160	Q0	14:21-23	9	0.9998066	SimCSE_cross
160	Q0	16:98-102	10	0.99980646	SimCSE_cross
163	Q0	10:57-60	1	0.99980694	SimCSE_cross
163	Q0	20:95-98	2	0.99980694	SimCSE_cross
163	Q0	5:38-40	3	0.9998068	SimCSE_cross
163	Q0	72:25-28	4	0.9998067	SimCSE_cross
163	Q0	5:70-71	5	0.9998067	SimCSE_cross
163	Q0	16:98-102	6	0.9998067	SimCSE_cross
163	Q0	11:18-24	7	0.9998067	SimCSE_cross
163	Q0	5:12-13	8	0.9998066	SimCSE_cross
163	Q0	6:46-50	9	0.9998066	SimCSE_cross
163	Q0	38:1-11	10	0.99980646	SimCSE_cross
164	Q0	42:1-6	1	0.99980694	SimCSE_cross
164	Q0	10:57-60	2	0.9998068	SimCSE_cross
164	Q0	17:40-44	3	0.9998068	SimCSE_cross
164	Q0	20:95-98	4	0.9998067	SimCSE_cross
164	Q0	26:123-140	5	0.9998066	SimCSE_cross
164	Q0	78:6-16	6	0.9998066	SimCSE_cross
164	Q0	65:4-7	7	0.9998066	SimCSE_cross
164	Q0	18:78-82	8	0.99980646	SimCSE_cross
164	Q0	74:27-31	9	0.99980646	SimCSE_cross
164	Q0	6:8-11	10	0.99980646	SimCSE_cross
201	Q0	9:97-99	1	0.99980694	SimCSE_cross
201	Q0	35:1-4	2	0.9998068	SimCSE_cross
201	Q0	30:1-7	3	0.9998068	SimCSE_cross
201	Q0	20:128-132	4	0.9998067	SimCSE_cross
201	Q0	33:42-48	5	0.9998066	SimCSE_cross
201	Q0	36:77-83	6	0.9998066	SimCSE_cross
201	Q0	9:7-11	7	0.99980646	SimCSE_cross
201	Q0	8:67-71	8	0.99980646	SimCSE_cross
201	Q0	4:122-126	9	0.99980646	SimCSE_cross
201	Q0	7:175-178	10	0.99980646	SimCSE_cross
202	Q0	16:65-69	1	0.9998067	SimCSE_cross
202	Q0	30:1-7	2	0.9998067	SimCSE_cross
202	Q0	71:13-20	3	0.9998066	SimCSE_cross
202	Q0	11:18-24	4	0.9998066	SimCSE_cross
202	Q0	21:16-20	5	0.99980646	SimCSE_cross
202	Q0	63:5-8	6	0.99980646	SimCSE_cross
202	Q0	9:7-11	7	0.99980646	SimCSE_cross
202	Q0	14:21-23	8	0.99980634	SimCSE_cross
202	Q0	28:85-88	9	0.99980634	SimCSE_cross
202	Q0	4:140-143	10	0.9998062	SimCSE_cross
204	Q0	17:40-44	1	0.9998068	SimCSE_cross
204	Q0	9:97-99	2	0.9998067	SimCSE_cross
204	Q0	10:65-70	3	0.9998066	SimCSE_cross
204	Q0	4:64-65	4	0.9998066	SimCSE_cross
204	Q0	11:18-24	5	0.9998066	SimCSE_cross
204	Q0	2:26-27	6	0.99980646	SimCSE_cross
204	Q0	43:81-89	7	0.99980634	SimCSE_cross
204	Q0	7:189-195	8	0.9998062	SimCSE_cross
204	Q0	4:122-126	9	0.9998062	SimCSE_cross
204	Q0	45:7-11	10	0.9998062	SimCSE_cross
205	Q0	42:1-6	1	0.99980694	SimCSE_cross
205	Q0	17:53-56	2	0.9998066	SimCSE_cross
205	Q0	5:12-13	3	0.9998066	SimCSE_cross
205	Q0	16:98-102	4	0.99980646	SimCSE_cross
205	Q0	3:187-189	5	0.99980646	SimCSE_cross
205	Q0	6:136-137	6	0.99980646	SimCSE_cross
205	Q0	50:36-45	7	0.99980646	SimCSE_cross
205	Q0	21:42-44	8	0.99980634	SimCSE_cross
205	Q0	67:13-15	9	0.99980634	SimCSE_cross
205	Q0	41:49-52	10	0.99980634	SimCSE_cross
208	Q0	25:7-10	1	0.99980646	SimCSE_cross
208	Q0	17:49-52	2	0.99980646	SimCSE_cross
208	Q0	57:18-21	3	0.99980634	SimCSE_cross
208	Q0	9:36-37	4	0.99980634	SimCSE_cross
208	Q0	2:174-176	5	0.99980634	SimCSE_cross
208	Q0	25:21-29	6	0.9998062	SimCSE_cross
208	Q0	73:1-9	7	0.9998062	SimCSE_cross
208	Q0	37:11-21	8	0.9998061	SimCSE_cross
208	Q0	7:28-30	9	0.999806	SimCSE_cross
208	Q0	20:49-55	10	0.999806	SimCSE_cross
209	Q0	42:27-31	1	0.9998066	SimCSE_cross
209	Q0	20:95-98	2	0.9998066	SimCSE_cross
209	Q0	2:104-105	3	0.99980646	SimCSE_cross
209	Q0	22:8-13	4	0.99980634	SimCSE_cross
209	Q0	70:8-18	5	0.99980634	SimCSE_cross
209	Q0	10:54-56	6	0.99980634	SimCSE_cross
209	Q0	25:30-34	7	0.99980634	SimCSE_cross
209	Q0	16:98-102	8	0.99980634	SimCSE_cross
209	Q0	19:59-65	9	0.9998062	SimCSE_cross
209	Q0	4:12-14	10	0.9998062	SimCSE_cross
211	Q0	20:95-98	1	0.9998067	SimCSE_cross
211	Q0	72:25-28	2	0.9998067	SimCSE_cross
211	Q0	11:18-24	3	0.9998067	SimCSE_cross
211	Q0	10:65-70	4	0.9998066	SimCSE_cross
211	Q0	25:41-44	5	0.99980646	SimCSE_cross
211	Q0	14:21-23	6	0.99980646	SimCSE_cross
211	Q0	12:4-6	7	0.99980646	SimCSE_cross
211	Q0	4:51-55	8	0.99980646	SimCSE_cross
211	Q0	7:189-195	9	0.99980646	SimCSE_cross
211	Q0	25:45-55	10	0.99980634	SimCSE_cross
212	Q0	42:20-22	1	0.9998068	SimCSE_cross
212	Q0	18:1-6	2	0.9998068	SimCSE_cross
212	Q0	17:78-82	3	0.9998067	SimCSE_cross
212	Q0	42:27-31	4	0.9998067	SimCSE_cross
212	Q0	3:28-30	5	0.9998066	SimCSE_cross
212	Q0	67:6-11	6	0.99980646	SimCSE_cross
212	Q0	6:91-92	7	0.99980646	SimCSE_cross
212	Q0	2:204-207	8	0.99980646	SimCSE_cross
212	Q0	8:5-8	9	0.99980646	SimCSE_cross
212	Q0	22:19-22	10	0.99980634	SimCSE_cross
216	Q0	35:1-4	1	0.9998067	SimCSE_cross
216	Q0	6:33-35	2	0.9998067	SimCSE_cross
216	Q0	20:95-98	3	0.9998067	SimCSE_cross
216	Q0	40:53-58	4	0.9998067	SimCSE_cross
216	Q0	12:19-22	5	0.9998066	SimCSE_cross
216	Q0	7:175-178	6	0.9998066	SimCSE_cross
216	Q0	14:5-8	7	0.9998066	SimCSE_cross
216	Q0	4:110-112	8	0.99980646	SimCSE_cross
216	Q0	27:15-19	9	0.99980646	SimCSE_cross
216	Q0	8:67-71	10	0.99980646	SimCSE_cross
217	Q0	9:97-99	1	0.9998068	SimCSE_cross
217	Q0	42:1-6	2	0.9998068	SimCSE_cross
217	Q0	16:94-97	3	0.9998066	SimCSE_cross
217	Q0	6:138-140	4	0.9998066	SimCSE_cross
217	Q0	26:213-227	5	0.9998066	SimCSE_cross
217	Q0	20:95-98	6	0.99980646	SimCSE_cross
217	Q0	19:59-65	7	0.99980634	SimCSE_cross
217	Q0	4:173-175	8	0.99980634	SimCSE_cross
217	Q0	6:141-142	9	0.9998062	SimCSE_cross
217	Q0	81:15-25	10	0.9998061	SimCSE_cross
219	Q0	10:57-60	1	0.9998068	SimCSE_cross
219	Q0	73:15-19	2	0.9998068	SimCSE_cross
219	Q0	14:47-52	3	0.9998067	SimCSE_cross
219	Q0	11:18-24	4	0.9998067	SimCSE_cross
219	Q0	10:65-70	5	0.9998067	SimCSE_cross
219	Q0	20:95-98	6	0.9998067	SimCSE_cross
219	Q0	4:71-73	7	0.9998066	SimCSE_cross
219	Q0	16:15-18	8	0.9998066	SimCSE_cross
219	Q0	72:25-28	9	0.9998066	SimCSE_cross
219	Q0	6:91-92	10	0.9998066	SimCSE_cross
220	Q0	17:40-44	1	0.99980694	SimCSE_cross
220	Q0	21:45-47	2	0.9998068	SimCSE_cross
220	Q0	9:97-99	3	0.9998068	SimCSE_cross
220	Q0	11:18-24	4	0.9998067	SimCSE_cross
220	Q0	32:4-9	5	0.9998067	SimCSE_cross
220	Q0	2:26-27	6	0.9998067	SimCSE_cross
220	Q0	20:95-98	7	0.9998067	SimCSE_cross
220	Q0	4:51-55	8	0.99980646	SimCSE_cross
220	Q0	72:25-28	9	0.99980646	SimCSE_cross
220	Q0	14:21-23	10	0.99980646	SimCSE_cross
225	Q0	7:54-56	1	0.99980694	SimCSE_cross
225	Q0	6:136-137	2	0.9998068	SimCSE_cross
225	Q0	23:17-22	3	0.9998068	SimCSE_cross
225	Q0	43:36-39	4	0.9998067	SimCSE_cross
225	Q0	8:5-8	5	0.9998067	SimCSE_cross
225	Q0	31:27-28	6	0.9998066	SimCSE_cross
225	Q0	22:19-22	7	0.9998066	SimCSE_cross
225	Q0	64:7-10	8	0.9998066	SimCSE_cross
225	Q0	67:13-15	9	0.9998066	SimCSE_cross
225	Q0	50:12-15	10	0.9998066	SimCSE_cross
227	Q0	17:40-44	1	0.99980694	SimCSE_cross
227	Q0	10:57-60	2	0.9998068	SimCSE_cross
227	Q0	11:18-24	3	0.9998067	SimCSE_cross
227	Q0	43:9-14	4	0.9998066	SimCSE_cross
227	Q0	10:54-56	5	0.99980646	SimCSE_cross
227	Q0	66:10-12	6	0.99980646	SimCSE_cross
227	Q0	2:275-276	7	0.99980646	SimCSE_cross
227	Q0	72:25-28	8	0.99980634	SimCSE_cross
227	Q0	62:9-11	9	0.99980634	SimCSE_cross
227	Q0	15:10-15	10	0.9998062	SimCSE_cross
230	Q0	29:38-40	1	0.9998068	SimCSE_cross
230	Q0	18:47-49	2	0.9998067	SimCSE_cross
230	Q0	48:24-26	3	0.9998067	SimCSE_cross
230	Q0	6:63-67	4	0.9998067	SimCSE_cross
230	Q0	9:62-66	5	0.9998066	SimCSE_cross
230	Q0	6:46-50	6	0.9998066	SimCSE_cross
230	Q0	25:7-10	7	0.9998066	SimCSE_cross
230	Q0	17:66-70	8	0.9998066	SimCSE_cross
230	Q0	6:91-92	9	0.9998066	SimCSE_cross
230	Q0	6:122-124	10	0.9998066	SimCSE_cross
231	Q0	9:97-99	1	0.99980694	SimCSE_cross
231	Q0	17:40-44	2	0.9998068	SimCSE_cross
231	Q0	42:1-6	3	0.9998068	SimCSE_cross
231	Q0	62:1-4	4	0.9998067	SimCSE_cross
231	Q0	45:7-11	5	0.9998066	SimCSE_cross
231	Q0	2:26-27	6	0.9998066	SimCSE_cross
231	Q0	9:56-59	7	0.9998066	SimCSE_cross
231	Q0	16:98-102	8	0.9998066	SimCSE_cross
231	Q0	62:9-11	9	0.9998066	SimCSE_cross
231	Q0	43:81-89	10	0.9998066	SimCSE_cross
232	Q0	4:34-35	1	0.99980694	SimCSE_cross
232	Q0	17:40-44	2	0.9998068	SimCSE_cross
232	Q0	73:15-19	3	0.9998067	SimCSE_cross
232	Q0	41:33-36	4	0.9998067	SimCSE_cross
232	Q0	43:81-89	5	0.9998066	SimCSE_cross
232	Q0	22:8-13	6	0.9998066	SimCSE_cross
232	Q0	19:59-65	7	0.9998066	SimCSE_cross
232	Q0	64:14-18	8	0.9998066	SimCSE_cross
232	Q0	20:95-98	9	0.9998066	SimCSE_cross
232	Q0	4:173-175	10	0.99980646	SimCSE_cross
233	Q0	4:66-70	1	0.99980694	SimCSE_cross
233	Q0	35:1-4	2	0.9998068	SimCSE_cross
233	Q0	27:15-19	3	0.9998066	SimCSE_cross
233	Q0	4:173-175	4	0.9998066	SimCSE_cross
233	Q0	20:95-98	5	0.9998066	SimCSE_cross
233	Q0	17:49-52	6	0.9998066	SimCSE_cross
233	Q0	5:12-13	7	0.9998066	SimCSE_cross
233	Q0	14:21-23	8	0.99980646	SimCSE_cross
233	Q0	4:51-55	9	0.99980646	SimCSE_cross
233	Q0	43:81-89	10	0.99980646	SimCSE_cross
235	Q0	16:70-72	1	0.99980694	SimCSE_cross
235	Q0	34:6-9	2	0.9998068	SimCSE_cross
235	Q0	30:55-60	3	0.9998066	SimCSE_cross
235	Q0	4:64-65	4	0.9998066	SimCSE_cross
235	Q0	10:57-60	5	0.99980646	SimCSE_cross
235	Q0	46:26-28	6	0.99980634	SimCSE_cross
235	Q0	57:25-27	7	0.99980634	SimCSE_cross
235	Q0	17:59-60	8	0.99980634	SimCSE_cross
235	Q0	11:103-108	9	0.99980634	SimCSE_cross
235	Q0	7:199-203	10	0.9998062	SimCSE_cross
236	Q0	17:40-44	1	0.9998068	SimCSE_cross
236	Q0	9:97-99	2	0.9998067	SimCSE_cross
236	Q0	4:34-35	3	0.9998067	SimCSE_cross
236	Q0	11:18-24	4	0.9998066	SimCSE_cross
236	Q0	48:1-4	5	0.99980646	SimCSE_cross
236	Q0	62:1-4	6	0.99980646	SimCSE_cross
236	Q0	16:112-113	7	0.99980634	SimCSE_cross
236	Q0	6:91-92	8	0.99980634	SimCSE_cross
236	Q0	11:15-17	9	0.9998062	SimCSE_cross
236	Q0	62:9-11	10	0.9998061	SimCSE_cross
237	Q0	9:97-99	1	0.99980694	SimCSE_cross
237	Q0	42:1-6	2	0.99980694	SimCSE_cross
237	Q0	20:95-98	3	0.9998068	SimCSE_cross
237	Q0	10:57-60	4	0.9998068	SimCSE_cross
237	Q0	35:1-4	5	0.9998068	SimCSE_cross
237	Q0	16:43-50	6	0.9998066	SimCSE_cross
237	Q0	43:81-89	7	0.9998066	SimCSE_cross
237	Q0	67:6-11	8	0.9998066	SimCSE_cross
237	Q0	71:13-20	9	0.9998066	SimCSE_cross
237	Q0	2:146-150	10	0.99980646	SimCSE_cross
238	Q0	4:34-35	1	0.9998068	SimCSE_cross
238	Q0	11:8-11	2	0.9998067	SimCSE_cross
238	Q0	35:1-4	3	0.9998067	SimCSE_cross
238	Q0	15:90-99	4	0.9998067	SimCSE_cross
238	Q0	46:29-32	5	0.99980646	SimCSE_cross
238	Q0	21:45-47	6	0.99980646	SimCSE_cross
238	Q0	16:112-113	7	0.99980646	SimCSE_cross
238	Q0	22:19-22	8	0.99980646	SimCSE_cross
238	Q0	4:60-63	9	0.99980634	SimCSE_cross
238	Q0	53:31-41	10	0.99980634	SimCSE_cross
240	Q0	11:1-5	1	0.9998068	SimCSE_cross
240	Q0	14:5-8	2	0.9998066	SimCSE_cross
240	Q0	24:39-40	3	0.9998066	SimCSE_cross
240	Q0	6:138-140	4	0.9998066	SimCSE_cross
240	Q0	39:32-37	5	0.9998066	SimCSE_cross
240	Q0	9:56-59	6	0.99980634	SimCSE_cross
240	Q0	99:1-8	7	0.99980634	SimCSE_cross
240	Q0	5:89-89	8	0.99980634	SimCSE_cross
240	Q0	42:44-46	9	0.99980634	SimCSE_cross
240	Q0	16:98-102	10	0.99980634	SimCSE_cross
243	Q0	10:57-60	1	0.9998067	SimCSE_cross
243	Q0	11:18-24	2	0.9998067	SimCSE_cross
243	Q0	11:112-115	3	0.9998067	SimCSE_cross
243	Q0	20:95-98	4	0.9998066	SimCSE_cross
243	Q0	37:171-182	5	0.99980646	SimCSE_cross
243	Q0	16:94-97	6	0.99980646	SimCSE_cross
243	Q0	6:8-11	7	0.99980634	SimCSE_cross
243	Q0	43:81-89	8	0.99980634	SimCSE_cross
243	Q0	12:4-6	9	0.9998062	SimCSE_cross
243	Q0	69:25-37	10	0.9998062	SimCSE_cross
244	Q0	9:97-99	1	0.9998068	SimCSE_cross
244	Q0	4:34-35	2	0.9998068	SimCSE_cross
244	Q0	47:1-6	3	0.9998067	SimCSE_cross
244	Q0	6:164-165	4	0.9998066	SimCSE_cross
244	Q0	37:1-10	5	0.9998066	SimCSE_cross
244	Q0	35:1-4	6	0.9998066	SimCSE_cross
244	Q0	25:30-34	7	0.99980646	SimCSE_cross
244	Q0	32:4-9	8	0.99980646	SimCSE_cross
244	Q0	9:62-66	9	0.99980646	SimCSE_cross
244	Q0	9:56-59	10	0.99980646	SimCSE_cross
248	Q0	20:95-98	1	0.9998067	SimCSE_cross
248	Q0	11:18-24	2	0.9998067	SimCSE_cross
248	Q0	64:14-18	3	0.9998066	SimCSE_cross
248	Q0	43:81-89	4	0.9998066	SimCSE_cross
248	Q0	74:27-31	5	0.9998066	SimCSE_cross
248	Q0	2:104-105	6	0.9998066	SimCSE_cross
248	Q0	4:51-55	7	0.9998066	SimCSE_cross
248	Q0	7:189-195	8	0.99980646	SimCSE_cross
248	Q0	71:13-20	9	0.99980646	SimCSE_cross
248	Q0	13:25-27	10	0.99980646	SimCSE_cross
249	Q0	10:57-60	1	0.99980694	SimCSE_cross
249	Q0	6:118-121	2	0.9998068	SimCSE_cross
249	Q0	2:163-164	3	0.9998067	SimCSE_cross
249	Q0	18:1-6	4	0.9998067	SimCSE_cross
249	Q0	26:1-9	5	0.9998067	SimCSE_cross
249	Q0	72:14-17	6	0.99980646	SimCSE_cross
249	Q0	70:40-44	7	0.99980646	SimCSE_cross
249	Q0	78:6-16	8	0.99980646	SimCSE_cross
249	Q0	4:25-25	9	0.99980634	SimCSE_cross
249	Q0	56:27-40	10	0.99980634	SimCSE_cross
251	Q0	4:47-48	1	0.9998066	SimCSE_cross
251	Q0	17:45-48	2	0.9998066	SimCSE_cross
251	Q0	16:80-83	3	0.9998066	SimCSE_cross
251	Q0	8:5-8	4	0.99980646	SimCSE_cross
251	Q0	16:98-102	5	0.99980646	SimCSE_cross
251	Q0	42:47-50	6	0.99980646	SimCSE_cross
251	Q0	7:11-18	7	0.99980634	SimCSE_cross
251	Q0	18:78-82	8	0.9998062	SimCSE_cross
251	Q0	70:22-35	9	0.9998062	SimCSE_cross
251	Q0	20:80-82	10	0.9998062	SimCSE_cross
252	Q0	17:40-44	1	0.99980694	SimCSE_cross
252	Q0	73:15-19	2	0.9998068	SimCSE_cross
252	Q0	47:1-6	3	0.9998067	SimCSE_cross
252	Q0	62:1-4	4	0.9998066	SimCSE_cross
252	Q0	3:28-30	5	0.9998066	SimCSE_cross
252	Q0	25:30-34	6	0.9998066	SimCSE_cross
252	Q0	2:187-187	7	0.99980646	SimCSE_cross
252	Q0	16:98-102	8	0.99980634	SimCSE_cross
252	Q0	4:122-126	9	0.99980634	SimCSE_cross
252	Q0	27:20-28	10	0.99980634	SimCSE_cross
253	Q0	17:40-44	1	0.99980694	SimCSE_cross
253	Q0	16:43-50	2	0.9998067	SimCSE_cross
253	Q0	43:81-89	3	0.9998067	SimCSE_cross
253	Q0	11:18-24	4	0.9998067	SimCSE_cross
253	Q0	12:102-107	5	0.9998066	SimCSE_cross
253	Q0	15:10-15	6	0.99980646	SimCSE_cross
253	Q0	10:54-56	7	0.99980646	SimCSE_cross
253	Q0	29:56-60	8	0.99980646	SimCSE_cross
253	Q0	14:21-23	9	0.99980634	SimCSE_cross
253	Q0	34:10-13	10	0.99980634	SimCSE_cross
255	Q0	35:1-4	1	0.9998067	SimCSE_cross
255	Q0	64:14-18	2	0.99980646	SimCSE_cross
255	Q0	3:187-189	3	0.99980646	SimCSE_cross
255	Q0	5:74-77	4	0.99980646	SimCSE_cross
255	Q0	37:139-148	5	0.99980646	SimCSE_cross
255	Q0	4:122-126	6	0.99980634	SimCSE_cross
255	Q0	23:115-118	7	0.9998062	SimCSE_cross
255	Q0	34:31-33	8	0.9998062	SimCSE_cross
255	Q0	4:47-48	9	0.9998062	SimCSE_cross
255	Q0	16:15-18	10	0.9998062	SimCSE_cross
257	Q0	42:1-6	1	0.99980694	SimCSE_cross
257	Q0	20:95-98	2	0.9998067	SimCSE_cross
257	Q0	43:81-89	3	0.9998066	SimCSE_cross
257	Q0	25:30-34	4	0.9998066	SimCSE_cross
257	Q0	72:25-28	5	0.9998066	SimCSE_cross
257	Q0	29:38-40	6	0.9998066	SimCSE_cross
257	Q0	11:18-24	7	0.9998066	SimCSE_cross
257	Q0	62:9-11	8	0.99980646	SimCSE_cross
257	Q0	16:98-102	9	0.99980646	SimCSE_cross
257	Q0	20:115-122	10	0.99980646	SimCSE_cross
258	Q0	10:57-60	1	0.9998068	SimCSE_cross
258	Q0	11:18-24	2	0.9998067	SimCSE_cross
258	Q0	25:3-6	3	0.9998066	SimCSE_cross
258	Q0	30:42-45	4	0.9998066	SimCSE_cross
258	Q0	2:272-274	5	0.9998066	SimCSE_cross
258	Q0	16:94-97	6	0.99980646	SimCSE_cross
258	Q0	2:187-187	7	0.99980646	SimCSE_cross
258	Q0	60:1-3	8	0.99980634	SimCSE_cross
258	Q0	63:9-11	9	0.99980634	SimCSE_cross
258	Q0	62:9-11	10	0.9998062	SimCSE_cross
265	Q0	17:40-44	1	0.99980694	SimCSE_cross
265	Q0	73:15-19	2	0.9998067	SimCSE_cross
265	Q0	11:18-24	3	0.9998067	SimCSE_cross
265	Q0	10:57-60	4	0.9998067	SimCSE_cross
265	Q0	39:6-8	5	0.9998067	SimCSE_cross
265	Q0	25:30-34	6	0.99980646	SimCSE_cross
265	Q0	16:94-97	7	0.99980646	SimCSE_cross
265	Q0	12:102-107	8	0.99980646	SimCSE_cross
265	Q0	19:59-65	9	0.99980634	SimCSE_cross
265	Q0	12:4-6	10	0.99980634	SimCSE_cross
266	Q0	17:40-44	1	0.99980694	SimCSE_cross
266	Q0	30:1-7	2	0.99980694	SimCSE_cross
266	Q0	42:1-6	3	0.9998068	SimCSE_cross
266	Q0	11:18-24	4	0.9998067	SimCSE_cross
266	Q0	43:81-89	5	0.9998067	SimCSE_cross
266	Q0	16:98-102	6	0.9998067	SimCSE_cross
266	Q0	2:187-187	7	0.9998067	SimCSE_cross
266	Q0	25:30-34	8	0.9998066	SimCSE_cross
266	Q0	4:51-55	9	0.9998066	SimCSE_cross
266	Q0	62:9-11	10	0.9998066	SimCSE_cross
268	Q0	42:20-22	1	0.99980694	SimCSE_cross
268	Q0	39:32-37	2	0.9998068	SimCSE_cross
268	Q0	7:54-56	3	0.9998067	SimCSE_cross
268	Q0	17:59-60	4	0.9998067	SimCSE_cross
268	Q0	42:44-46	5	0.9998067	SimCSE_cross
268	Q0	28:57-59	6	0.9998066	SimCSE_cross
268	Q0	48:1-4	7	0.9998066	SimCSE_cross
268	Q0	24:32-34	8	0.9998066	SimCSE_cross
268	Q0	9:75-80	9	0.9998066	SimCSE_cross
268	Q0	17:45-48	10	0.99980646	SimCSE_cross
301	Q0	17:40-44	1	0.9998068	SimCSE_cross
301	Q0	11:18-24	2	0.9998067	SimCSE_cross
301	Q0	68:42-47	3	0.9998067	SimCSE_cross
301	Q0	16:80-83	4	0.9998066	SimCSE_cross
301	Q0	6:33-35	5	0.9998066	SimCSE_cross
301	Q0	16:98-102	6	0.99980646	SimCSE_cross
301	Q0	16:56-62	7	0.99980646	SimCSE_cross
301	Q0	14:21-23	8	0.99980646	SimCSE_cross
301	Q0	30:42-45	9	0.99980634	SimCSE_cross
301	Q0	4:12-14	10	0.9998062	SimCSE_cross
302	Q0	3:133-136	1	0.9998068	SimCSE_cross
302	Q0	46:1-5	2	0.99980646	SimCSE_cross
302	Q0	41:33-36	3	0.99980634	SimCSE_cross
302	Q0	6:71-73	4	0.99980634	SimCSE_cross
302	Q0	29:1-7	5	0.99980634	SimCSE_cross
302	Q0	36:77-83	6	0.9998062	SimCSE_cross
302	Q0	4:85-87	7	0.9998062	SimCSE_cross
302	Q0	66:10-12	8	0.9998062	SimCSE_cross
302	Q0	41:37-39	9	0.9998061	SimCSE_cross
302	Q0	5:32-34	10	0.9998061	SimCSE_cross
303	Q0	14:5-8	1	0.9998068	SimCSE_cross
303	Q0	2:26-27	2	0.9998067	SimCSE_cross
303	Q0	17:49-52	3	0.9998067	SimCSE_cross
303	Q0	20:95-98	4	0.9998067	SimCSE_cross
303	Q0	24:39-40	5	0.9998066	SimCSE_cross
303	Q0	5:12-13	6	0.9998066	SimCSE_cross
303	Q0	47:30-32	7	0.99980646	SimCSE_cross
303	Q0	21:104-106	8	0.99980646	SimCSE_cross
303	Q0	35:5-8	9	0.99980646	SimCSE_cross
303	Q0	73:1-9	10	0.99980646	SimCSE_cross
304	Q0	4:66-70	1	0.99980694	SimCSE_cross
304	Q0	41:33-36	2	0.9998067	SimCSE_cross
304	Q0	11:18-24	3	0.9998067	SimCSE_cross
304	Q0	30:1-7	4	0.9998067	SimCSE_cross
304	Q0	68:42-47	5	0.9998067	SimCSE_cross
304	Q0	47:30-32	6	0.9998066	SimCSE_cross
304	Q0	43:81-89	7	0.9998066	SimCSE_cross
304	Q0	27:15-19	8	0.99980646	SimCSE_cross
304	Q0	41:49-52	9	0.99980634	SimCSE_cross
304	Q0	34:10-13	10	0.99980634	SimCSE_cross
306	Q0	14:1-4	1	0.9998068	SimCSE_cross
306	Q0	15:90-99	2	0.9998067	SimCSE_cross
306	Q0	4:163-166	3	0.9998067	SimCSE_cross
306	Q0	42:44-46	4	0.9998067	SimCSE_cross
306	Q0	2:220-221	5	0.9998066	SimCSE_cross
306	Q0	3:169-175	6	0.9998066	SimCSE_cross
306	Q0	8:5-8	7	0.9998066	SimCSE_cross
306	Q0	57:1-6	8	0.9998066	SimCSE_cross
306	Q0	21:96-100	9	0.99980646	SimCSE_cross
306	Q0	22:19-22	10	0.99980646	SimCSE_cross
307	Q0	39:32-37	1	0.9998068	SimCSE_cross
307	Q0	11:1-5	2	0.9998068	SimCSE_cross
307	Q0	22:19-22	3	0.9998066	SimCSE_cross
307	Q0	16:98-102	4	0.99980646	SimCSE_cross
307	Q0	16:56-62	5	0.99980646	SimCSE_cross
307	Q0	8:5-8	6	0.99980646	SimCSE_cross
307	Q0	71:5-12	7	0.99980634	SimCSE_cross
307	Q0	18:78-82	8	0.99980634	SimCSE_cross
307	Q0	57:1-6	9	0.99980634	SimCSE_cross
307	Q0	13:5-7	10	0.99980634	SimCSE_cross
308	Q0	15:90-99	1	0.9998067	SimCSE_cross
308	Q0	4:66-70	2	0.9998067	SimCSE_cross
308	Q0	42:37-43	3	0.9998066	SimCSE_cross
308	Q0	62:1-4	4	0.99980646	SimCSE_cross
308	Q0	4:7-10	5	0.99980634	SimCSE_cross
308	Q0	45:1-6	6	0.99980634	SimCSE_cross
308	Q0	43:29-35	7	0.99980634	SimCSE_cross
308	Q0	6:91-92	8	0.99980634	SimCSE_cross
308	Q0	72:25-28	9	0.9998062	SimCSE_cross
308	Q0	9:56-59	10	0.9998062	SimCSE_cross
310	Q0	73:15-19	1	0.9998068	SimCSE_cross
310	Q0	35:1-4	2	0.9998067	SimCSE_cross
310	Q0	20:95-98	3	0.99980646	SimCSE_cross
310	Q0	17:49-52	4	0.99980646	SimCSE_cross
310	Q0	7:189-195	5	0.99980634	SimCSE_cross
310	Q0	22:73-76	6	0.99980634	SimCSE_cross
310	Q0	43:81-89	7	0.99980634	SimCSE_cross
310	Q0	23:115-118	8	0.9998062	SimCSE_cross
310	Q0	4:51-55	9	0.9998062	SimCSE_cross
310	Q0	25:21-29	10	0.9998061	SimCSE_cross
311	Q0	17:40-44	1	0.99980694	SimCSE_cross
311	Q0	33:21-24	2	0.9998067	SimCSE_cross
311	Q0	35:1-4	3	0.9998067	SimCSE_cross
311	Q0	14:5-8	4	0.9998066	SimCSE_cross
311	Q0	5:74-77	5	0.9998066	SimCSE_cross
311	Q0	5:61-64	6	0.99980646	SimCSE_cross
311	Q0	9:38-40	7	0.99980646	SimCSE_cross
311	Q0	23:115-118	8	0.99980634	SimCSE_cross
311	Q0	6:164-165	9	0.9998062	SimCSE_cross
311	Q0	62:9-11	10	0.9998062	SimCSE_cross
313	Q0	17:40-44	1	0.99980694	SimCSE_cross
313	Q0	40:53-58	2	0.9998068	SimCSE_cross
313	Q0	20:95-98	3	0.9998067	SimCSE_cross
313	Q0	11:18-24	4	0.9998067	SimCSE_cross
313	Q0	62:1-4	5	0.9998067	SimCSE_cross
313	Q0	16:56-62	6	0.99980646	SimCSE_cross
313	Q0	4:122-126	7	0.99980646	SimCSE_cross
313	Q0	41:49-52	8	0.99980634	SimCSE_cross
313	Q0	16:15-18	9	0.99980634	SimCSE_cross
313	Q0	10:54-56	10	0.99980634	SimCSE_cross
314	Q0	17:40-44	1	0.99980694	SimCSE_cross
314	Q0	7:159-162	2	0.9998066	SimCSE_cross
314	Q0	15:10-15	3	0.99980634	SimCSE_cross
314	Q0	66:10-12	4	0.99980634	SimCSE_cross
314	Q0	10:54-56	5	0.9998062	SimCSE_cross
314	Q0	25:21-29	6	0.9998062	SimCSE_cross
314	Q0	6:145-147	7	0.9998062	SimCSE_cross
314	Q0	53:19-30	8	0.9998061	SimCSE_cross
314	Q0	47:7-11	9	0.9998061	SimCSE_cross
314	Q0	58:5-6	10	0.999806	SimCSE_cross
316	Q0	17:40-44	1	0.99980694	SimCSE_cross
316	Q0	73:15-19	2	0.9998068	SimCSE_cross
316	Q0	16:43-50	3	0.9998067	SimCSE_cross
316	Q0	26:213-227	4	0.9998067	SimCSE_cross
316	Q0	16:98-102	5	0.9998066	SimCSE_cross
316	Q0	25:30-34	6	0.9998066	SimCSE_cross
316	Q0	34:10-13	7	0.9998066	SimCSE_cross
316	Q0	2:26-27	8	0.9998066	SimCSE_cross
316	Q0	19:59-65	9	0.9998066	SimCSE_cross
316	Q0	10:54-56	10	0.99980646	SimCSE_cross
317	Q0	73:15-19	1	0.9998068	SimCSE_cross
317	Q0	24:39-40	2	0.9998066	SimCSE_cross
317	Q0	16:94-97	3	0.9998066	SimCSE_cross
317	Q0	17:49-52	4	0.9998066	SimCSE_cross
317	Q0	43:81-89	5	0.9998066	SimCSE_cross
317	Q0	17:66-70	6	0.99980646	SimCSE_cross
317	Q0	10:31-33	7	0.99980634	SimCSE_cross
317	Q0	35:12-14	8	0.99980634	SimCSE_cross
317	Q0	10:54-56	9	0.99980634	SimCSE_cross
317	Q0	24:41-45	10	0.9998062	SimCSE_cross
323	Q0	4:34-35	1	0.9998068	SimCSE_cross
323	Q0	42:1-6	2	0.9998068	SimCSE_cross
323	Q0	5:12-13	3	0.9998067	SimCSE_cross
323	Q0	62:1-4	4	0.9998067	SimCSE_cross
323	Q0	11:112-115	5	0.9998067	SimCSE_cross
323	Q0	73:20-20	6	0.9998067	SimCSE_cross
323	Q0	32:4-9	7	0.9998067	SimCSE_cross
323	Q0	32:10-14	8	0.9998066	SimCSE_cross
323	Q0	2:26-27	9	0.9998066	SimCSE_cross
323	Q0	71:13-20	10	0.99980634	SimCSE_cross
324	Q0	73:20-20	1	0.9998068	SimCSE_cross
324	Q0	14:42-46	2	0.9998068	SimCSE_cross
324	Q0	10:57-60	3	0.9998068	SimCSE_cross
324	Q0	62:1-4	4	0.9998068	SimCSE_cross
324	Q0	32:10-14	5	0.9998066	SimCSE_cross
324	Q0	47:20-24	6	0.9998066	SimCSE_cross
324	Q0	5:3-3	7	0.9998066	SimCSE_cross
324	Q0	17:45-48	8	0.99980646	SimCSE_cross
324	Q0	9:36-37	9	0.99980646	SimCSE_cross
324	Q0	7:148-149	10	0.99980646	SimCSE_cross
325	Q0	9:97-99	1	0.9998068	SimCSE_cross
325	Q0	32:4-9	2	0.9998067	SimCSE_cross
325	Q0	17:49-52	3	0.9998066	SimCSE_cross
325	Q0	22:38-41	4	0.99980634	SimCSE_cross
325	Q0	24:41-45	5	0.99980634	SimCSE_cross
325	Q0	26:141-159	6	0.99980634	SimCSE_cross
325	Q0	35:19-26	7	0.9998062	SimCSE_cross
325	Q0	23:1-11	8	0.9998061	SimCSE_cross
325	Q0	7:59-64	9	0.9998061	SimCSE_cross
325	Q0	40:47-52	10	0.9998061	SimCSE_cross
326	Q0	17:40-44	1	0.99980694	SimCSE_cross
326	Q0	11:18-24	2	0.9998067	SimCSE_cross
326	Q0	10:57-60	3	0.9998067	SimCSE_cross
326	Q0	29:10-13	4	0.9998066	SimCSE_cross
326	Q0	16:15-18	5	0.99980646	SimCSE_cross
326	Q0	60:1-3	6	0.99980634	SimCSE_cross
326	Q0	2:154-157	7	0.99980634	SimCSE_cross
326	Q0	10:54-56	8	0.99980634	SimCSE_cross
326	Q0	7:157-158	9	0.99980634	SimCSE_cross
326	Q0	4:51-55	10	0.9998062	SimCSE_cross
327	Q0	17:40-44	1	0.9998068	SimCSE_cross
327	Q0	9:97-99	2	0.9998067	SimCSE_cross
327	Q0	20:95-98	3	0.9998066	SimCSE_cross
327	Q0	2:26-27	4	0.99980646	SimCSE_cross
327	Q0	7:189-195	5	0.99980634	SimCSE_cross
327	Q0	41:19-24	6	0.99980634	SimCSE_cross
327	Q0	25:21-29	7	0.9998062	SimCSE_cross
327	Q0	4:71-73	8	0.9998062	SimCSE_cross
327	Q0	24:41-45	9	0.9998062	SimCSE_cross
327	Q0	78:6-16	10	0.9998061	SimCSE_cross
328	Q0	20:95-98	1	0.9998067	SimCSE_cross
328	Q0	10:65-70	2	0.9998066	SimCSE_cross
328	Q0	73:15-19	3	0.9998066	SimCSE_cross
328	Q0	32:4-9	4	0.99980634	SimCSE_cross
328	Q0	22:73-76	5	0.99980634	SimCSE_cross
328	Q0	16:15-18	6	0.9998062	SimCSE_cross
328	Q0	14:21-23	7	0.9998061	SimCSE_cross
328	Q0	15:10-15	8	0.999806	SimCSE_cross
328	Q0	4:140-143	9	0.999806	SimCSE_cross
328	Q0	34:10-13	10	0.999806	SimCSE_cross
332	Q0	4:34-35	1	0.99980694	SimCSE_cross
332	Q0	21:45-47	2	0.9998066	SimCSE_cross
332	Q0	64:14-18	3	0.99980646	SimCSE_cross
332	Q0	42:44-46	4	0.99980646	SimCSE_cross
332	Q0	33:42-48	5	0.99980646	SimCSE_cross
332	Q0	4:90-91	6	0.99980646	SimCSE_cross
332	Q0	22:73-76	7	0.99980634	SimCSE_cross
332	Q0	16:1-9	8	0.99980634	SimCSE_cross
332	Q0	4:128-130	9	0.99980634	SimCSE_cross
332	Q0	14:21-23	10	0.99980634	SimCSE_cross
334	Q0	22:19-22	1	0.99980646	SimCSE_cross
334	Q0	11:120-123	2	0.99980634	SimCSE_cross
334	Q0	18:1-6	3	0.99980634	SimCSE_cross
334	Q0	4:47-48	4	0.99980634	SimCSE_cross
334	Q0	29:53-55	5	0.99980634	SimCSE_cross
334	Q0	34:1-2	6	0.99980634	SimCSE_cross
334	Q0	24:39-40	7	0.99980634	SimCSE_cross
334	Q0	2:76-77	8	0.9998062	SimCSE_cross
334	Q0	4:170-170	9	0.9998062	SimCSE_cross
334	Q0	71:13-20	10	0.9998062	SimCSE_cross
338	Q0	30:1-7	1	0.9998068	SimCSE_cross
338	Q0	42:1-6	2	0.9998068	SimCSE_cross
338	Q0	20:95-98	3	0.9998067	SimCSE_cross
338	Q0	2:26-27	4	0.9998066	SimCSE_cross
338	Q0	11:18-24	5	0.9998066	SimCSE_cross
338	Q0	45:7-11	6	0.99980646	SimCSE_cross
338	Q0	43:81-89	7	0.99980646	SimCSE_cross
338	Q0	4:51-55	8	0.99980634	SimCSE_cross
338	Q0	76:5-11	9	0.99980634	SimCSE_cross
338	Q0	10:54-56	10	0.99980634	SimCSE_cross
339	Q0	42:1-6	1	0.9998068	SimCSE_cross
339	Q0	11:18-24	2	0.9998067	SimCSE_cross
339	Q0	17:49-52	3	0.9998066	SimCSE_cross
339	Q0	16:56-62	4	0.9998066	SimCSE_cross
339	Q0	7:189-195	5	0.99980646	SimCSE_cross
339	Q0	43:81-89	6	0.99980646	SimCSE_cross
339	Q0	62:9-11	7	0.99980634	SimCSE_cross
339	Q0	25:45-55	8	0.99980634	SimCSE_cross
339	Q0	34:10-13	9	0.99980634	SimCSE_cross
339	Q0	15:10-15	10	0.9998062	SimCSE_cross
341	Q0	6:125-127	1	0.99980706	SimCSE_cross
341	Q0	2:267-269	2	0.9998067	SimCSE_cross
341	Q0	6:33-35	3	0.9998067	SimCSE_cross
341	Q0	7:146-147	4	0.9998066	SimCSE_cross
341	Q0	39:45-48	5	0.9998066	SimCSE_cross
341	Q0	21:21-24	6	0.99980646	SimCSE_cross
341	Q0	13:25-27	7	0.99980646	SimCSE_cross
341	Q0	37:40-49	8	0.99980646	SimCSE_cross
341	Q0	9:25-27	9	0.99980646	SimCSE_cross
341	Q0	5:4-5	10	0.99980646	SimCSE_cross
343	Q0	17:40-44	1	0.99980694	SimCSE_cross
343	Q0	10:65-70	2	0.9998067	SimCSE_cross
343	Q0	16:56-62	3	0.9998066	SimCSE_cross
343	Q0	43:81-89	4	0.9998066	SimCSE_cross
343	Q0	4:173-175	5	0.9998066	SimCSE_cross
343	Q0	2:187-187	6	0.99980646	SimCSE_cross
343	Q0	14:21-23	7	0.99980646	SimCSE_cross
343	Q0	78:6-16	8	0.99980634	SimCSE_cross
343	Q0	2:104-105	9	0.99980634	SimCSE_cross
343	Q0	23:115-118	10	0.99980634	SimCSE_cross
344	Q0	4:66-70	1	0.99980706	SimCSE_cross
344	Q0	3:133-136	2	0.99980694	SimCSE_cross
344	Q0	20:95-98	3	0.9998068	SimCSE_cross
344	Q0	32:4-9	4	0.9998068	SimCSE_cross
344	Q0	2:26-27	5	0.9998067	SimCSE_cross
344	Q0	27:15-19	6	0.9998067	SimCSE_cross
344	Q0	17:49-52	7	0.9998067	SimCSE_cross
344	Q0	4:51-55	8	0.9998066	SimCSE_cross
344	Q0	4:110-112	9	0.9998066	SimCSE_cross
344	Q0	2:224-225	10	0.9998066	SimCSE_cross
345	Q0	9:97-99	1	0.99980694	SimCSE_cross
345	Q0	17:40-44	2	0.9998068	SimCSE_cross
345	Q0	40:53-58	3	0.9998067	SimCSE_cross
345	Q0	48:5-7	4	0.9998066	SimCSE_cross
345	Q0	11:103-108	5	0.99980646	SimCSE_cross
345	Q0	34:10-13	6	0.99980646	SimCSE_cross
345	Q0	2:26-27	7	0.99980646	SimCSE_cross
345	Q0	21:45-47	8	0.99980646	SimCSE_cross
345	Q0	4:173-175	9	0.99980646	SimCSE_cross
345	Q0	14:21-23	10	0.99980634	SimCSE_cross
347	Q0	32:4-9	1	0.9998066	SimCSE_cross
347	Q0	9:75-80	2	0.9998066	SimCSE_cross
347	Q0	16:98-102	3	0.9998066	SimCSE_cross
347	Q0	2:187-187	4	0.99980646	SimCSE_cross
347	Q0	25:30-34	5	0.99980646	SimCSE_cross
347	Q0	59:6-7	6	0.99980646	SimCSE_cross
347	Q0	57:1-6	7	0.99980634	SimCSE_cross
347	Q0	9:36-37	8	0.99980634	SimCSE_cross
347	Q0	43:57-66	9	0.99980634	SimCSE_cross
347	Q0	22:19-22	10	0.99980634	SimCSE_cross
348	Q0	17:40-44	1	0.9998067	SimCSE_cross
348	Q0	73:15-19	2	0.9998067	SimCSE_cross
348	Q0	22:19-22	3	0.9998066	SimCSE_cross
348	Q0	32:4-9	4	0.99980646	SimCSE_cross
348	Q0	25:30-34	5	0.99980634	SimCSE_cross
348	Q0	31:27-28	6	0.99980634	SimCSE_cross
348	Q0	16:56-62	7	0.99980634	SimCSE_cross
348	Q0	72:1-7	8	0.9998062	SimCSE_cross
348	Q0	11:100-102	9	0.9998062	SimCSE_cross
348	Q0	25:45-55	10	0.9998062	SimCSE_cross
349	Q0	6:125-127	1	0.99980646	SimCSE_cross
349	Q0	16:112-113	2	0.99980634	SimCSE_cross
349	Q0	4:34-35	3	0.99980634	SimCSE_cross
349	Q0	42:37-43	4	0.99980634	SimCSE_cross
349	Q0	45:1-6	5	0.99980634	SimCSE_cross
349	Q0	2:243-245	6	0.9998062	SimCSE_cross
349	Q0	11:109-111	7	0.9998062	SimCSE_cross
349	Q0	2:275-276	8	0.9998062	SimCSE_cross
349	Q0	71:25-28	9	0.9998062	SimCSE_cross
349	Q0	30:38-41	10	0.9998061	SimCSE_cross
350	Q0	40:53-58	1	0.9998068	SimCSE_cross
350	Q0	17:78-82	2	0.9998066	SimCSE_cross
350	Q0	16:65-69	3	0.9998066	SimCSE_cross
350	Q0	2:26-27	4	0.9998066	SimCSE_cross
350	Q0	21:45-47	5	0.9998066	SimCSE_cross
350	Q0	66:10-12	6	0.99980646	SimCSE_cross
350	Q0	10:18-20	7	0.99980646	SimCSE_cross
350	Q0	11:103-108	8	0.99980646	SimCSE_cross
350	Q0	25:41-44	9	0.99980646	SimCSE_cross
350	Q0	11:6-7	10	0.9998062	SimCSE_cross
351	Q0	24:55-57	1	0.99980694	SimCSE_cross
351	Q0	6:136-137	2	0.9998067	SimCSE_cross
351	Q0	48:1-4	3	0.9998067	SimCSE_cross
351	Q0	30:38-41	4	0.9998067	SimCSE_cross
351	Q0	6:93-94	5	0.9998067	SimCSE_cross
351	Q0	45:7-11	6	0.9998066	SimCSE_cross
351	Q0	9:56-59	7	0.9998066	SimCSE_cross
351	Q0	2:231-232	8	0.9998066	SimCSE_cross
351	Q0	62:1-4	9	0.9998066	SimCSE_cross
351	Q0	51:52-60	10	0.9998066	SimCSE_cross
354	Q0	17:40-44	1	0.99980694	SimCSE_cross
354	Q0	4:173-175	2	0.9998068	SimCSE_cross
354	Q0	28:57-59	3	0.9998067	SimCSE_cross
354	Q0	20:95-98	4	0.9998067	SimCSE_cross
354	Q0	25:30-34	5	0.9998067	SimCSE_cross
354	Q0	5:3-3	6	0.9998067	SimCSE_cross
354	Q0	43:81-89	7	0.9998067	SimCSE_cross
354	Q0	17:49-52	8	0.9998067	SimCSE_cross
354	Q0	48:5-7	9	0.9998066	SimCSE_cross
354	Q0	2:26-27	10	0.9998066	SimCSE_cross
356	Q0	38:27-29	1	0.9998066	SimCSE_cross
356	Q0	30:42-45	2	0.99980646	SimCSE_cross
356	Q0	2:26-27	3	0.99980646	SimCSE_cross
356	Q0	16:98-102	4	0.99980634	SimCSE_cross
356	Q0	43:81-89	5	0.99980634	SimCSE_cross
356	Q0	14:13-18	6	0.9998062	SimCSE_cross
356	Q0	62:9-11	7	0.9998062	SimCSE_cross
356	Q0	2:74-75	8	0.9998061	SimCSE_cross
356	Q0	34:10-13	9	0.999806	SimCSE_cross
356	Q0	70:1-7	10	0.999806	SimCSE_cross
357	Q0	47:20-24	1	0.9998068	SimCSE_cross
357	Q0	17:45-48	2	0.9998066	SimCSE_cross
357	Q0	16:98-102	3	0.9998066	SimCSE_cross
357	Q0	21:42-44	4	0.99980646	SimCSE_cross
357	Q0	29:1-7	5	0.99980646	SimCSE_cross
357	Q0	25:21-29	6	0.99980634	SimCSE_cross
357	Q0	5:32-34	7	0.99980634	SimCSE_cross
357	Q0	4:60-63	8	0.99980634	SimCSE_cross
357	Q0	4:140-143	9	0.9998062	SimCSE_cross
357	Q0	57:18-21	10	0.9998062	SimCSE_cross
358	Q0	3:133-136	1	0.9998067	SimCSE_cross
358	Q0	68:42-47	2	0.9998066	SimCSE_cross
358	Q0	11:112-115	3	0.9998066	SimCSE_cross
358	Q0	30:55-60	4	0.9998066	SimCSE_cross
358	Q0	5:3-3	5	0.9998066	SimCSE_cross
358	Q0	57:25-27	6	0.9998066	SimCSE_cross
358	Q0	22:73-76	7	0.9998066	SimCSE_cross
358	Q0	16:56-62	8	0.9998066	SimCSE_cross
358	Q0	24:39-40	9	0.99980646	SimCSE_cross
358	Q0	17:49-52	10	0.99980634	SimCSE_cross
361	Q0	42:20-22	1	0.99980706	SimCSE_cross
361	Q0	10:57-60	2	0.99980694	SimCSE_cross
361	Q0	22:25-29	3	0.9998067	SimCSE_cross
361	Q0	30:42-45	4	0.9998067	SimCSE_cross
361	Q0	16:112-113	5	0.9998067	SimCSE_cross
361	Q0	47:20-24	6	0.9998067	SimCSE_cross
361	Q0	21:96-100	7	0.9998066	SimCSE_cross
361	Q0	6:164-165	8	0.99980646	SimCSE_cross
361	Q0	64:7-10	9	0.99980634	SimCSE_cross
361	Q0	41:49-52	10	0.99980634	SimCSE_cross
362	Q0	62:1-4	1	0.99980694	SimCSE_cross
362	Q0	2:26-27	2	0.9998068	SimCSE_cross
362	Q0	20:95-98	3	0.9998068	SimCSE_cross
362	Q0	5:12-13	4	0.9998068	SimCSE_cross
362	Q0	4:173-175	5	0.9998068	SimCSE_cross
362	Q0	43:81-89	6	0.9998068	SimCSE_cross
362	Q0	19:66-72	7	0.9998067	SimCSE_cross
362	Q0	7:175-178	8	0.9998067	SimCSE_cross
362	Q0	2:180-182	9	0.9998067	SimCSE_cross
362	Q0	16:98-102	10	0.9998067	SimCSE_cross
363	Q0	30:1-7	1	0.99980694	SimCSE_cross
363	Q0	2:26-27	2	0.9998068	SimCSE_cross
363	Q0	42:1-6	3	0.9998068	SimCSE_cross
363	Q0	11:103-108	4	0.9998067	SimCSE_cross
363	Q0	14:47-52	5	0.9998067	SimCSE_cross
363	Q0	5:38-40	6	0.9998067	SimCSE_cross
363	Q0	11:18-24	7	0.9998067	SimCSE_cross
363	Q0	9:25-27	8	0.9998067	SimCSE_cross
363	Q0	11:112-115	9	0.9998067	SimCSE_cross
363	Q0	43:81-89	10	0.9998066	SimCSE_cross
364	Q0	22:19-22	1	0.9998066	SimCSE_cross
364	Q0	62:1-4	2	0.9998066	SimCSE_cross
364	Q0	11:8-11	3	0.99980646	SimCSE_cross
364	Q0	14:1-4	4	0.99980646	SimCSE_cross
364	Q0	74:38-48	5	0.99980634	SimCSE_cross
364	Q0	8:5-8	6	0.9998062	SimCSE_cross
364	Q0	39:32-37	7	0.9998062	SimCSE_cross
364	Q0	48:1-4	8	0.9998062	SimCSE_cross
364	Q0	28:1-6	9	0.9998062	SimCSE_cross
364	Q0	42:44-46	10	0.9998061	SimCSE_cross
365	Q0	3:133-136	1	0.9998068	SimCSE_cross
365	Q0	16:56-62	2	0.99980646	SimCSE_cross
365	Q0	47:30-32	3	0.99980646	SimCSE_cross
365	Q0	48:5-7	4	0.99980646	SimCSE_cross
365	Q0	2:187-187	5	0.99980634	SimCSE_cross
365	Q0	35:5-8	6	0.99980634	SimCSE_cross
365	Q0	22:73-76	7	0.99980634	SimCSE_cross
365	Q0	66:10-12	8	0.9998062	SimCSE_cross
365	Q0	78:6-16	9	0.9998062	SimCSE_cross
365	Q0	59:6-7	10	0.9998062	SimCSE_cross
367	Q0	18:1-6	1	0.9998067	SimCSE_cross
367	Q0	20:95-98	2	0.9998066	SimCSE_cross
367	Q0	2:26-27	3	0.9998066	SimCSE_cross
367	Q0	5:32-34	4	0.99980634	SimCSE_cross
367	Q0	39:27-31	5	0.99980634	SimCSE_cross
367	Q0	24:41-45	6	0.9998062	SimCSE_cross
367	Q0	25:21-29	7	0.9998062	SimCSE_cross
367	Q0	47:25-29	8	0.9998061	SimCSE_cross
367	Q0	4:176-176	9	0.9998061	SimCSE_cross
367	Q0	2:233-233	10	0.9998061	SimCSE_cross
368	Q0	10:57-60	1	0.9998067	SimCSE_cross
368	Q0	20:95-98	2	0.9998066	SimCSE_cross
368	Q0	11:18-24	3	0.9998066	SimCSE_cross
368	Q0	6:138-140	4	0.9998066	SimCSE_cross
368	Q0	40:53-58	5	0.9998066	SimCSE_cross
368	Q0	2:26-27	6	0.99980646	SimCSE_cross
368	Q0	45:1-6	7	0.99980634	SimCSE_cross
368	Q0	26:160-175	8	0.9998062	SimCSE_cross
368	Q0	73:10-14	9	0.9998062	SimCSE_cross
368	Q0	54:23-32	10	0.9998061	SimCSE_cross
369	Q0	42:1-6	1	0.99980706	SimCSE_cross
369	Q0	7:54-56	2	0.99980694	SimCSE_cross
369	Q0	35:1-4	3	0.9998068	SimCSE_cross
369	Q0	73:20-20	4	0.9998068	SimCSE_cross
369	Q0	6:93-94	5	0.9998067	SimCSE_cross
369	Q0	32:4-9	6	0.9998067	SimCSE_cross
369	Q0	17:78-82	7	0.9998067	SimCSE_cross
369	Q0	4:106-109	8	0.99980646	SimCSE_cross
369	Q0	40:10-12	9	0.99980646	SimCSE_cross
369	Q0	13:25-27	10	0.99980634	SimCSE_cross
370	Q0	17:40-44	1	0.9998068	SimCSE_cross
370	Q0	5:12-13	2	0.9998066	SimCSE_cross
370	Q0	17:49-52	3	0.9998066	SimCSE_cross
370	Q0	20:95-98	4	0.9998066	SimCSE_cross
370	Q0	14:21-23	5	0.99980646	SimCSE_cross
370	Q0	43:81-89	6	0.99980646	SimCSE_cross
370	Q0	7:189-195	7	0.99980634	SimCSE_cross
370	Q0	4:51-55	8	0.99980634	SimCSE_cross
370	Q0	10:54-56	9	0.9998062	SimCSE_cross
370	Q0	15:10-15	10	0.9998062	SimCSE_cross
371	Q0	42:1-6	1	0.99980706	SimCSE_cross
371	Q0	14:1-4	2	0.99980694	SimCSE_cross
371	Q0	6:125-127	3	0.9998068	SimCSE_cross
371	Q0	62:1-4	4	0.9998068	SimCSE_cross
371	Q0	17:18-21	5	0.9998068	SimCSE_cross
371	Q0	15:90-99	6	0.9998068	SimCSE_cross
371	Q0	6:138-140	7	0.9998067	SimCSE_cross
371	Q0	20:1-8	8	0.9998067	SimCSE_cross
371	Q0	4:106-109	9	0.99980646	SimCSE_cross
371	Q0	33:25-27	10	0.99980634	SimCSE_cross
372	Q0	42:1-6	1	0.99980706	SimCSE_cross
372	Q0	6:125-127	2	0.99980694	SimCSE_cross
372	Q0	35:1-4	3	0.9998068	SimCSE_cross
372	Q0	62:1-4	4	0.9998068	SimCSE_cross
372	Q0	2:26-27	5	0.9998067	SimCSE_cross
372	Q0	7:146-147	6	0.9998067	SimCSE_cross
372	Q0	32:4-9	7	0.9998067	SimCSE_cross
372	Q0	73:20-20	8	0.9998067	SimCSE_cross
372	Q0	7:148-149	9	0.9998066	SimCSE_cross
372	Q0	3:149-151	10	0.99980634	SimCSE_cross
373	Q0	9:97-99	1	0.99980694	SimCSE_cross
373	Q0	18:47-49	2	0.9998067	SimCSE_cross
373	Q0	7:167-171	3	0.99980646	SimCSE_cross
373	Q0	70:40-44	4	0.99980646	SimCSE_cross
373	Q0	4:176-176	5	0.99980634	SimCSE_cross
373	Q0	25:21-29	6	0.9998062	SimCSE_cross
373	Q0	13:25-27	7	0.9998062	SimCSE_cross
373	Q0	35:19-26	8	0.9998061	SimCSE_cross
373	Q0	6:141-142	9	0.9998061	SimCSE_cross
373	Q0	4:110-112	10	0.9998061	SimCSE_cross
374	Q0	18:47-49	1	0.9998067	SimCSE_cross
374	Q0	14:1-4	2	0.9998066	SimCSE_cross
374	Q0	99:1-8	3	0.9998066	SimCSE_cross
374	Q0	74:38-48	4	0.99980646	SimCSE_cross
374	Q0	22:19-22	5	0.99980646	SimCSE_cross
374	Q0	39:32-37	6	0.99980646	SimCSE_cross
374	Q0	54:33-42	7	0.99980646	SimCSE_cross
374	Q0	21:96-100	8	0.99980634	SimCSE_cross
374	Q0	32:4-9	9	0.99980634	SimCSE_cross
374	Q0	23:12-16	10	0.99980634	SimCSE_cross
375	Q0	20:95-98	1	0.99980634	SimCSE_cross
375	Q0	17:40-44	2	0.99980634	SimCSE_cross
375	Q0	73:15-19	3	0.9998062	SimCSE_cross
375	Q0	5:3-3	4	0.9998062	SimCSE_cross
375	Q0	5:12-13	5	0.9998061	SimCSE_cross
375	Q0	73:20-20	6	0.9998061	SimCSE_cross
375	Q0	28:57-59	7	0.9998061	SimCSE_cross
375	Q0	2:74-75	8	0.999806	SimCSE_cross
375	Q0	17:49-52	9	0.999806	SimCSE_cross
375	Q0	10:54-56	10	0.999806	SimCSE_cross
376	Q0	16:70-72	1	0.9998067	SimCSE_cross
376	Q0	30:42-45	2	0.99980646	SimCSE_cross
376	Q0	38:27-29	3	0.99980646	SimCSE_cross
376	Q0	17:45-48	4	0.99980634	SimCSE_cross
376	Q0	35:9-11	5	0.99980634	SimCSE_cross
376	Q0	12:80-80	6	0.99980634	SimCSE_cross
376	Q0	14:24-27	7	0.9998062	SimCSE_cross
376	Q0	4:85-87	8	0.9998062	SimCSE_cross
376	Q0	6:8-11	9	0.9998062	SimCSE_cross
376	Q0	32:4-9	10	0.9998062	SimCSE_cross
378	Q0	73:15-19	1	0.99980694	SimCSE_cross
378	Q0	32:4-9	2	0.9998068	SimCSE_cross
378	Q0	30:1-7	3	0.9998068	SimCSE_cross
378	Q0	22:19-22	4	0.9998067	SimCSE_cross
378	Q0	6:136-137	5	0.9998067	SimCSE_cross
378	Q0	11:18-24	6	0.9998067	SimCSE_cross
378	Q0	6:8-11	7	0.9998066	SimCSE_cross
378	Q0	6:91-92	8	0.9998066	SimCSE_cross
378	Q0	22:8-13	9	0.99980646	SimCSE_cross
378	Q0	25:45-55	10	0.99980646	SimCSE_cross
379	Q0	32:4-9	1	0.9998068	SimCSE_cross
379	Q0	28:81-84	2	0.9998068	SimCSE_cross
379	Q0	9:62-66	3	0.9998066	SimCSE_cross
379	Q0	35:5-8	4	0.9998066	SimCSE_cross
379	Q0	7:146-147	5	0.99980646	SimCSE_cross
379	Q0	65:4-7	6	0.99980646	SimCSE_cross
379	Q0	5:61-64	7	0.99980646	SimCSE_cross
379	Q0	3:28-30	8	0.99980646	SimCSE_cross
379	Q0	66:10-12	9	0.99980646	SimCSE_cross
379	Q0	16:98-102	10	0.99980634	SimCSE_cross
380	Q0	42:1-6	1	0.9998068	SimCSE_cross
380	Q0	17:40-44	2	0.9998068	SimCSE_cross
380	Q0	6:63-67	3	0.9998068	SimCSE_cross
380	Q0	35:1-4	4	0.9998068	SimCSE_cross
380	Q0	19:66-72	5	0.9998066	SimCSE_cross
380	Q0	32:4-9	6	0.9998066	SimCSE_cross
380	Q0	16:98-102	7	0.99980646	SimCSE_cross
380	Q0	16:56-62	8	0.99980646	SimCSE_cross
380	Q0	41:49-52	9	0.99980634	SimCSE_cross
380	Q0	52:1-16	10	0.9998062	SimCSE_cross
381	Q0	24:21-22	1	0.9998067	SimCSE_cross
381	Q0	6:138-140	2	0.9998067	SimCSE_cross
381	Q0	4:7-10	3	0.99980646	SimCSE_cross
381	Q0	29:10-13	4	0.99980646	SimCSE_cross
381	Q0	7:59-64	5	0.99980646	SimCSE_cross
381	Q0	9:50-52	6	0.99980634	SimCSE_cross
381	Q0	56:81-87	7	0.99980634	SimCSE_cross
381	Q0	110:1-3	8	0.99980634	SimCSE_cross
381	Q0	83:1-6	9	0.99980634	SimCSE_cross
381	Q0	45:1-6	10	0.99980634	SimCSE_cross
382	Q0	34:6-9	1	0.99980706	SimCSE_cross
382	Q0	18:1-6	2	0.99980694	SimCSE_cross
382	Q0	7:54-56	3	0.99980694	SimCSE_cross
382	Q0	48:1-4	4	0.9998068	SimCSE_cross
382	Q0	10:57-60	5	0.9998068	SimCSE_cross
382	Q0	6:118-121	6	0.9998068	SimCSE_cross
382	Q0	47:1-6	7	0.9998067	SimCSE_cross
382	Q0	11:112-115	8	0.9998067	SimCSE_cross
382	Q0	22:25-29	9	0.9998067	SimCSE_cross
382	Q0	11:18-24	10	0.9998067	SimCSE_cross
385	Q0	6:63-67	1	0.9998067	SimCSE_cross
385	Q0	17:40-44	2	0.9998066	SimCSE_cross
385	Q0	9:34-35	3	0.99980634	SimCSE_cross
385	Q0	28:1-6	4	0.99980634	SimCSE_cross
385	Q0	16:56-62	5	0.9998061	SimCSE_cross
385	Q0	5:61-64	6	0.9998061	SimCSE_cross
385	Q0	47:30-32	7	0.9998061	SimCSE_cross
385	Q0	2:187-187	8	0.9998061	SimCSE_cross
385	Q0	73:10-14	9	0.9998061	SimCSE_cross
385	Q0	63:9-11	10	0.999806	SimCSE_cross
387	Q0	16:70-72	1	0.99980706	SimCSE_cross
387	Q0	14:47-52	2	0.99980694	SimCSE_cross
387	Q0	17:59-60	3	0.9998068	SimCSE_cross
387	Q0	73:20-20	4	0.9998067	SimCSE_cross
387	Q0	35:1-4	5	0.9998067	SimCSE_cross
387	Q0	7:146-147	6	0.9998067	SimCSE_cross
387	Q0	2:114-115	7	0.9998067	SimCSE_cross
387	Q0	67:6-11	8	0.9998067	SimCSE_cross
387	Q0	17:18-21	9	0.9998067	SimCSE_cross
387	Q0	17:45-48	10	0.9998067	SimCSE_cross
388	Q0	62:1-4	1	0.9998068	SimCSE_cross
388	Q0	17:40-44	2	0.9998067	SimCSE_cross
388	Q0	38:45-48	3	0.9998067	SimCSE_cross
388	Q0	20:95-98	4	0.9998067	SimCSE_cross
388	Q0	9:97-99	5	0.9998067	SimCSE_cross
388	Q0	30:1-7	6	0.9998067	SimCSE_cross
388	Q0	2:26-27	7	0.9998066	SimCSE_cross
388	Q0	41:49-52	8	0.9998066	SimCSE_cross
388	Q0	15:16-25	9	0.9998066	SimCSE_cross
388	Q0	45:7-11	10	0.9998066	SimCSE_cross
389	Q0	32:4-9	1	0.9998068	SimCSE_cross
389	Q0	3:187-189	2	0.9998067	SimCSE_cross
389	Q0	6:63-67	3	0.9998067	SimCSE_cross
389	Q0	10:65-70	4	0.9998067	SimCSE_cross
389	Q0	7:31-34	5	0.9998067	SimCSE_cross
389	Q0	9:34-35	6	0.9998067	SimCSE_cross
389	Q0	19:66-72	7	0.9998067	SimCSE_cross
389	Q0	22:73-76	8	0.9998067	SimCSE_cross
389	Q0	77:29-40	9	0.9998066	SimCSE_cross
389	Q0	5:61-64	10	0.9998066	SimCSE_cross
391	Q0	42:1-6	1	0.9998067	SimCSE_cross
391	Q0	2:26-27	2	0.99980646	SimCSE_cross
391	Q0	30:1-7	3	0.99980646	SimCSE_cross
391	Q0	20:95-98	4	0.99980646	SimCSE_cross
391	Q0	11:18-24	5	0.9998062	SimCSE_cross
391	Q0	17:40-44	6	0.9998062	SimCSE_cross
391	Q0	70:8-18	7	0.9998062	SimCSE_cross
391	Q0	43:81-89	8	0.9998062	SimCSE_cross
391	Q0	4:7-10	9	0.9998062	SimCSE_cross
391	Q0	23:115-118	10	0.9998061	SimCSE_cross
392	Q0	2:74-75	1	0.99980646	SimCSE_cross
392	Q0	5:3-3	2	0.99980646	SimCSE_cross
392	Q0	21:45-47	3	0.99980646	SimCSE_cross
392	Q0	73:15-19	4	0.99980646	SimCSE_cross
392	Q0	20:95-98	5	0.99980646	SimCSE_cross
392	Q0	10:54-56	6	0.99980646	SimCSE_cross
392	Q0	2:224-225	7	0.99980634	SimCSE_cross
392	Q0	28:57-59	8	0.99980634	SimCSE_cross
392	Q0	17:40-44	9	0.99980634	SimCSE_cross
392	Q0	27:76-78	10	0.9998062	SimCSE_cross
393	Q0	62:1-4	1	0.9998067	SimCSE_cross
393	Q0	10:54-56	2	0.99980646	SimCSE_cross
393	Q0	4:66-70	3	0.99980646	SimCSE_cross
393	Q0	3:133-136	4	0.99980646	SimCSE_cross
393	Q0	4:113-113	5	0.99980646	SimCSE_cross
393	Q0	10:57-60	6	0.99980634	SimCSE_cross
393	Q0	2:74-75	7	0.99980634	SimCSE_cross
393	Q0	13:12-13	8	0.9998062	SimCSE_cross
393	Q0	29:10-13	9	0.9998062	SimCSE_cross
393	Q0	11:18-24	10	0.9998062	SimCSE_cross
394	Q0	30:1-7	1	0.9998066	SimCSE_cross
394	Q0	20:95-98	2	0.9998066	SimCSE_cross
394	Q0	5:3-3	3	0.99980646	SimCSE_cross
394	Q0	10:54-56	4	0.99980646	SimCSE_cross
394	Q0	14:42-46	5	0.99980646	SimCSE_cross
394	Q0	69:13-18	6	0.99980634	SimCSE_cross
394	Q0	5:12-13	7	0.99980634	SimCSE_cross
394	Q0	11:112-115	8	0.99980634	SimCSE_cross
394	Q0	2:74-75	9	0.99980634	SimCSE_cross
394	Q0	19:59-65	10	0.9998062	SimCSE_cross
395	Q0	6:63-67	1	0.9998067	SimCSE_cross
395	Q0	3:187-189	2	0.9998066	SimCSE_cross
395	Q0	20:95-98	3	0.9998066	SimCSE_cross
395	Q0	17:49-52	4	0.9998066	SimCSE_cross
395	Q0	16:56-62	5	0.99980646	SimCSE_cross
395	Q0	22:73-76	6	0.99980634	SimCSE_cross
395	Q0	74:27-31	7	0.99980634	SimCSE_cross
395	Q0	7:189-195	8	0.99980634	SimCSE_cross
395	Q0	2:180-182	9	0.99980634	SimCSE_cross
395	Q0	9:56-59	10	0.9998062	SimCSE_cross
396	Q0	6:63-67	1	0.9998067	SimCSE_cross
396	Q0	17:49-52	2	0.9998067	SimCSE_cross
396	Q0	3:159-160	3	0.9998066	SimCSE_cross
396	Q0	32:4-9	4	0.9998066	SimCSE_cross
396	Q0	21:25-29	5	0.9998066	SimCSE_cross
396	Q0	5:61-64	6	0.99980646	SimCSE_cross
396	Q0	2:275-276	7	0.99980646	SimCSE_cross
396	Q0	48:14-15	8	0.99980646	SimCSE_cross
396	Q0	43:81-89	9	0.99980646	SimCSE_cross
396	Q0	43:29-35	10	0.99980634	SimCSE_cross
398	Q0	11:18-24	1	0.9998068	SimCSE_cross
398	Q0	20:95-98	2	0.9998068	SimCSE_cross
398	Q0	6:118-121	3	0.9998068	SimCSE_cross
398	Q0	12:4-6	4	0.9998066	SimCSE_cross
398	Q0	15:10-15	5	0.9998066	SimCSE_cross
398	Q0	19:59-65	6	0.9998066	SimCSE_cross
398	Q0	34:10-13	7	0.99980646	SimCSE_cross
398	Q0	7:38-41	8	0.99980646	SimCSE_cross
398	Q0	25:45-55	9	0.99980646	SimCSE_cross
398	Q0	3:86-91	10	0.99980646	SimCSE_cross
399	Q0	9:97-99	1	0.99980706	SimCSE_cross
399	Q0	42:1-6	2	0.99980694	SimCSE_cross
399	Q0	11:18-24	3	0.9998068	SimCSE_cross
399	Q0	10:57-60	4	0.9998068	SimCSE_cross
399	Q0	62:9-11	5	0.9998067	SimCSE_cross
399	Q0	43:81-89	6	0.9998067	SimCSE_cross
399	Q0	2:275-276	7	0.9998066	SimCSE_cross
399	Q0	14:21-23	8	0.9998066	SimCSE_cross
399	Q0	12:102-107	9	0.9998066	SimCSE_cross
399	Q0	19:59-65	10	0.9998066	SimCSE_cross
400	Q0	42:1-6	1	0.99980694	SimCSE_cross
400	Q0	6:63-67	2	0.9998068	SimCSE_cross
400	Q0	73:15-19	3	0.9998068	SimCSE_cross
400	Q0	35:1-4	4	0.9998068	SimCSE_cross
400	Q0	19:66-72	5	0.9998067	SimCSE_cross
400	Q0	62:1-4	6	0.9998067	SimCSE_cross
400	Q0	65:4-7	7	0.9998066	SimCSE_cross
400	Q0	2:231-232	8	0.9998066	SimCSE_cross
400	Q0	41:49-52	9	0.9998066	SimCSE_cross
400	Q0	2:272-274	10	0.9998066	SimCSE_cross
401	Q0	9:97-99	1	0.9998068	SimCSE_cross
401	Q0	32:4-9	2	0.9998066	SimCSE_cross
401	Q0	43:81-89	3	0.9998066	SimCSE_cross
401	Q0	17:49-52	4	0.9998066	SimCSE_cross
401	Q0	9:56-59	5	0.9998066	SimCSE_cross
401	Q0	5:4-5	6	0.99980646	SimCSE_cross
401	Q0	2:243-245	7	0.99980646	SimCSE_cross
401	Q0	20:95-98	8	0.99980646	SimCSE_cross
401	Q0	24:41-45	9	0.9998062	SimCSE_cross
401	Q0	62:9-11	10	0.9998062	SimCSE_cross
402	Q0	35:1-4	1	0.9998068	SimCSE_cross
402	Q0	17:40-44	2	0.9998068	SimCSE_cross
402	Q0	73:15-19	3	0.9998068	SimCSE_cross
402	Q0	9:97-99	4	0.9998068	SimCSE_cross
402	Q0	20:95-98	5	0.9998067	SimCSE_cross
402	Q0	42:1-6	6	0.9998067	SimCSE_cross
402	Q0	15:16-25	7	0.9998066	SimCSE_cross
402	Q0	2:26-27	8	0.9998066	SimCSE_cross
402	Q0	11:18-24	9	0.9998066	SimCSE_cross
402	Q0	57:1-6	10	0.99980646	SimCSE_cross
404	Q0	34:6-9	1	0.99980694	SimCSE_cross
404	Q0	3:133-136	2	0.99980694	SimCSE_cross
404	Q0	17:40-44	3	0.9998068	SimCSE_cross
404	Q0	35:1-4	4	0.9998066	SimCSE_cross
404	Q0	19:66-72	5	0.9998066	SimCSE_cross
404	Q0	41:49-52	6	0.99980634	SimCSE_cross
404	Q0	71:13-20	7	0.99980634	SimCSE_cross
404	Q0	4:122-126	8	0.9998062	SimCSE_cross
404	Q0	21:1-10	9	0.9998062	SimCSE_cross
404	Q0	2:231-232	10	0.9998062	SimCSE_cross
405	Q0	9:97-99	1	0.99980694	SimCSE_cross
405	Q0	73:15-19	2	0.9998068	SimCSE_cross
405	Q0	9:56-59	3	0.9998067	SimCSE_cross
405	Q0	17:49-52	4	0.9998067	SimCSE_cross
405	Q0	7:148-149	5	0.9998067	SimCSE_cross
405	Q0	17:61-65	6	0.9998066	SimCSE_cross
405	Q0	7:28-30	7	0.99980646	SimCSE_cross
405	Q0	66:10-12	8	0.99980646	SimCSE_cross
405	Q0	71:13-20	9	0.99980646	SimCSE_cross
405	Q0	25:30-34	10	0.99980646	SimCSE_cross
407	Q0	35:1-4	1	0.9998067	SimCSE_cross
407	Q0	9:97-99	2	0.9998067	SimCSE_cross
407	Q0	17:49-52	3	0.9998066	SimCSE_cross
407	Q0	62:1-4	4	0.9998066	SimCSE_cross
407	Q0	42:1-6	5	0.9998066	SimCSE_cross
407	Q0	57:1-6	6	0.99980646	SimCSE_cross
407	Q0	2:243-245	7	0.99980646	SimCSE_cross
407	Q0	73:20-20	8	0.99980646	SimCSE_cross
407	Q0	17:78-82	9	0.99980646	SimCSE_cross
407	Q0	32:4-9	10	0.99980646	SimCSE_cross
408	Q0	17:40-44	1	0.99980694	SimCSE_cross
408	Q0	6:114-117	2	0.9998068	SimCSE_cross
408	Q0	42:37-43	3	0.9998068	SimCSE_cross
408	Q0	14:5-8	4	0.9998067	SimCSE_cross
408	Q0	72:25-28	5	0.9998066	SimCSE_cross
408	Q0	39:68-70	6	0.9998066	SimCSE_cross
408	Q0	62:9-11	7	0.99980646	SimCSE_cross
408	Q0	45:1-6	8	0.99980646	SimCSE_cross
408	Q0	70:40-44	9	0.99980634	SimCSE_cross
408	Q0	6:132-135	10	0.99980634	SimCSE_cross
409	Q0	17:40-44	1	0.99980694	SimCSE_cross
409	Q0	9:97-99	2	0.99980694	SimCSE_cross
409	Q0	62:1-4	3	0.9998068	SimCSE_cross
409	Q0	20:95-98	4	0.9998067	SimCSE_cross
409	Q0	45:1-6	5	0.9998066	SimCSE_cross
409	Q0	62:9-11	6	0.99980646	SimCSE_cross
409	Q0	63:9-11	7	0.99980646	SimCSE_cross
409	Q0	69:25-37	8	0.99980646	SimCSE_cross
409	Q0	66:10-12	9	0.99980646	SimCSE_cross
409	Q0	59:6-7	10	0.99980646	SimCSE_cross
410	Q0	9:97-99	1	0.9998067	SimCSE_cross
410	Q0	19:66-72	2	0.9998067	SimCSE_cross
410	Q0	6:63-67	3	0.9998066	SimCSE_cross
410	Q0	21:45-47	4	0.9998066	SimCSE_cross
410	Q0	67:6-11	5	0.99980646	SimCSE_cross
410	Q0	16:15-18	6	0.99980646	SimCSE_cross
410	Q0	32:4-9	7	0.99980646	SimCSE_cross
410	Q0	2:99-101	8	0.99980634	SimCSE_cross
410	Q0	25:41-44	9	0.9998062	SimCSE_cross
410	Q0	60:1-3	10	0.9998062	SimCSE_cross
411	Q0	30:1-7	1	0.9998067	SimCSE_cross
411	Q0	42:1-6	2	0.9998067	SimCSE_cross
411	Q0	2:26-27	3	0.9998066	SimCSE_cross
411	Q0	19:59-65	4	0.9998066	SimCSE_cross
411	Q0	20:95-98	5	0.9998066	SimCSE_cross
411	Q0	14:21-23	6	0.9998066	SimCSE_cross
411	Q0	41:49-52	7	0.99980646	SimCSE_cross
411	Q0	2:187-187	8	0.99980646	SimCSE_cross
411	Q0	45:7-11	9	0.99980646	SimCSE_cross
411	Q0	69:25-37	10	0.99980634	SimCSE_cross
412	Q0	17:40-44	1	0.9998068	SimCSE_cross
412	Q0	62:1-4	2	0.99980646	SimCSE_cross
412	Q0	6:91-92	3	0.99980646	SimCSE_cross
412	Q0	14:24-27	4	0.99980646	SimCSE_cross
412	Q0	32:4-9	5	0.99980646	SimCSE_cross
412	Q0	14:47-52	6	0.99980646	SimCSE_cross
412	Q0	47:30-32	7	0.99980634	SimCSE_cross
412	Q0	41:49-52	8	0.99980634	SimCSE_cross
412	Q0	45:7-11	9	0.99980634	SimCSE_cross
412	Q0	5:61-64	10	0.9998062	SimCSE_cross
413	Q0	6:93-94	1	0.9998066	SimCSE_cross
413	Q0	16:94-97	2	0.9998066	SimCSE_cross
413	Q0	2:275-276	3	0.9998066	SimCSE_cross
413	Q0	4:56-57	4	0.9998066	SimCSE_cross
413	Q0	2:163-164	5	0.9998066	SimCSE_cross
413	Q0	5:12-13	6	0.9998066	SimCSE_cross
413	Q0	48:1-4	7	0.9998066	SimCSE_cross
413	Q0	28:57-59	8	0.9998066	SimCSE_cross
413	Q0	64:7-10	9	0.9998066	SimCSE_cross
413	Q0	48:5-7	10	0.99980646	SimCSE_cross
414	Q0	20:95-98	1	0.9998068	SimCSE_cross
414	Q0	39:68-70	2	0.9998067	SimCSE_cross
414	Q0	2:26-27	3	0.9998067	SimCSE_cross
414	Q0	7:196-198	4	0.9998066	SimCSE_cross
414	Q0	10:54-56	5	0.9998066	SimCSE_cross
414	Q0	5:38-40	6	0.9998066	SimCSE_cross
414	Q0	14:47-52	7	0.9998066	SimCSE_cross
414	Q0	28:57-59	8	0.9998066	SimCSE_cross
414	Q0	6:51-52	9	0.99980646	SimCSE_cross
414	Q0	17:49-52	10	0.99980646	SimCSE_cross
415	Q0	17:40-44	1	0.99980706	SimCSE_cross
415	Q0	7:54-56	2	0.99980694	SimCSE_cross
415	Q0	72:25-28	3	0.9998067	SimCSE_cross
415	Q0	2:26-27	4	0.9998067	SimCSE_cross
415	Q0	14:24-27	5	0.9998066	SimCSE_cross
415	Q0	24:32-34	6	0.9998066	SimCSE_cross
415	Q0	2:204-207	7	0.9998066	SimCSE_cross
415	Q0	45:1-6	8	0.9998066	SimCSE_cross
415	Q0	17:105-111	9	0.9998066	SimCSE_cross
415	Q0	4:122-126	10	0.99980646	SimCSE_cross
416	Q0	11:1-5	1	0.9998068	SimCSE_cross
416	Q0	73:15-19	2	0.9998068	SimCSE_cross
416	Q0	11:8-11	3	0.9998067	SimCSE_cross
416	Q0	2:17-20	4	0.9998067	SimCSE_cross
416	Q0	19:66-72	5	0.9998066	SimCSE_cross
416	Q0	17:83-87	6	0.9998066	SimCSE_cross
416	Q0	47:20-24	7	0.9998066	SimCSE_cross
416	Q0	46:29-32	8	0.9998066	SimCSE_cross
416	Q0	39:32-37	9	0.9998066	SimCSE_cross
416	Q0	42:44-46	10	0.99980646	SimCSE_cross
417	Q0	17:49-52	1	0.9998068	SimCSE_cross
417	Q0	20:95-98	2	0.9998068	SimCSE_cross
417	Q0	2:163-164	3	0.9998067	SimCSE_cross
417	Q0	11:15-17	4	0.9998066	SimCSE_cross
417	Q0	19:59-65	5	0.9998066	SimCSE_cross
417	Q0	55:33-36	6	0.9998066	SimCSE_cross
417	Q0	64:14-18	7	0.9998066	SimCSE_cross
417	Q0	2:187-187	8	0.9998066	SimCSE_cross
417	Q0	28:85-88	9	0.99980646	SimCSE_cross
417	Q0	17:31-35	10	0.99980646	SimCSE_cross
418	Q0	42:51-53	1	0.99980694	SimCSE_cross
418	Q0	2:243-245	2	0.99980694	SimCSE_cross
418	Q0	10:31-33	3	0.99980694	SimCSE_cross
418	Q0	18:1-6	4	0.9998068	SimCSE_cross
418	Q0	28:57-59	5	0.9998068	SimCSE_cross
418	Q0	34:20-23	6	0.9998068	SimCSE_cross
418	Q0	10:18-20	7	0.9998068	SimCSE_cross
418	Q0	43:36-39	8	0.9998068	SimCSE_cross
418	Q0	72:14-17	9	0.9998067	SimCSE_cross
418	Q0	11:120-123	10	0.9998067	SimCSE_cross
421	Q0	4:66-70	1	0.99980694	SimCSE_cross
421	Q0	62:1-4	2	0.9998068	SimCSE_cross
421	Q0	70:8-18	3	0.9998066	SimCSE_cross
421	Q0	73:20-20	4	0.9998066	SimCSE_cross
421	Q0	2:154-157	5	0.9998066	SimCSE_cross
421	Q0	11:103-108	6	0.9998066	SimCSE_cross
421	Q0	56:11-26	7	0.9998066	SimCSE_cross
421	Q0	43:81-89	8	0.9998066	SimCSE_cross
421	Q0	89:21-30	9	0.9998066	SimCSE_cross
421	Q0	7:148-149	10	0.9998066	SimCSE_cross
422	Q0	9:97-99	1	0.99980694	SimCSE_cross
422	Q0	30:1-7	2	0.9998068	SimCSE_cross
422	Q0	17:40-44	3	0.9998068	SimCSE_cross
422	Q0	47:30-32	4	0.9998067	SimCSE_cross
422	Q0	29:19-23	5	0.9998066	SimCSE_cross
422	Q0	25:30-34	6	0.9998066	SimCSE_cross
422	Q0	6:91-92	7	0.9998066	SimCSE_cross
422	Q0	72:1-7	8	0.9998066	SimCSE_cross
422	Q0	16:98-102	9	0.99980646	SimCSE_cross
422	Q0	4:51-55	10	0.99980646	SimCSE_cross
423	Q0	35:1-4	1	0.9998068	SimCSE_cross
423	Q0	14:47-52	2	0.9998068	SimCSE_cross
423	Q0	73:15-19	3	0.9998068	SimCSE_cross
423	Q0	42:1-6	4	0.9998068	SimCSE_cross
423	Q0	31:27-28	5	0.9998068	SimCSE_cross
423	Q0	32:4-9	6	0.9998068	SimCSE_cross
423	Q0	11:112-115	7	0.9998067	SimCSE_cross
423	Q0	19:59-65	8	0.9998067	SimCSE_cross
423	Q0	20:95-98	9	0.9998067	SimCSE_cross
423	Q0	3:28-30	10	0.9998067	SimCSE_cross
425	Q0	9:97-99	1	0.99980706	SimCSE_cross
425	Q0	17:40-44	2	0.99980694	SimCSE_cross
425	Q0	20:95-98	3	0.9998068	SimCSE_cross
425	Q0	10:57-60	4	0.9998068	SimCSE_cross
425	Q0	11:18-24	5	0.9998067	SimCSE_cross
425	Q0	22:25-29	6	0.9998067	SimCSE_cross
425	Q0	2:26-27	7	0.9998066	SimCSE_cross
425	Q0	66:10-12	8	0.99980646	SimCSE_cross
425	Q0	4:122-126	9	0.99980646	SimCSE_cross
425	Q0	3:86-91	10	0.99980634	SimCSE_cross
426	Q0	9:56-59	1	0.9998066	SimCSE_cross
426	Q0	73:20-20	2	0.9998066	SimCSE_cross
426	Q0	32:4-9	3	0.9998066	SimCSE_cross
426	Q0	17:59-60	4	0.99980646	SimCSE_cross
426	Q0	22:5-7	5	0.99980634	SimCSE_cross
426	Q0	99:1-8	6	0.99980634	SimCSE_cross
426	Q0	22:19-22	7	0.99980634	SimCSE_cross
426	Q0	3:28-30	8	0.99980634	SimCSE_cross
426	Q0	10:34-36	9	0.9998062	SimCSE_cross
426	Q0	21:69-73	10	0.9998062	SimCSE_cross
427	Q0	34:6-9	1	0.99980694	SimCSE_cross
427	Q0	6:118-121	2	0.9998067	SimCSE_cross
427	Q0	10:57-60	3	0.9998067	SimCSE_cross
427	Q0	37:171-182	4	0.9998066	SimCSE_cross
427	Q0	18:78-82	5	0.99980634	SimCSE_cross
427	Q0	49:1-5	6	0.99980634	SimCSE_cross
427	Q0	66:10-12	7	0.99980634	SimCSE_cross
427	Q0	43:74-80	8	0.9998062	SimCSE_cross
427	Q0	7:44-45	9	0.9998062	SimCSE_cross
427	Q0	2:204-207	10	0.9998062	SimCSE_cross
