101	Q0	20:86-94	0	0.9023475050926208	SimCSE_bm25_biencoder
101	Q0	40:28-33	1	0.8546249270439148	SimCSE_bm25_biencoder
101	Q0	61:5-5	2	0.8462082147598267	SimCSE_bm25_biencoder
101	Q0	11:50-60	3	0.7918891906738281	SimCSE_bm25_biencoder
101	Q0	7:175-178	4	0.7258304953575134	SimCSE_bm25_biencoder
101	Q0	6:132-135	5	0.6362717151641846	SimCSE_bm25_biencoder
101	Q0	51:38-46	6	0.6158881187438965	SimCSE_bm25_biencoder
101	Q0	36:20-27	7	0.5999355316162109	SimCSE_bm25_biencoder
101	Q0	45:14-15	8	0.5476502180099487	SimCSE_bm25_biencoder
101	Q0	11:89-95	9	0.4769383668899536	SimCSE_bm25_biencoder
102	Q0	2:87-88	0	0.9379647374153137	SimCSE_bm25_biencoder
102	Q0	43:46-56	1	0.8788069486618042	SimCSE_bm25_biencoder
102	Q0	28:14-19	2	0.8524988293647766	SimCSE_bm25_biencoder
102	Q0	7:142-143	3	0.8324335813522339	SimCSE_bm25_biencoder
102	Q0	51:38-46	4	0.809646487236023	SimCSE_bm25_biencoder
102	Q0	7:144-145	5	0.8061537742614746	SimCSE_bm25_biencoder
102	Q0	41:45-46	6	0.7920705080032349	SimCSE_bm25_biencoder
102	Q0	46:29-32	7	0.782109260559082	SimCSE_bm25_biencoder
102	Q0	20:86-94	8	0.7815886735916138	SimCSE_bm25_biencoder
102	Q0	7:113-126	9	0.7696200609207153	SimCSE_bm25_biencoder
103	Q0	36:59-68	0	0.640070915222168	SimCSE_bm25_biencoder
103	Q0	2:83-86	1	0.5345520973205566	SimCSE_bm25_biencoder
103	Q0	5:70-71	2	0.4751138985157013	SimCSE_bm25_biencoder
103	Q0	7:103-108	3	0.4590766429901123	SimCSE_bm25_biencoder
103	Q0	20:86-94	4	0.4361325204372406	SimCSE_bm25_biencoder
103	Q0	7:31-34	5	0.4257153272628784	SimCSE_bm25_biencoder
103	Q0	7:35-37	6	0.4239424467086792	SimCSE_bm25_biencoder
103	Q0	31:16-19	7	0.4171728789806366	SimCSE_bm25_biencoder
103	Q0	12:67-68	8	0.41599583625793457	SimCSE_bm25_biencoder
103	Q0	10:90-93	9	0.4076525568962097	SimCSE_bm25_biencoder
105	Q0	66:1-5	0	0.6423174142837524	SimCSE_bm25_biencoder
105	Q0	33:7-8	1	0.5983577966690063	SimCSE_bm25_biencoder
105	Q0	2:178-179	2	0.5649511218070984	SimCSE_bm25_biencoder
105	Q0	9:60-61	3	0.5410057306289673	SimCSE_bm25_biencoder
105	Q0	2:228-230	4	0.5324348211288452	SimCSE_bm25_biencoder
105	Q0	25:41-44	5	0.48334312438964844	SimCSE_bm25_biencoder
105	Q0	11:8-11	6	0.48156046867370605	SimCSE_bm25_biencoder
105	Q0	33:56-58	7	0.4815462529659271	SimCSE_bm25_biencoder
105	Q0	66:9-9	8	0.47772279381752014	SimCSE_bm25_biencoder
105	Q0	8:62-66	9	0.4654048681259155	SimCSE_bm25_biencoder
106	Q0	33:7-8	0	0.6939247250556946	SimCSE_bm25_biencoder
106	Q0	5:72-73	1	0.6359198689460754	SimCSE_bm25_biencoder
106	Q0	19:34-40	2	0.6248030066490173	SimCSE_bm25_biencoder
106	Q0	3:33-41	3	0.549321174621582	SimCSE_bm25_biencoder
106	Q0	2:87-88	4	0.5248313546180725	SimCSE_bm25_biencoder
106	Q0	3:45-51	5	0.4950172007083893	SimCSE_bm25_biencoder
106	Q0	43:57-66	6	0.4684714078903198	SimCSE_bm25_biencoder
106	Q0	61:6-9	7	0.4658128619194031	SimCSE_bm25_biencoder
106	Q0	9:30-31	8	0.46336644887924194	SimCSE_bm25_biencoder
106	Q0	4:153-161	9	0.45545846223831177	SimCSE_bm25_biencoder
107	Q0	104:1-9	0	0.98121577501297	SimCSE_bm25_biencoder
108	Q0	26:123-140	0	0.7931497097015381	SimCSE_bm25_biencoder
108	Q0	4:176-176	1	0.6867935657501221	SimCSE_bm25_biencoder
108	Q0	26:105-122	2	0.6804525256156921	SimCSE_bm25_biencoder
108	Q0	28:36-43	3	0.670331597328186	SimCSE_bm25_biencoder
108	Q0	12:23-29	4	0.6279591917991638	SimCSE_bm25_biencoder
108	Q0	7:127-129	5	0.6265832185745239	SimCSE_bm25_biencoder
108	Q0	10:87-89	6	0.5664463043212891	SimCSE_bm25_biencoder
108	Q0	3:102-109	7	0.5215124487876892	SimCSE_bm25_biencoder
108	Q0	26:41-51	8	0.5214040875434875	SimCSE_bm25_biencoder
108	Q0	7:148-149	9	0.5128607153892517	SimCSE_bm25_biencoder
109	Q0	69:1-8	0	0.9483470320701599	SimCSE_bm25_biencoder
109	Q0	101:1-5	1	0.4499603509902954	SimCSE_bm25_biencoder
110	Q0	8:72-75	0	0.9847109913825989	SimCSE_bm25_biencoder
110	Q0	2:60-62	1	0.9769338369369507	SimCSE_bm25_biencoder
110	Q0	2:240-242	2	0.9657931923866272	SimCSE_bm25_biencoder
110	Q0	17:101-104	3	0.9653074741363525	SimCSE_bm25_biencoder
110	Q0	61:10-14	4	0.9609474539756775	SimCSE_bm25_biencoder
110	Q0	3:45-51	5	0.9578379392623901	SimCSE_bm25_biencoder
110	Q0	46:15-18	6	0.9577032327651978	SimCSE_bm25_biencoder
110	Q0	48:24-26	7	0.9574301242828369	SimCSE_bm25_biencoder
110	Q0	2:228-230	8	0.956626296043396	SimCSE_bm25_biencoder
110	Q0	26:141-159	9	0.9564111232757568	SimCSE_bm25_biencoder
111	Q0	7:159-162	0	0.9163541793823242	SimCSE_bm25_biencoder
112	Q0	62:1-4	0	0.45361587405204773	SimCSE_bm25_biencoder
112	Q0	9:113-116	1	0.45045971870422363	SimCSE_bm25_biencoder
112	Q0	35:12-14	2	0.43961355090141296	SimCSE_bm25_biencoder
112	Q0	12:30-32	3	0.43926435708999634	SimCSE_bm25_biencoder
112	Q0	38:1-11	4	0.41535264253616333	SimCSE_bm25_biencoder
112	Q0	12:50-57	5	0.3981143534183502	SimCSE_bm25_biencoder
112	Q0	25:45-55	6	0.3848293423652649	SimCSE_bm25_biencoder
112	Q0	7:157-158	7	0.3845774531364441	SimCSE_bm25_biencoder
112	Q0	23:115-118	8	0.3709045648574829	SimCSE_bm25_biencoder
112	Q0	42:47-50	9	0.3640196919441223	SimCSE_bm25_biencoder
115	Q0	26:141-159	0	0.9025649428367615	SimCSE_bm25_biencoder
115	Q0	91:11-15	1	0.8882534503936768	SimCSE_bm25_biencoder
115	Q0	54:23-32	2	0.8419334888458252	SimCSE_bm25_biencoder
115	Q0	7:73-79	3	0.8366233110427856	SimCSE_bm25_biencoder
115	Q0	11:61-68	4	0.7951547503471375	SimCSE_bm25_biencoder
115	Q0	17:59-60	5	0.5072646737098694	SimCSE_bm25_biencoder
116	Q0	2:275-276	0	0.9495078921318054	SimCSE_bm25_biencoder
116	Q0	3:130-132	1	0.8991840481758118	SimCSE_bm25_biencoder
116	Q0	6:164-165	2	0.7103235721588135	SimCSE_bm25_biencoder
116	Q0	30:38-41	3	0.5899354219436646	SimCSE_bm25_biencoder
116	Q0	2:277-281	4	0.5527149438858032	SimCSE_bm25_biencoder
116	Q0	4:153-161	5	0.5456321239471436	SimCSE_bm25_biencoder
118	Q0	16:73-76	0	0.968237042427063	SimCSE_bm25_biencoder
118	Q0	2:275-276	1	0.9657848477363586	SimCSE_bm25_biencoder
118	Q0	24:41-45	2	0.9570417404174805	SimCSE_bm25_biencoder
118	Q0	5:38-40	3	0.9501320123672485	SimCSE_bm25_biencoder
118	Q0	10:74-78	4	0.9501067399978638	SimCSE_bm25_biencoder
118	Q0	3:86-91	5	0.9485818147659302	SimCSE_bm25_biencoder
118	Q0	40:7-9	6	0.9478051662445068	SimCSE_bm25_biencoder
118	Q0	40:23-27	7	0.947273850440979	SimCSE_bm25_biencoder
118	Q0	24:4-5	8	0.9434142112731934	SimCSE_bm25_biencoder
118	Q0	4:7-10	9	0.9430691003799438	SimCSE_bm25_biencoder
119	Q0	2:34-39	0	0.6368694305419922	SimCSE_bm25_biencoder
119	Q0	17:59-60	1	0.4306063652038574	SimCSE_bm25_biencoder
119	Q0	7:19-25	2	0.4281609058380127	SimCSE_bm25_biencoder
119	Q0	28:29-32	3	0.39027291536331177	SimCSE_bm25_biencoder
119	Q0	48:18-23	4	0.35547083616256714	SimCSE_bm25_biencoder
120	Q0	33:53-55	0	0.870997428894043	SimCSE_bm25_biencoder
120	Q0	66:1-5	1	0.7332233786582947	SimCSE_bm25_biencoder
120	Q0	3:45-51	2	0.6097084283828735	SimCSE_bm25_biencoder
120	Q0	27:15-19	3	0.5544534921646118	SimCSE_bm25_biencoder
120	Q0	33:59-59	4	0.5455293655395508	SimCSE_bm25_biencoder
120	Q0	2:60-62	5	0.5341107845306396	SimCSE_bm25_biencoder
120	Q0	8:62-66	6	0.5328361988067627	SimCSE_bm25_biencoder
120	Q0	96:1-5	7	0.5104222893714905	SimCSE_bm25_biencoder
120	Q0	33:49-52	8	0.4945879876613617	SimCSE_bm25_biencoder
120	Q0	15:16-25	9	0.4467487335205078	SimCSE_bm25_biencoder
121	Q0	39:1-5	0	0.7097570896148682	SimCSE_bm25_biencoder
121	Q0	2:233-233	1	0.6898434162139893	SimCSE_bm25_biencoder
121	Q0	3:75-77	2	0.5848057270050049	SimCSE_bm25_biencoder
121	Q0	4:12-14	3	0.534968376159668	SimCSE_bm25_biencoder
121	Q0	25:1-2	4	0.5190092325210571	SimCSE_bm25_biencoder
121	Q0	4:176-176	5	0.500472903251648	SimCSE_bm25_biencoder
121	Q0	7:1-3	6	0.49289557337760925	SimCSE_bm25_biencoder
121	Q0	6:100-105	7	0.4463310241699219	SimCSE_bm25_biencoder
121	Q0	8:62-66	8	0.39937716722488403	SimCSE_bm25_biencoder
121	Q0	4:36-40	9	0.3805641829967499	SimCSE_bm25_biencoder
122	Q0	11:38-40	0	0.6840759515762329	SimCSE_bm25_biencoder
122	Q0	45:16-20	1	0.6269795298576355	SimCSE_bm25_biencoder
122	Q0	13:1-4	2	0.6204788088798523	SimCSE_bm25_biencoder
122	Q0	6:84-90	3	0.598141074180603	SimCSE_bm25_biencoder
122	Q0	12:36-42	4	0.592107355594635	SimCSE_bm25_biencoder
122	Q0	21:89-90	5	0.5909752249717712	SimCSE_bm25_biencoder
122	Q0	97:1-5	6	0.5571735501289368	SimCSE_bm25_biencoder
122	Q0	18:50-53	7	0.5328774452209473	SimCSE_bm25_biencoder
122	Q0	11:96-99	8	0.5213415622711182	SimCSE_bm25_biencoder
122	Q0	12:67-68	9	0.5137956738471985	SimCSE_bm25_biencoder
123	Q0	33:49-52	0	0.8034011125564575	SimCSE_bm25_biencoder
123	Q0	2:183-186	1	0.4922253489494324	SimCSE_bm25_biencoder
123	Q0	9:42-49	2	0.30277466773986816	SimCSE_bm25_biencoder
123	Q0	9:36-37	3	0.09387103468179703	SimCSE_bm25_biencoder
123	Q0	65:1-3	4	0.03227284178137779	SimCSE_bm25_biencoder
125	Q0	2:234-237	0	0.6786737442016602	SimCSE_bm25_biencoder
125	Q0	28:7-13	1	0.5232664346694946	SimCSE_bm25_biencoder
125	Q0	2:226-227	2	0.5124914646148682	SimCSE_bm25_biencoder
125	Q0	2:196-203	3	0.4587385356426239	SimCSE_bm25_biencoder
125	Q0	6:148-150	4	0.4246421754360199	SimCSE_bm25_biencoder
125	Q0	9:28-29	5	0.41169267892837524	SimCSE_bm25_biencoder
125	Q0	5:94-95	6	0.40400683879852295	SimCSE_bm25_biencoder
125	Q0	4:22-24	7	0.40084603428840637	SimCSE_bm25_biencoder
125	Q0	27:89-93	8	0.39899590611457825	SimCSE_bm25_biencoder
125	Q0	7:50-51	9	0.3832099437713623	SimCSE_bm25_biencoder
127	Q0	10:24-25	0	0.6539977192878723	SimCSE_bm25_biencoder
127	Q0	12:11-15	1	0.6293686628341675	SimCSE_bm25_biencoder
127	Q0	83:29-36	2	0.5325074195861816	SimCSE_bm25_biencoder
127	Q0	101:6-11	3	0.5244878530502319	SimCSE_bm25_biencoder
127	Q0	66:9-9	4	0.5207159519195557	SimCSE_bm25_biencoder
127	Q0	60:12-13	5	0.489795982837677	SimCSE_bm25_biencoder
127	Q0	25:7-10	6	0.4794307053089142	SimCSE_bm25_biencoder
127	Q0	23:31-41	7	0.4427986741065979	SimCSE_bm25_biencoder
127	Q0	48:27-29	8	0.43159741163253784	SimCSE_bm25_biencoder
127	Q0	4:17-18	9	0.4176580607891083	SimCSE_bm25_biencoder
128	Q0	33:36-40	0	0.7727110385894775	SimCSE_bm25_biencoder
128	Q0	18:32-44	1	0.6685961484909058	SimCSE_bm25_biencoder
128	Q0	33:49-52	2	0.6260238289833069	SimCSE_bm25_biencoder
128	Q0	3:95-97	3	0.5801150798797607	SimCSE_bm25_biencoder
128	Q0	4:66-70	4	0.5769402980804443	SimCSE_bm25_biencoder
128	Q0	16:90-93	5	0.5654256939888	SimCSE_bm25_biencoder
128	Q0	33:56-58	6	0.5627244710922241	SimCSE_bm25_biencoder
128	Q0	71:25-28	7	0.5559973120689392	SimCSE_bm25_biencoder
128	Q0	33:4-6	8	0.511616587638855	SimCSE_bm25_biencoder
128	Q0	8:62-66	9	0.5085338354110718	SimCSE_bm25_biencoder
129	Q0	33:7-8	0	0.7166454195976257	SimCSE_bm25_biencoder
129	Q0	54:9-17	1	0.5671751499176025	SimCSE_bm25_biencoder
129	Q0	11:25-31	2	0.48620539903640747	SimCSE_bm25_biencoder
129	Q0	18:78-82	3	0.4725099503993988	SimCSE_bm25_biencoder
129	Q0	17:12-17	4	0.46507102251052856	SimCSE_bm25_biencoder
129	Q0	12:102-107	5	0.45729416608810425	SimCSE_bm25_biencoder
129	Q0	51:38-46	6	0.45021915435791016	SimCSE_bm25_biencoder
129	Q0	21:25-29	7	0.4319058954715729	SimCSE_bm25_biencoder
129	Q0	21:76-77	8	0.4304778277873993	SimCSE_bm25_biencoder
129	Q0	25:35-40	9	0.41838371753692627	SimCSE_bm25_biencoder
132	Q0	2:233-233	0	0.9314533472061157	SimCSE_bm25_biencoder
132	Q0	5:51-53	1	0.6000335216522217	SimCSE_bm25_biencoder
132	Q0	2:261-264	2	0.49939727783203125	SimCSE_bm25_biencoder
132	Q0	39:21-26	3	0.4514840543270111	SimCSE_bm25_biencoder
132	Q0	24:41-45	4	0.4346545934677124	SimCSE_bm25_biencoder
132	Q0	69:1-8	5	0.33042311668395996	SimCSE_bm25_biencoder
132	Q0	57:18-21	6	0.3127744793891907	SimCSE_bm25_biencoder
132	Q0	31:33-34	7	0.2963007390499115	SimCSE_bm25_biencoder
132	Q0	30:46-53	8	0.2857946753501892	SimCSE_bm25_biencoder
132	Q0	5:18-19	9	0.19775955379009247	SimCSE_bm25_biencoder
133	Q0	4:176-176	0	0.660598874092102	SimCSE_bm25_biencoder
133	Q0	57:1-6	1	0.5499609708786011	SimCSE_bm25_biencoder
133	Q0	7:146-147	2	0.4799407124519348	SimCSE_bm25_biencoder
133	Q0	46:26-28	3	0.4754001498222351	SimCSE_bm25_biencoder
133	Q0	11:18-24	4	0.4547920823097229	SimCSE_bm25_biencoder
133	Q0	7:163-163	5	0.405117392539978	SimCSE_bm25_biencoder
133	Q0	37:167-170	6	0.31904172897338867	SimCSE_bm25_biencoder
133	Q0	41:25-29	7	0.2712085247039795	SimCSE_bm25_biencoder
133	Q0	51:15-23	8	0.2492559254169464	SimCSE_bm25_biencoder
133	Q0	28:60-67	9	0.2466822862625122	SimCSE_bm25_biencoder
136	Q0	54:1-8	0	0.6249313354492188	SimCSE_bm25_biencoder
136	Q0	60:10-11	1	0.5549118518829346	SimCSE_bm25_biencoder
136	Q0	12:19-22	2	0.5490952730178833	SimCSE_bm25_biencoder
136	Q0	12:67-68	3	0.5413596034049988	SimCSE_bm25_biencoder
136	Q0	40:47-52	4	0.44636571407318115	SimCSE_bm25_biencoder
136	Q0	28:14-19	5	0.36274781823158264	SimCSE_bm25_biencoder
136	Q0	3:81-83	6	0.35632264614105225	SimCSE_bm25_biencoder
136	Q0	26:69-89	7	0.33652836084365845	SimCSE_bm25_biencoder
136	Q0	12:36-42	8	0.2528211176395416	SimCSE_bm25_biencoder
136	Q0	28:68-75	9	0.2519591450691223	SimCSE_bm25_biencoder
137	Q0	19:1-11	0	0.9488137364387512	SimCSE_bm25_biencoder
137	Q0	6:84-90	1	0.8595787882804871	SimCSE_bm25_biencoder
137	Q0	21:89-90	2	0.6759487390518188	SimCSE_bm25_biencoder
137	Q0	3:33-41	3	0.6366962194442749	SimCSE_bm25_biencoder
138	Q0	20:38-48	0	0.7031846046447754	SimCSE_bm25_biencoder
138	Q0	11:69-76	1	0.581881046295166	SimCSE_bm25_biencoder
138	Q0	18:60-77	2	0.5662007331848145	SimCSE_bm25_biencoder
138	Q0	6:151-153	3	0.5649588108062744	SimCSE_bm25_biencoder
138	Q0	26:10-22	4	0.5041542649269104	SimCSE_bm25_biencoder
138	Q0	24:41-45	5	0.4532254934310913	SimCSE_bm25_biencoder
138	Q0	10:15-17	6	0.43812674283981323	SimCSE_bm25_biencoder
138	Q0	7:31-34	7	0.4181812107563019	SimCSE_bm25_biencoder
138	Q0	12:36-42	8	0.3858031630516052	SimCSE_bm25_biencoder
138	Q0	18:25-26	9	0.3834269046783447	SimCSE_bm25_biencoder
139	Q0	85:1-9	0	0.7573063373565674	SimCSE_bm25_biencoder
139	Q0	5:27-31	1	0.5083137154579163	SimCSE_bm25_biencoder
139	Q0	3:156-158	2	0.4815479516983032	SimCSE_bm25_biencoder
139	Q0	3:137-144	3	0.45064836740493774	SimCSE_bm25_biencoder
139	Q0	3:166-168	4	0.40256303548812866	SimCSE_bm25_biencoder
139	Q0	3:152-155	5	0.3957853317260742	SimCSE_bm25_biencoder
139	Q0	28:33-35	6	0.38116127252578735	SimCSE_bm25_biencoder
139	Q0	2:190-194	7	0.3756941556930542	SimCSE_bm25_biencoder
139	Q0	80:17-23	8	0.3545885980129242	SimCSE_bm25_biencoder
139	Q0	3:169-175	9	0.3494722843170166	SimCSE_bm25_biencoder
140	Q0	33:60-62	0	0.830834150314331	SimCSE_bm25_biencoder
140	Q0	31:10-11	1	0.6548779606819153	SimCSE_bm25_biencoder
140	Q0	6:138-140	2	0.535279393196106	SimCSE_bm25_biencoder
140	Q0	2:249-252	3	0.5119404792785645	SimCSE_bm25_biencoder
140	Q0	3:156-158	4	0.49866557121276855	SimCSE_bm25_biencoder
140	Q0	2:216-218	5	0.4980487525463104	SimCSE_bm25_biencoder
140	Q0	3:190-195	6	0.48638835549354553	SimCSE_bm25_biencoder
140	Q0	6:136-137	7	0.48611152172088623	SimCSE_bm25_biencoder
140	Q0	2:190-194	8	0.4814259111881256	SimCSE_bm25_biencoder
140	Q0	8:17-19	9	0.4771135449409485	SimCSE_bm25_biencoder
141	Q0	5:38-40	0	0.9711053967475891	SimCSE_bm25_biencoder
141	Q0	63:1-4	1	0.9685256481170654	SimCSE_bm25_biencoder
141	Q0	24:6-10	2	0.9664462804794312	SimCSE_bm25_biencoder
141	Q0	24:4-5	3	0.9658442139625549	SimCSE_bm25_biencoder
141	Q0	34:20-23	4	0.9656761884689331	SimCSE_bm25_biencoder
141	Q0	2:267-269	5	0.9618861079216003	SimCSE_bm25_biencoder
141	Q0	83:1-6	6	0.9592975974082947	SimCSE_bm25_biencoder
141	Q0	4:66-70	7	0.957425594329834	SimCSE_bm25_biencoder
141	Q0	41:40-44	8	0.9570674896240234	SimCSE_bm25_biencoder
141	Q0	54:1-8	9	0.9569748044013977	SimCSE_bm25_biencoder
142	Q0	20:86-94	0	0.7866107225418091	SimCSE_bm25_biencoder
142	Q0	40:7-9	1	0.5241601467132568	SimCSE_bm25_biencoder
142	Q0	19:51-58	2	0.490234375	SimCSE_bm25_biencoder
142	Q0	69:9-12	3	0.48834794759750366	SimCSE_bm25_biencoder
142	Q0	31:14-15	4	0.4834132790565491	SimCSE_bm25_biencoder
142	Q0	17:66-70	5	0.47842514514923096	SimCSE_bm25_biencoder
142	Q0	32:4-9	6	0.4776141047477722	SimCSE_bm25_biencoder
142	Q0	13:1-4	7	0.45107707381248474	SimCSE_bm25_biencoder
142	Q0	9:128-129	8	0.4022091031074524	SimCSE_bm25_biencoder
142	Q0	39:71-75	9	0.4021559953689575	SimCSE_bm25_biencoder
143	Q0	20:128-132	0	0.8754017353057861	SimCSE_bm25_biencoder
143	Q0	55:46-78	1	0.7494595050811768	SimCSE_bm25_biencoder
143	Q0	37:40-49	2	0.4978988766670227	SimCSE_bm25_biencoder
143	Q0	3:10-13	3	0.4838373363018036	SimCSE_bm25_biencoder
143	Q0	6:138-140	4	0.4630136489868164	SimCSE_bm25_biencoder
143	Q0	52:17-28	5	0.4040958285331726	SimCSE_bm25_biencoder
143	Q0	44:51-59	6	0.31892579793930054	SimCSE_bm25_biencoder
143	Q0	56:11-26	7	0.3171982169151306	SimCSE_bm25_biencoder
143	Q0	15:87-89	8	0.11478295922279358	SimCSE_bm25_biencoder
144	Q0	37:75-82	0	0.7642387747764587	SimCSE_bm25_biencoder
144	Q0	12:97-101	1	0.7186082005500793	SimCSE_bm25_biencoder
144	Q0	36:55-58	2	0.714513897895813	SimCSE_bm25_biencoder
144	Q0	37:171-182	3	0.6970158815383911	SimCSE_bm25_biencoder
144	Q0	33:41-44	4	0.6893256902694702	SimCSE_bm25_biencoder
144	Q0	12:88-92	5	0.5631878972053528	SimCSE_bm25_biencoder
144	Q0	37:123-132	6	0.5464084148406982	SimCSE_bm25_biencoder
144	Q0	12:11-15	7	0.5435550212860107	SimCSE_bm25_biencoder
144	Q0	12:69-76	8	0.5373579263687134	SimCSE_bm25_biencoder
144	Q0	12:7-10	9	0.5111292004585266	SimCSE_bm25_biencoder
145	Q0	28:76-80	0	0.8529101014137268	SimCSE_bm25_biencoder
146	Q0	2:159-162	0	0.5976738929748535	SimCSE_bm25_biencoder
146	Q0	60:10-11	1	0.5292961597442627	SimCSE_bm25_biencoder
146	Q0	48:27-29	2	0.4943527579307556	SimCSE_bm25_biencoder
146	Q0	5:44-47	3	0.4876995086669922	SimCSE_bm25_biencoder
146	Q0	66:9-9	4	0.4716451168060303	SimCSE_bm25_biencoder
146	Q0	2:275-276	5	0.4529873728752136	SimCSE_bm25_biencoder
146	Q0	4:17-18	6	0.4408024549484253	SimCSE_bm25_biencoder
146	Q0	60:12-13	7	0.415771484375	SimCSE_bm25_biencoder
146	Q0	39:1-5	8	0.3451607823371887	SimCSE_bm25_biencoder
146	Q0	5:94-95	9	0.3262234628200531	SimCSE_bm25_biencoder
147	Q0	20:77-79	0	0.7309077978134155	SimCSE_bm25_biencoder
147	Q0	57:18-21	1	0.603703498840332	SimCSE_bm25_biencoder
147	Q0	6:68-70	2	0.6000243425369263	SimCSE_bm25_biencoder
147	Q0	51:24-37	3	0.5396407842636108	SimCSE_bm25_biencoder
147	Q0	60:12-13	4	0.49937281012535095	SimCSE_bm25_biencoder
147	Q0	70:36-39	5	0.4974707365036011	SimCSE_bm25_biencoder
147	Q0	4:17-18	6	0.48802846670150757	SimCSE_bm25_biencoder
147	Q0	56:27-40	7	0.48608118295669556	SimCSE_bm25_biencoder
147	Q0	48:27-29	8	0.4586106538772583	SimCSE_bm25_biencoder
147	Q0	20:38-48	9	0.44561120867729187	SimCSE_bm25_biencoder
149	Q0	4:127-127	0	0.762497067451477	SimCSE_bm25_biencoder
149	Q0	25:1-2	1	0.6808269023895264	SimCSE_bm25_biencoder
149	Q0	6:100-105	2	0.50812828540802	SimCSE_bm25_biencoder
149	Q0	9:90-96	3	0.49241191148757935	SimCSE_bm25_biencoder
149	Q0	12:69-76	4	0.489427387714386	SimCSE_bm25_biencoder
149	Q0	2:238-239	5	0.45956408977508545	SimCSE_bm25_biencoder
149	Q0	71:21-24	6	0.44118383526802063	SimCSE_bm25_biencoder
149	Q0	5:109-109	7	0.4298499822616577	SimCSE_bm25_biencoder
149	Q0	17:105-111	8	0.4188801646232605	SimCSE_bm25_biencoder
149	Q0	73:15-19	9	0.40744778513908386	SimCSE_bm25_biencoder
151	Q0	2:124-129	0	0.5295623540878296	SimCSE_bm25_biencoder
151	Q0	72:14-17	1	0.5039839744567871	SimCSE_bm25_biencoder
151	Q0	68:34-41	2	0.4728066027164459	SimCSE_bm25_biencoder
151	Q0	38:45-48	3	0.4268062710762024	SimCSE_bm25_biencoder
151	Q0	6:22-26	4	0.3712526261806488	SimCSE_bm25_biencoder
151	Q0	4:92-93	5	0.316262423992157	SimCSE_bm25_biencoder
151	Q0	2:67-73	6	0.276339590549469	SimCSE_bm25_biencoder
151	Q0	28:76-80	7	0.2603740692138672	SimCSE_bm25_biencoder
151	Q0	8:52-54	8	0.2548825144767761	SimCSE_bm25_biencoder
151	Q0	41:47-48	9	0.2451154887676239	SimCSE_bm25_biencoder
152	Q0	16:80-83	0	0.82248455286026	SimCSE_bm25_biencoder
152	Q0	17:97-100	1	0.7787292003631592	SimCSE_bm25_biencoder
152	Q0	17:49-52	2	0.715165376663208	SimCSE_bm25_biencoder
152	Q0	6:71-73	3	0.6495043635368347	SimCSE_bm25_biencoder
152	Q0	44:34-39	4	0.6274347305297852	SimCSE_bm25_biencoder
152	Q0	7:164-166	5	0.623702883720398	SimCSE_bm25_biencoder
152	Q0	64:1-4	6	0.5968610048294067	SimCSE_bm25_biencoder
152	Q0	36:59-68	7	0.570496678352356	SimCSE_bm25_biencoder
152	Q0	2:135-138	8	0.5548669695854187	SimCSE_bm25_biencoder
152	Q0	36:77-83	9	0.5311110019683838	SimCSE_bm25_biencoder
153	Q0	30:42-45	0	0.702423095703125	SimCSE_bm25_biencoder
153	Q0	7:138-140	1	0.574037492275238	SimCSE_bm25_biencoder
153	Q0	27:15-19	2	0.5394351482391357	SimCSE_bm25_biencoder
153	Q0	15:16-25	3	0.49252644181251526	SimCSE_bm25_biencoder
153	Q0	2:104-105	4	0.4547688663005829	SimCSE_bm25_biencoder
153	Q0	4:173-175	5	0.40511786937713623	SimCSE_bm25_biencoder
153	Q0	16:14-14	6	0.4050605297088623	SimCSE_bm25_biencoder
153	Q0	39:60-67	7	0.40095752477645874	SimCSE_bm25_biencoder
153	Q0	24:32-34	8	0.3793054521083832	SimCSE_bm25_biencoder
153	Q0	17:66-70	9	0.37534910440444946	SimCSE_bm25_biencoder
154	Q0	3:1-7	0	0.6452053785324097	SimCSE_bm25_biencoder
154	Q0	5:44-47	1	0.6423215866088867	SimCSE_bm25_biencoder
154	Q0	10:94-97	2	0.5955830216407776	SimCSE_bm25_biencoder
154	Q0	23:45-50	3	0.5742226839065552	SimCSE_bm25_biencoder
154	Q0	2:87-88	4	0.5404466390609741	SimCSE_bm25_biencoder
154	Q0	4:105-105	5	0.5162233114242554	SimCSE_bm25_biencoder
154	Q0	2:159-162	6	0.4895378351211548	SimCSE_bm25_biencoder
154	Q0	29:48-52	7	0.4666808247566223	SimCSE_bm25_biencoder
154	Q0	28:36-43	8	0.45094209909439087	SimCSE_bm25_biencoder
154	Q0	25:35-40	9	0.4437791705131531	SimCSE_bm25_biencoder
155	Q0	5:78-81	0	0.90482097864151	SimCSE_bm25_biencoder
155	Q0	5:65-66	1	0.8876543045043945	SimCSE_bm25_biencoder
155	Q0	29:46-47	2	0.8478970527648926	SimCSE_bm25_biencoder
155	Q0	3:54-58	3	0.7395275831222534	SimCSE_bm25_biencoder
155	Q0	5:59-60	4	0.6950060725212097	SimCSE_bm25_biencoder
155	Q0	5:67-69	5	0.6202249526977539	SimCSE_bm25_biencoder
155	Q0	39:1-5	6	0.5899746417999268	SimCSE_bm25_biencoder
155	Q0	5:48-50	7	0.5547258853912354	SimCSE_bm25_biencoder
155	Q0	3:199-200	8	0.5495381355285645	SimCSE_bm25_biencoder
155	Q0	4:171-172	9	0.5399431586265564	SimCSE_bm25_biencoder
159	Q0	54:33-42	0	0.7230240106582642	SimCSE_bm25_biencoder
159	Q0	7:96-102	1	0.678397536277771	SimCSE_bm25_biencoder
159	Q0	59:21-24	2	0.6545131206512451	SimCSE_bm25_biencoder
159	Q0	27:76-78	3	0.6445468068122864	SimCSE_bm25_biencoder
159	Q0	32:23-27	4	0.6277561783790588	SimCSE_bm25_biencoder
159	Q0	20:1-8	5	0.6247162818908691	SimCSE_bm25_biencoder
159	Q0	46:29-32	6	0.595816969871521	SimCSE_bm25_biencoder
159	Q0	41:25-29	7	0.5910472869873047	SimCSE_bm25_biencoder
159	Q0	20:49-55	8	0.5909561514854431	SimCSE_bm25_biencoder
159	Q0	34:15-19	9	0.5900691151618958	SimCSE_bm25_biencoder
160	Q0	5:15-17	0	0.9662767648696899	SimCSE_bm25_biencoder
160	Q0	3:45-51	1	0.9035214781761169	SimCSE_bm25_biencoder
160	Q0	9:30-31	2	0.9021952152252197	SimCSE_bm25_biencoder
160	Q0	5:72-73	3	0.8875147700309753	SimCSE_bm25_biencoder
160	Q0	4:171-172	4	0.7370346188545227	SimCSE_bm25_biencoder
160	Q0	5:74-77	5	0.46456605195999146	SimCSE_bm25_biencoder
160	Q0	4:153-161	6	0.38967931270599365	SimCSE_bm25_biencoder
163	Q0	7:150-153	0	0.777596116065979	SimCSE_bm25_biencoder
163	Q0	46:9-14	1	0.6382375955581665	SimCSE_bm25_biencoder
163	Q0	7:138-140	2	0.5571889877319336	SimCSE_bm25_biencoder
163	Q0	2:211-212	3	0.5537334680557251	SimCSE_bm25_biencoder
163	Q0	7:148-149	4	0.5382659435272217	SimCSE_bm25_biencoder
163	Q0	26:52-68	5	0.5303806066513062	SimCSE_bm25_biencoder
163	Q0	5:78-81	6	0.5012056231498718	SimCSE_bm25_biencoder
163	Q0	11:69-76	7	0.5003079175949097	SimCSE_bm25_biencoder
163	Q0	11:15-17	8	0.48122644424438477	SimCSE_bm25_biencoder
163	Q0	40:53-58	9	0.46816277503967285	SimCSE_bm25_biencoder
164	Q0	14:35-41	0	0.91278076171875	SimCSE_bm25_biencoder
164	Q0	12:23-29	1	0.8569399118423462	SimCSE_bm25_biencoder
164	Q0	40:47-52	2	0.641167402267456	SimCSE_bm25_biencoder
164	Q0	18:60-77	3	0.6293988823890686	SimCSE_bm25_biencoder
164	Q0	28:7-13	4	0.6151818037033081	SimCSE_bm25_biencoder
164	Q0	6:27-32	5	0.5941188931465149	SimCSE_bm25_biencoder
164	Q0	25:45-55	6	0.5878660678863525	SimCSE_bm25_biencoder
164	Q0	28:22-28	7	0.5867066979408264	SimCSE_bm25_biencoder
164	Q0	57:12-15	8	0.5640575885772705	SimCSE_bm25_biencoder
164	Q0	38:65-88	9	0.5610884428024292	SimCSE_bm25_biencoder
201	Q0	74:27-31	0	0.9716405868530273	SimCSE_bm25_biencoder
201	Q0	5:106-108	1	0.9097580909729004	SimCSE_bm25_biencoder
201	Q0	3:1-7	2	0.5884267091751099	SimCSE_bm25_biencoder
201	Q0	10:61-61	3	0.558012843132019	SimCSE_bm25_biencoder
201	Q0	36:48-54	4	0.5244445204734802	SimCSE_bm25_biencoder
201	Q0	7:187-187	5	0.5142099261283875	SimCSE_bm25_biencoder
201	Q0	36:28-32	6	0.5049048066139221	SimCSE_bm25_biencoder
201	Q0	6:151-153	7	0.43954694271087646	SimCSE_bm25_biencoder
201	Q0	10:98-103	8	0.3890846371650696	SimCSE_bm25_biencoder
201	Q0	10:54-56	9	0.38132044672966003	SimCSE_bm25_biencoder
202	Q0	5:106-108	0	0.8815935850143433	SimCSE_bm25_biencoder
202	Q0	47:20-24	1	0.6288906335830688	SimCSE_bm25_biencoder
202	Q0	2:78-79	2	0.5274471044540405	SimCSE_bm25_biencoder
202	Q0	64:11-13	3	0.38720428943634033	SimCSE_bm25_biencoder
202	Q0	7:187-187	4	0.3261908292770386	SimCSE_bm25_biencoder
202	Q0	11:13-14	5	0.3101763427257538	SimCSE_bm25_biencoder
202	Q0	11:1-5	6	0.2922452688217163	SimCSE_bm25_biencoder
202	Q0	4:117-121	7	0.28360530734062195	SimCSE_bm25_biencoder
202	Q0	41:53-54	8	0.28170469403266907	SimCSE_bm25_biencoder
202	Q0	19:59-65	9	0.25013482570648193	SimCSE_bm25_biencoder
204	Q0	4:122-126	0	0.7937747240066528	SimCSE_bm25_biencoder
204	Q0	21:51-68	1	0.7353115677833557	SimCSE_bm25_biencoder
204	Q0	9:113-116	2	0.5859155654907227	SimCSE_bm25_biencoder
204	Q0	37:99-113	3	0.5318900346755981	SimCSE_bm25_biencoder
204	Q0	24:30-31	4	0.5186033248901367	SimCSE_bm25_biencoder
204	Q0	21:69-73	5	0.5059897303581238	SimCSE_bm25_biencoder
204	Q0	7:141-141	6	0.49683877825737	SimCSE_bm25_biencoder
204	Q0	58:22-22	7	0.4898310899734497	SimCSE_bm25_biencoder
204	Q0	33:53-55	8	0.4784010946750641	SimCSE_bm25_biencoder
204	Q0	87:14-19	9	0.46370312571525574	SimCSE_bm25_biencoder
205	Q0	93:6-11	0	0.26788365840911865	SimCSE_bm25_biencoder
208	Q0	19:96-98	0	0.9323780536651611	SimCSE_bm25_biencoder
208	Q0	6:4-7	1	0.8533948659896851	SimCSE_bm25_biencoder
208	Q0	18:90-98	2	0.42772847414016724	SimCSE_bm25_biencoder
208	Q0	19:73-76	3	0.3647567629814148	SimCSE_bm25_biencoder
208	Q0	38:1-11	4	0.3084549307823181	SimCSE_bm25_biencoder
208	Q0	18:83-89	5	0.20710095763206482	SimCSE_bm25_biencoder
208	Q0	50:36-45	6	0.08131092041730881	SimCSE_bm25_biencoder
209	Q0	19:96-98	0	0.8369097113609314	SimCSE_bm25_biencoder
209	Q0	6:4-7	1	0.7376551628112793	SimCSE_bm25_biencoder
209	Q0	19:73-76	2	0.4525824189186096	SimCSE_bm25_biencoder
209	Q0	18:90-98	3	0.38824573159217834	SimCSE_bm25_biencoder
209	Q0	18:83-89	4	0.23654241859912872	SimCSE_bm25_biencoder
209	Q0	38:1-11	5	0.146354079246521	SimCSE_bm25_biencoder
209	Q0	50:36-45	6	0.09823600947856903	SimCSE_bm25_biencoder
211	Q0	33:56-58	0	0.9081252813339233	SimCSE_bm25_biencoder
211	Q0	33:7-8	1	0.9053252935409546	SimCSE_bm25_biencoder
211	Q0	51:24-37	2	0.8655750751495361	SimCSE_bm25_biencoder
211	Q0	33:53-55	3	0.8357329964637756	SimCSE_bm25_biencoder
211	Q0	7:127-129	4	0.6302334070205688	SimCSE_bm25_biencoder
211	Q0	37:75-82	5	0.5377663969993591	SimCSE_bm25_biencoder
211	Q0	14:5-8	6	0.5371544361114502	SimCSE_bm25_biencoder
211	Q0	16:30-32	7	0.5236228704452515	SimCSE_bm25_biencoder
211	Q0	23:45-50	8	0.5203913450241089	SimCSE_bm25_biencoder
211	Q0	7:157-158	9	0.5114920139312744	SimCSE_bm25_biencoder
212	Q0	61:10-14	0	0.9602670669555664	SimCSE_bm25_biencoder
212	Q0	5:110-111	1	0.9222544431686401	SimCSE_bm25_biencoder
212	Q0	3:52-53	2	0.8884576559066772	SimCSE_bm25_biencoder
212	Q0	5:112-115	3	0.5581175684928894	SimCSE_bm25_biencoder
216	Q0	21:78-82	0	0.9516847729682922	SimCSE_bm25_biencoder
216	Q0	37:123-132	1	0.9293242692947388	SimCSE_bm25_biencoder
216	Q0	59:21-24	2	0.805510401725769	SimCSE_bm25_biencoder
216	Q0	10:7-10	3	0.7848666906356812	SimCSE_bm25_biencoder
216	Q0	5:15-17	4	0.7672384977340698	SimCSE_bm25_biencoder
216	Q0	6:84-90	5	0.7582720518112183	SimCSE_bm25_biencoder
216	Q0	37:171-182	6	0.7511398196220398	SimCSE_bm25_biencoder
216	Q0	43:81-89	7	0.7464699745178223	SimCSE_bm25_biencoder
216	Q0	33:42-48	8	0.6605449914932251	SimCSE_bm25_biencoder
216	Q0	36:55-58	9	0.6382210850715637	SimCSE_bm25_biencoder
217	Q0	75:26-35	0	0.8385210633277893	SimCSE_bm25_biencoder
217	Q0	59:6-7	1	0.6133674383163452	SimCSE_bm25_biencoder
217	Q0	7:94-95	2	0.5282367467880249	SimCSE_bm25_biencoder
217	Q0	5:59-60	3	0.5114797353744507	SimCSE_bm25_biencoder
217	Q0	20:128-132	4	0.4764248728752136	SimCSE_bm25_biencoder
217	Q0	5:18-19	5	0.35293543338775635	SimCSE_bm25_biencoder
217	Q0	3:98-101	6	0.3272349238395691	SimCSE_bm25_biencoder
217	Q0	84:6-15	7	0.2824712097644806	SimCSE_bm25_biencoder
217	Q0	29:28-35	8	0.2719397246837616	SimCSE_bm25_biencoder
217	Q0	36:28-32	9	0.2642471194267273	SimCSE_bm25_biencoder
219	Q0	3:84-85	0	0.8211002349853516	SimCSE_bm25_biencoder
219	Q0	4:94-94	1	0.798486590385437	SimCSE_bm25_biencoder
219	Q0	43:81-89	2	0.7626890540122986	SimCSE_bm25_biencoder
219	Q0	37:114-122	3	0.737142026424408	SimCSE_bm25_biencoder
219	Q0	43:57-66	4	0.6987261772155762	SimCSE_bm25_biencoder
219	Q0	5:78-81	5	0.666951060295105	SimCSE_bm25_biencoder
219	Q0	61:10-14	6	0.6584814786911011	SimCSE_bm25_biencoder
219	Q0	36:55-58	7	0.65163254737854	SimCSE_bm25_biencoder
219	Q0	37:75-82	8	0.5891749858856201	SimCSE_bm25_biencoder
219	Q0	15:45-50	9	0.5736801624298096	SimCSE_bm25_biencoder
220	Q0	5:70-71	0	0.7985409498214722	SimCSE_bm25_biencoder
220	Q0	38:12-16	1	0.7655861973762512	SimCSE_bm25_biencoder
220	Q0	10:87-89	2	0.7364382743835449	SimCSE_bm25_biencoder
220	Q0	11:120-123	3	0.731758713722229	SimCSE_bm25_biencoder
220	Q0	35:19-26	4	0.6754908561706543	SimCSE_bm25_biencoder
220	Q0	7:42-43	5	0.60560142993927	SimCSE_bm25_biencoder
220	Q0	10:74-78	6	0.5819135904312134	SimCSE_bm25_biencoder
220	Q0	40:21-22	7	0.5496595501899719	SimCSE_bm25_biencoder
220	Q0	5:109-109	8	0.5459444522857666	SimCSE_bm25_biencoder
220	Q0	6:8-11	9	0.5154335498809814	SimCSE_bm25_biencoder
225	Q0	9:1-6	0	0.8279253244400024	SimCSE_bm25_biencoder
225	Q0	41:45-46	1	0.8253799676895142	SimCSE_bm25_biencoder
225	Q0	95:1-6	2	0.7096645832061768	SimCSE_bm25_biencoder
225	Q0	41:1-8	3	0.6845617294311523	SimCSE_bm25_biencoder
225	Q0	32:10-14	4	0.5938734412193298	SimCSE_bm25_biencoder
225	Q0	7:73-79	5	0.5759674906730652	SimCSE_bm25_biencoder
225	Q0	18:109-110	6	0.5187641382217407	SimCSE_bm25_biencoder
225	Q0	13:28-29	7	0.5039871335029602	SimCSE_bm25_biencoder
225	Q0	2:25-25	8	0.49568605422973633	SimCSE_bm25_biencoder
225	Q0	11:8-11	9	0.47601625323295593	SimCSE_bm25_biencoder
227	Q0	33:7-8	0	0.7555069923400879	SimCSE_bm25_biencoder
227	Q0	27:7-14	1	0.742723822593689	SimCSE_bm25_biencoder
227	Q0	29:38-40	2	0.6157442331314087	SimCSE_bm25_biencoder
227	Q0	41:45-46	3	0.5357074737548828	SimCSE_bm25_biencoder
227	Q0	7:142-143	4	0.5325608253479004	SimCSE_bm25_biencoder
227	Q0	7:113-126	5	0.5310713648796082	SimCSE_bm25_biencoder
227	Q0	43:46-56	6	0.5115324854850769	SimCSE_bm25_biencoder
227	Q0	23:45-50	7	0.5109554529190063	SimCSE_bm25_biencoder
227	Q0	40:23-27	8	0.48725244402885437	SimCSE_bm25_biencoder
227	Q0	12:97-101	9	0.4752148985862732	SimCSE_bm25_biencoder
230	Q0	25:30-34	0	0.5211345553398132	SimCSE_bm25_biencoder
230	Q0	16:98-102	1	0.37475112080574036	SimCSE_bm25_biencoder
230	Q0	41:30-32	2	0.3680572211742401	SimCSE_bm25_biencoder
230	Q0	7:196-198	3	0.33412450551986694	SimCSE_bm25_biencoder
230	Q0	47:20-24	4	0.2927808463573456	SimCSE_bm25_biencoder
230	Q0	57:12-15	5	0.2857171297073364	SimCSE_bm25_biencoder
230	Q0	58:7-10	6	0.2852802276611328	SimCSE_bm25_biencoder
230	Q0	56:88-96	7	0.2844088077545166	SimCSE_bm25_biencoder
230	Q0	9:62-66	8	0.2710075080394745	SimCSE_bm25_biencoder
230	Q0	9:124-127	9	0.2706841230392456	SimCSE_bm25_biencoder
231	Q0	15:90-99	0	0.7400867938995361	SimCSE_bm25_biencoder
231	Q0	54:9-17	1	0.7255288362503052	SimCSE_bm25_biencoder
231	Q0	27:76-78	2	0.7081217765808105	SimCSE_bm25_biencoder
231	Q0	5:14-14	3	0.7071123123168945	SimCSE_bm25_biencoder
231	Q0	87:14-19	4	0.6216800212860107	SimCSE_bm25_biencoder
231	Q0	11:100-102	5	0.6103374361991882	SimCSE_bm25_biencoder
231	Q0	25:30-34	6	0.5778036713600159	SimCSE_bm25_biencoder
231	Q0	47:20-24	7	0.577390193939209	SimCSE_bm25_biencoder
231	Q0	68:48-52	8	0.5709317326545715	SimCSE_bm25_biencoder
231	Q0	88:21-26	9	0.5620449185371399	SimCSE_bm25_biencoder
232	Q0	17:45-48	0	0.5647884011268616	SimCSE_bm25_biencoder
232	Q0	5:101-102	1	0.5609481334686279	SimCSE_bm25_biencoder
232	Q0	7:96-102	2	0.5379272699356079	SimCSE_bm25_biencoder
232	Q0	53:19-30	3	0.5349436402320862	SimCSE_bm25_biencoder
232	Q0	28:85-88	4	0.5048515200614929	SimCSE_bm25_biencoder
232	Q0	54:23-32	5	0.4844704270362854	SimCSE_bm25_biencoder
232	Q0	73:1-9	6	0.47794774174690247	SimCSE_bm25_biencoder
232	Q0	47:20-24	7	0.47443586587905884	SimCSE_bm25_biencoder
232	Q0	17:88-89	8	0.3477437496185303	SimCSE_bm25_biencoder
232	Q0	11:116-117	9	0.31655555963516235	SimCSE_bm25_biencoder
233	Q0	74:27-31	0	0.726446270942688	SimCSE_bm25_biencoder
233	Q0	11:89-95	1	0.7165485620498657	SimCSE_bm25_biencoder
233	Q0	38:21-26	2	0.5153669118881226	SimCSE_bm25_biencoder
233	Q0	17:101-104	3	0.47766220569610596	SimCSE_bm25_biencoder
233	Q0	27:45-53	4	0.4049227237701416	SimCSE_bm25_biencoder
233	Q0	27:7-14	5	0.262786328792572	SimCSE_bm25_biencoder
235	Q0	11:49-49	0	0.8053624629974365	SimCSE_bm25_biencoder
235	Q0	27:45-53	1	0.5846692323684692	SimCSE_bm25_biencoder
235	Q0	40:28-33	2	0.5720685124397278	SimCSE_bm25_biencoder
235	Q0	4:104-104	3	0.569525957107544	SimCSE_bm25_biencoder
235	Q0	58:7-10	4	0.5637284517288208	SimCSE_bm25_biencoder
235	Q0	11:50-60	5	0.5154038071632385	SimCSE_bm25_biencoder
235	Q0	26:90-104	6	0.4875885248184204	SimCSE_bm25_biencoder
235	Q0	6:74-79	7	0.4365866482257843	SimCSE_bm25_biencoder
235	Q0	10:79-86	8	0.4361308813095093	SimCSE_bm25_biencoder
235	Q0	75:1-15	9	0.43371331691741943	SimCSE_bm25_biencoder
236	Q0	44:34-39	0	0.6882114410400391	SimCSE_bm25_biencoder
236	Q0	21:76-77	1	0.6232226490974426	SimCSE_bm25_biencoder
236	Q0	7:137-137	2	0.6017618775367737	SimCSE_bm25_biencoder
236	Q0	38:41-44	3	0.5995513796806335	SimCSE_bm25_biencoder
236	Q0	20:133-135	4	0.5493812561035156	SimCSE_bm25_biencoder
236	Q0	7:4-7	5	0.5474032163619995	SimCSE_bm25_biencoder
236	Q0	20:83-85	6	0.4935438334941864	SimCSE_bm25_biencoder
236	Q0	12:108-111	7	0.42713019251823425	SimCSE_bm25_biencoder
236	Q0	28:76-80	8	0.41641953587532043	SimCSE_bm25_biencoder
236	Q0	5:74-77	9	0.4093188941478729	SimCSE_bm25_biencoder
237	Q0	37:114-122	0	0.6765100955963135	SimCSE_bm25_biencoder
237	Q0	12:16-18	1	0.6138284802436829	SimCSE_bm25_biencoder
237	Q0	60:1-3	2	0.528438925743103	SimCSE_bm25_biencoder
237	Q0	2:146-150	3	0.5194941759109497	SimCSE_bm25_biencoder
237	Q0	28:20-21	4	0.5189125537872314	SimCSE_bm25_biencoder
237	Q0	19:1-11	5	0.4988640546798706	SimCSE_bm25_biencoder
237	Q0	36:55-58	6	0.4621543288230896	SimCSE_bm25_biencoder
237	Q0	15:45-50	7	0.45833733677864075	SimCSE_bm25_biencoder
237	Q0	12:93-96	8	0.44134408235549927	SimCSE_bm25_biencoder
237	Q0	3:33-41	9	0.43918153643608093	SimCSE_bm25_biencoder
238	Q0	36:28-32	0	0.9068160653114319	SimCSE_bm25_biencoder
238	Q0	9:69-70	1	0.8928903341293335	SimCSE_bm25_biencoder
238	Q0	11:45-48	2	0.8817939758300781	SimCSE_bm25_biencoder
238	Q0	20:83-85	3	0.8792062997817993	SimCSE_bm25_biencoder
238	Q0	12:108-111	4	0.8471162915229797	SimCSE_bm25_biencoder
238	Q0	59:11-17	5	0.8446477651596069	SimCSE_bm25_biencoder
238	Q0	75:26-35	6	0.755570650100708	SimCSE_bm25_biencoder
238	Q0	5:65-66	7	0.6895734071731567	SimCSE_bm25_biencoder
238	Q0	51:24-37	8	0.6874748468399048	SimCSE_bm25_biencoder
238	Q0	53:42-56	9	0.5802496075630188	SimCSE_bm25_biencoder
240	Q0	7:164-166	0	0.8057718873023987	SimCSE_bm25_biencoder
240	Q0	28:44-46	1	0.6852589845657349	SimCSE_bm25_biencoder
240	Q0	23:23-30	2	0.5374809503555298	SimCSE_bm25_biencoder
240	Q0	11:25-31	3	0.513889491558075	SimCSE_bm25_biencoder
240	Q0	6:42-45	4	0.4765724241733551	SimCSE_bm25_biencoder
240	Q0	4:92-93	5	0.4711524248123169	SimCSE_bm25_biencoder
240	Q0	7:137-137	6	0.4699435830116272	SimCSE_bm25_biencoder
240	Q0	51:24-37	7	0.4648566246032715	SimCSE_bm25_biencoder
240	Q0	10:98-103	8	0.44880202412605286	SimCSE_bm25_biencoder
240	Q0	21:76-77	9	0.4483907222747803	SimCSE_bm25_biencoder
243	Q0	36:59-68	0	0.5832085609436035	SimCSE_bm25_biencoder
243	Q0	66:8-8	1	0.5791382789611816	SimCSE_bm25_biencoder
243	Q0	33:56-58	2	0.5359853506088257	SimCSE_bm25_biencoder
243	Q0	9:60-61	3	0.5068421363830566	SimCSE_bm25_biencoder
243	Q0	33:36-40	4	0.49546730518341064	SimCSE_bm25_biencoder
243	Q0	27:20-28	5	0.48136961460113525	SimCSE_bm25_biencoder
243	Q0	27:82-88	6	0.4093407392501831	SimCSE_bm25_biencoder
243	Q0	33:28-31	7	0.40902605652809143	SimCSE_bm25_biencoder
243	Q0	2:135-138	8	0.40714406967163086	SimCSE_bm25_biencoder
243	Q0	4:66-70	9	0.4034905433654785	SimCSE_bm25_biencoder
244	Q0	2:97-98	0	0.49161940813064575	SimCSE_bm25_biencoder
244	Q0	57:1-6	1	0.439975380897522	SimCSE_bm25_biencoder
244	Q0	15:1-9	2	0.43987685441970825	SimCSE_bm25_biencoder
244	Q0	26:90-104	3	0.4366793632507324	SimCSE_bm25_biencoder
244	Q0	10:74-78	4	0.4294202923774719	SimCSE_bm25_biencoder
244	Q0	41:30-32	5	0.353201687335968	SimCSE_bm25_biencoder
244	Q0	10:87-89	6	0.34071415662765503	SimCSE_bm25_biencoder
244	Q0	40:69-77	7	0.3271048963069916	SimCSE_bm25_biencoder
244	Q0	48:27-29	8	0.31928014755249023	SimCSE_bm25_biencoder
244	Q0	40:23-27	9	0.30731701850891113	SimCSE_bm25_biencoder
248	Q0	40:5-6	0	0.8625451326370239	SimCSE_bm25_biencoder
248	Q0	7:163-163	1	0.8147631287574768	SimCSE_bm25_biencoder
248	Q0	90:11-20	2	0.7900739312171936	SimCSE_bm25_biencoder
248	Q0	4:47-48	3	0.6549917459487915	SimCSE_bm25_biencoder
248	Q0	56:41-56	4	0.472026526927948	SimCSE_bm25_biencoder
248	Q0	6:71-73	5	0.4638631343841553	SimCSE_bm25_biencoder
248	Q0	46:9-14	6	0.449384868144989	SimCSE_bm25_biencoder
248	Q0	60:12-13	7	0.44878658652305603	SimCSE_bm25_biencoder
248	Q0	7:46-49	8	0.385391503572464	SimCSE_bm25_biencoder
248	Q0	4:153-161	9	0.37744173407554626	SimCSE_bm25_biencoder
249	Q0	26:213-227	0	0.7637298107147217	SimCSE_bm25_biencoder
249	Q0	41:13-18	1	0.7525541186332703	SimCSE_bm25_biencoder
249	Q0	16:103-109	2	0.7319116592407227	SimCSE_bm25_biencoder
249	Q0	24:30-31	3	0.6408523321151733	SimCSE_bm25_biencoder
249	Q0	20:70-76	4	0.5970423221588135	SimCSE_bm25_biencoder
249	Q0	2:284-286	5	0.5785905718803406	SimCSE_bm25_biencoder
249	Q0	3:176-180	6	0.5250897407531738	SimCSE_bm25_biencoder
249	Q0	68:48-52	7	0.49610579013824463	SimCSE_bm25_biencoder
249	Q0	6:84-90	8	0.49563172459602356	SimCSE_bm25_biencoder
249	Q0	65:8-12	9	0.48023009300231934	SimCSE_bm25_biencoder
251	Q0	11:32-35	0	0.5234686136245728	SimCSE_bm25_biencoder
251	Q0	21:25-29	1	0.5220568180084229	SimCSE_bm25_biencoder
251	Q0	11:69-76	2	0.5157794952392578	SimCSE_bm25_biencoder
251	Q0	15:45-50	3	0.4969698190689087	SimCSE_bm25_biencoder
251	Q0	12:23-29	4	0.41407012939453125	SimCSE_bm25_biencoder
251	Q0	3:33-41	5	0.40482619404792786	SimCSE_bm25_biencoder
251	Q0	37:75-82	6	0.3782040476799011	SimCSE_bm25_biencoder
251	Q0	22:42-46	7	0.37349382042884827	SimCSE_bm25_biencoder
251	Q0	21:76-77	8	0.36252835392951965	SimCSE_bm25_biencoder
251	Q0	59:21-24	9	0.29365307092666626	SimCSE_bm25_biencoder
252	Q0	7:35-37	0	0.3238334357738495	SimCSE_bm25_biencoder
252	Q0	3:110-115	1	0.31492406129837036	SimCSE_bm25_biencoder
252	Q0	28:68-75	2	0.28412526845932007	SimCSE_bm25_biencoder
252	Q0	57:1-6	3	0.2436881959438324	SimCSE_bm25_biencoder
252	Q0	28:60-67	4	0.2356012612581253	SimCSE_bm25_biencoder
252	Q0	19:16-33	5	0.17974033951759338	SimCSE_bm25_biencoder
252	Q0	26:90-104	6	0.15005280077457428	SimCSE_bm25_biencoder
252	Q0	6:22-26	7	0.14741742610931396	SimCSE_bm25_biencoder
252	Q0	2:146-150	8	0.12390705943107605	SimCSE_bm25_biencoder
252	Q0	75:1-15	9	0.10742025077342987	SimCSE_bm25_biencoder
253	Q0	27:7-14	0	0.5874717235565186	SimCSE_bm25_biencoder
253	Q0	27:82-88	1	0.5041375160217285	SimCSE_bm25_biencoder
253	Q0	40:23-27	2	0.4960324466228485	SimCSE_bm25_biencoder
253	Q0	3:33-41	3	0.4522252678871155	SimCSE_bm25_biencoder
253	Q0	7:159-162	4	0.4442978501319885	SimCSE_bm25_biencoder
253	Q0	28:47-50	5	0.43440788984298706	SimCSE_bm25_biencoder
253	Q0	4:97-100	6	0.42618608474731445	SimCSE_bm25_biencoder
253	Q0	37:114-122	7	0.393252968788147	SimCSE_bm25_biencoder
253	Q0	33:7-8	8	0.38919320702552795	SimCSE_bm25_biencoder
253	Q0	28:20-21	9	0.38663142919540405	SimCSE_bm25_biencoder
255	Q0	10:7-10	0	0.45927882194519043	SimCSE_bm25_biencoder
255	Q0	5:15-17	1	0.43791627883911133	SimCSE_bm25_biencoder
255	Q0	33:41-44	2	0.43380337953567505	SimCSE_bm25_biencoder
255	Q0	5:20-26	3	0.36387085914611816	SimCSE_bm25_biencoder
255	Q0	19:59-65	4	0.35446488857269287	SimCSE_bm25_biencoder
255	Q0	27:59-66	5	0.30160805583000183	SimCSE_bm25_biencoder
255	Q0	37:114-122	6	0.285179078578949	SimCSE_bm25_biencoder
255	Q0	36:55-58	7	0.2829909324645996	SimCSE_bm25_biencoder
255	Q0	6:53-58	8	0.26309236884117126	SimCSE_bm25_biencoder
255	Q0	97:1-5	9	0.2188313752412796	SimCSE_bm25_biencoder
257	Q0	5:27-31	0	0.8657357692718506	SimCSE_bm25_biencoder
257	Q0	37:158-166	1	0.7843420505523682	SimCSE_bm25_biencoder
257	Q0	7:26-27	2	0.73981773853302	SimCSE_bm25_biencoder
257	Q0	11:118-119	3	0.7179198265075684	SimCSE_bm25_biencoder
257	Q0	12:23-29	4	0.5642257928848267	SimCSE_bm25_biencoder
257	Q0	3:33-41	5	0.5504026412963867	SimCSE_bm25_biencoder
257	Q0	59:18-20	6	0.4786657691001892	SimCSE_bm25_biencoder
257	Q0	36:59-68	7	0.47361040115356445	SimCSE_bm25_biencoder
257	Q0	39:71-75	8	0.4655894637107849	SimCSE_bm25_biencoder
257	Q0	2:30-33	9	0.46117323637008667	SimCSE_bm25_biencoder
258	Q0	33:28-31	0	0.7622444033622742	SimCSE_bm25_biencoder
258	Q0	8:62-66	1	0.6201779842376709	SimCSE_bm25_biencoder
258	Q0	33:49-52	2	0.5963859558105469	SimCSE_bm25_biencoder
258	Q0	66:8-8	3	0.5809262990951538	SimCSE_bm25_biencoder
258	Q0	3:81-83	4	0.5635049343109131	SimCSE_bm25_biencoder
258	Q0	33:36-40	5	0.522106409072876	SimCSE_bm25_biencoder
258	Q0	2:249-252	6	0.5194597244262695	SimCSE_bm25_biencoder
258	Q0	2:247-248	7	0.49492502212524414	SimCSE_bm25_biencoder
258	Q0	2:135-138	8	0.47005897760391235	SimCSE_bm25_biencoder
258	Q0	4:66-70	9	0.4192523956298828	SimCSE_bm25_biencoder
265	Q0	17:61-65	0	0.9849274158477783	SimCSE_bm25_biencoder
265	Q0	3:121-129	1	0.1517515480518341	SimCSE_bm25_biencoder
266	Q0	30:55-60	0	0.9787920713424683	SimCSE_bm25_biencoder
266	Q0	61:10-14	1	0.8950701951980591	SimCSE_bm25_biencoder
266	Q0	11:100-102	2	0.4515761137008667	SimCSE_bm25_biencoder
266	Q0	5:72-73	3	0.40422800183296204	SimCSE_bm25_biencoder
266	Q0	47:20-24	4	0.38907909393310547	SimCSE_bm25_biencoder
266	Q0	17:9-11	5	0.38247421383857727	SimCSE_bm25_biencoder
266	Q0	73:1-9	6	0.35520219802856445	SimCSE_bm25_biencoder
266	Q0	5:101-102	7	0.3378031849861145	SimCSE_bm25_biencoder
266	Q0	3:52-53	8	0.33318522572517395	SimCSE_bm25_biencoder
266	Q0	28:85-88	9	0.2874891757965088	SimCSE_bm25_biencoder
268	Q0	11:45-48	0	0.4841044545173645	SimCSE_bm25_biencoder
268	Q0	36:55-58	1	0.44934970140457153	SimCSE_bm25_biencoder
268	Q0	13:18-24	2	0.42753130197525024	SimCSE_bm25_biencoder
268	Q0	15:45-50	3	0.408488005399704	SimCSE_bm25_biencoder
268	Q0	10:24-25	4	0.40484264492988586	SimCSE_bm25_biencoder
268	Q0	4:94-94	5	0.39525097608566284	SimCSE_bm25_biencoder
268	Q0	9:56-59	6	0.36477428674697876	SimCSE_bm25_biencoder
268	Q0	48:24-26	7	0.2938194274902344	SimCSE_bm25_biencoder
268	Q0	4:64-65	8	0.2870588004589081	SimCSE_bm25_biencoder
268	Q0	6:53-58	9	0.2734895646572113	SimCSE_bm25_biencoder
301	Q0	33:53-55	0	0.9614008665084839	SimCSE_bm25_biencoder
301	Q0	33:49-52	1	0.6055925488471985	SimCSE_bm25_biencoder
301	Q0	17:45-48	2	0.5632673501968384	SimCSE_bm25_biencoder
301	Q0	38:30-40	3	0.4535681903362274	SimCSE_bm25_biencoder
301	Q0	24:1-3	4	0.44447457790374756	SimCSE_bm25_biencoder
301	Q0	19:16-33	5	0.4316103160381317	SimCSE_bm25_biencoder
301	Q0	33:36-40	6	0.42307204008102417	SimCSE_bm25_biencoder
301	Q0	2:234-237	7	0.38492774963378906	SimCSE_bm25_biencoder
301	Q0	41:1-8	8	0.30523762106895447	SimCSE_bm25_biencoder
301	Q0	28:85-88	9	0.27019554376602173	SimCSE_bm25_biencoder
302	Q0	60:1-3	0	0.6838846206665039	SimCSE_bm25_biencoder
302	Q0	25:45-55	1	0.5822275876998901	SimCSE_bm25_biencoder
302	Q0	9:23-24	2	0.11491522192955017	SimCSE_bm25_biencoder
302	Q0	22:77-78	3	0.07651931047439575	SimCSE_bm25_biencoder
303	Q0	33:49-52	0	0.9452224969863892	SimCSE_bm25_biencoder
303	Q0	76:1-4	1	0.9445788860321045	SimCSE_bm25_biencoder
303	Q0	31:14-15	2	0.9327777624130249	SimCSE_bm25_biencoder
303	Q0	2:246-246	3	0.8558305501937866	SimCSE_bm25_biencoder
303	Q0	2:234-237	4	0.8429846167564392	SimCSE_bm25_biencoder
303	Q0	4:167-169	5	0.5935826301574707	SimCSE_bm25_biencoder
303	Q0	9:19-22	6	0.58709716796875	SimCSE_bm25_biencoder
303	Q0	9:23-24	7	0.5630924105644226	SimCSE_bm25_biencoder
303	Q0	14:28-30	8	0.5625581741333008	SimCSE_bm25_biencoder
303	Q0	28:85-88	9	0.5603725910186768	SimCSE_bm25_biencoder
304	Q0	66:1-5	0	0.7024155855178833	SimCSE_bm25_biencoder
304	Q0	9:23-24	1	0.6719299554824829	SimCSE_bm25_biencoder
304	Q0	28:85-88	2	0.6478663086891174	SimCSE_bm25_biencoder
304	Q0	22:77-78	3	0.6306688189506531	SimCSE_bm25_biencoder
304	Q0	60:1-3	4	0.44854307174682617	SimCSE_bm25_biencoder
304	Q0	25:45-55	5	0.43429404497146606	SimCSE_bm25_biencoder
304	Q0	33:49-52	6	0.428699791431427	SimCSE_bm25_biencoder
304	Q0	33:36-40	7	0.40609869360923767	SimCSE_bm25_biencoder
304	Q0	2:196-203	8	0.33401310443878174	SimCSE_bm25_biencoder
304	Q0	2:234-237	9	0.2879392206668854	SimCSE_bm25_biencoder
306	Q0	6:118-121	0	0.9680414199829102	SimCSE_bm25_biencoder
306	Q0	6:68-70	1	0.9414551854133606	SimCSE_bm25_biencoder
306	Q0	52:29-31	2	0.9353057146072388	SimCSE_bm25_biencoder
306	Q0	76:23-26	3	0.7127960324287415	SimCSE_bm25_biencoder
306	Q0	38:49-54	4	0.5610479116439819	SimCSE_bm25_biencoder
306	Q0	11:120-123	5	0.5525479912757874	SimCSE_bm25_biencoder
306	Q0	24:35-38	6	0.510670006275177	SimCSE_bm25_biencoder
306	Q0	73:1-9	7	0.50672847032547	SimCSE_bm25_biencoder
306	Q0	2:114-115	8	0.4716908037662506	SimCSE_bm25_biencoder
306	Q0	15:1-9	9	0.4433753788471222	SimCSE_bm25_biencoder
307	Q0	6:159-160	0	0.7751891016960144	SimCSE_bm25_biencoder
307	Q0	15:61-77	1	0.6320362091064453	SimCSE_bm25_biencoder
307	Q0	28:81-84	2	0.584802508354187	SimCSE_bm25_biencoder
307	Q0	29:28-35	3	0.55045485496521	SimCSE_bm25_biencoder
307	Q0	18:60-77	4	0.5132802724838257	SimCSE_bm25_biencoder
307	Q0	28:51-56	5	0.5028598308563232	SimCSE_bm25_biencoder
307	Q0	10:65-70	6	0.4550991952419281	SimCSE_bm25_biencoder
307	Q0	38:65-88	7	0.4457470178604126	SimCSE_bm25_biencoder
307	Q0	28:22-28	8	0.43921470642089844	SimCSE_bm25_biencoder
307	Q0	19:16-33	9	0.4190114140510559	SimCSE_bm25_biencoder
308	Q0	4:106-109	0	0.7618370056152344	SimCSE_bm25_biencoder
308	Q0	42:32-36	1	0.7462253570556641	SimCSE_bm25_biencoder
308	Q0	41:13-18	2	0.7369928359985352	SimCSE_bm25_biencoder
308	Q0	10:21-23	3	0.6995043754577637	SimCSE_bm25_biencoder
308	Q0	6:128-131	4	0.6334531307220459	SimCSE_bm25_biencoder
308	Q0	10:87-89	5	0.5940501689910889	SimCSE_bm25_biencoder
308	Q0	7:150-153	6	0.5689883232116699	SimCSE_bm25_biencoder
308	Q0	10:98-103	7	0.5528441071510315	SimCSE_bm25_biencoder
308	Q0	6:27-32	8	0.5348213911056519	SimCSE_bm25_biencoder
308	Q0	24:32-34	9	0.5241739749908447	SimCSE_bm25_biencoder
310	Q0	42:23-26	0	0.9760729074478149	SimCSE_bm25_biencoder
310	Q0	4:17-18	1	0.7706954479217529	SimCSE_bm25_biencoder
310	Q0	3:33-41	2	0.5692524909973145	SimCSE_bm25_biencoder
310	Q0	9:101-106	3	0.4415516257286072	SimCSE_bm25_biencoder
311	Q0	8:67-71	0	0.8450002670288086	SimCSE_bm25_biencoder
311	Q0	12:88-92	1	0.823186993598938	SimCSE_bm25_biencoder
311	Q0	5:6-6	2	0.8142746090888977	SimCSE_bm25_biencoder
311	Q0	8:20-26	3	0.8021979331970215	SimCSE_bm25_biencoder
311	Q0	14:24-27	4	0.7389297485351562	SimCSE_bm25_biencoder
311	Q0	20:95-98	5	0.6887950897216797	SimCSE_bm25_biencoder
311	Q0	17:66-70	6	0.6683619022369385	SimCSE_bm25_biencoder
311	Q0	3:33-41	7	0.5756456255912781	SimCSE_bm25_biencoder
311	Q0	3:176-180	8	0.5726883411407471	SimCSE_bm25_biencoder
311	Q0	2:74-75	9	0.5445318818092346	SimCSE_bm25_biencoder
313	Q0	28:76-80	0	0.9807679057121277	SimCSE_bm25_biencoder
313	Q0	11:6-7	1	0.9773938655853271	SimCSE_bm25_biencoder
313	Q0	6:151-153	2	0.9501851797103882	SimCSE_bm25_biencoder
313	Q0	41:33-36	3	0.9449954032897949	SimCSE_bm25_biencoder
313	Q0	67:1-5	4	0.9029176235198975	SimCSE_bm25_biencoder
313	Q0	17:22-30	5	0.8779562711715698	SimCSE_bm25_biencoder
313	Q0	95:1-6	6	0.8257507085800171	SimCSE_bm25_biencoder
313	Q0	12:1-3	7	0.8001708984375	SimCSE_bm25_biencoder
313	Q0	17:53-56	8	0.7895965576171875	SimCSE_bm25_biencoder
313	Q0	2:135-138	9	0.7581902742385864	SimCSE_bm25_biencoder
314	Q0	9:90-96	0	0.9346904754638672	SimCSE_bm25_biencoder
314	Q0	33:28-31	1	0.896713137626648	SimCSE_bm25_biencoder
316	Q0	5:12-13	0	0.6538839340209961	SimCSE_bm25_biencoder
316	Q0	24:35-38	1	0.5214447379112244	SimCSE_bm25_biencoder
316	Q0	2:40-48	2	0.4926726818084717	SimCSE_bm25_biencoder
316	Q0	2:277-281	3	0.4535720646381378	SimCSE_bm25_biencoder
316	Q0	27:1-6	4	0.4451025128364563	SimCSE_bm25_biencoder
316	Q0	33:32-34	5	0.4319908916950226	SimCSE_bm25_biencoder
316	Q0	31:1-5	6	0.4226951003074646	SimCSE_bm25_biencoder
316	Q0	73:20-20	7	0.4130791425704956	SimCSE_bm25_biencoder
316	Q0	21:69-73	8	0.41098451614379883	SimCSE_bm25_biencoder
316	Q0	22:77-78	9	0.39971405267715454	SimCSE_bm25_biencoder
317	Q0	30:1-7	0	0.9779720306396484	SimCSE_bm25_biencoder
317	Q0	7:28-30	1	0.9737375974655151	SimCSE_bm25_biencoder
317	Q0	67:6-11	2	0.9719459414482117	SimCSE_bm25_biencoder
317	Q0	9:62-66	3	0.9714362621307373	SimCSE_bm25_biencoder
317	Q0	6:80-83	4	0.9713075160980225	SimCSE_bm25_biencoder
317	Q0	9:67-68	5	0.9711097478866577	SimCSE_bm25_biencoder
317	Q0	11:1-5	6	0.9708837270736694	SimCSE_bm25_biencoder
317	Q0	41:19-24	7	0.9705080389976501	SimCSE_bm25_biencoder
317	Q0	24:21-22	8	0.9689324498176575	SimCSE_bm25_biencoder
317	Q0	52:1-16	9	0.9682986736297607	SimCSE_bm25_biencoder
323	Q0	42:32-36	0	0.5385719537734985	SimCSE_bm25_biencoder
323	Q0	5:101-102	1	0.4864453673362732	SimCSE_bm25_biencoder
323	Q0	45:23-26	2	0.47133955359458923	SimCSE_bm25_biencoder
323	Q0	33:49-52	3	0.37509584426879883	SimCSE_bm25_biencoder
323	Q0	84:16-25	4	0.29625287652015686	SimCSE_bm25_biencoder
323	Q0	33:32-34	5	0.28524744510650635	SimCSE_bm25_biencoder
323	Q0	4:34-35	6	0.26266199350357056	SimCSE_bm25_biencoder
323	Q0	12:1-3	7	0.24975499510765076	SimCSE_bm25_biencoder
323	Q0	11:100-102	8	0.2451719343662262	SimCSE_bm25_biencoder
323	Q0	17:88-89	9	0.24245235323905945	SimCSE_bm25_biencoder
324	Q0	20:49-55	0	0.5437532663345337	SimCSE_bm25_biencoder
324	Q0	17:78-82	1	0.4507142901420593	SimCSE_bm25_biencoder
324	Q0	16:98-102	2	0.440102756023407	SimCSE_bm25_biencoder
324	Q0	7:96-102	3	0.4209577739238739	SimCSE_bm25_biencoder
324	Q0	18:57-59	4	0.40092653036117554	SimCSE_bm25_biencoder
324	Q0	6:19-21	5	0.38740164041519165	SimCSE_bm25_biencoder
324	Q0	17:59-60	6	0.376489520072937	SimCSE_bm25_biencoder
324	Q0	54:23-32	7	0.36910077929496765	SimCSE_bm25_biencoder
324	Q0	33:36-40	8	0.3543468117713928	SimCSE_bm25_biencoder
324	Q0	17:40-44	9	0.34338808059692383	SimCSE_bm25_biencoder
325	Q0	17:66-70	0	0.9137976169586182	SimCSE_bm25_biencoder
325	Q0	2:189-189	1	0.8895200490951538	SimCSE_bm25_biencoder
325	Q0	2:177-177	2	0.815417468547821	SimCSE_bm25_biencoder
325	Q0	52:17-28	3	0.6581642627716064	SimCSE_bm25_biencoder
325	Q0	29:61-69	4	0.5010550618171692	SimCSE_bm25_biencoder
325	Q0	6:95-99	5	0.470353364944458	SimCSE_bm25_biencoder
325	Q0	3:92-94	6	0.31181907653808594	SimCSE_bm25_biencoder
325	Q0	31:29-32	7	0.31108027696609497	SimCSE_bm25_biencoder
325	Q0	5:1-2	8	0.2872903645038605	SimCSE_bm25_biencoder
325	Q0	10:21-23	9	0.2790161669254303	SimCSE_bm25_biencoder
326	Q0	17:66-70	0	0.9562109708786011	SimCSE_bm25_biencoder
326	Q0	2:189-189	1	0.9299637675285339	SimCSE_bm25_biencoder
326	Q0	2:177-177	2	0.8834990859031677	SimCSE_bm25_biencoder
326	Q0	52:17-28	3	0.7362126708030701	SimCSE_bm25_biencoder
326	Q0	29:61-69	4	0.6077169179916382	SimCSE_bm25_biencoder
326	Q0	6:95-99	5	0.5671412944793701	SimCSE_bm25_biencoder
326	Q0	3:92-94	6	0.4648410677909851	SimCSE_bm25_biencoder
326	Q0	31:29-32	7	0.44875842332839966	SimCSE_bm25_biencoder
326	Q0	10:21-23	8	0.39818036556243896	SimCSE_bm25_biencoder
326	Q0	5:1-2	9	0.39583757519721985	SimCSE_bm25_biencoder
327	Q0	3:190-195	0	0.9545769095420837	SimCSE_bm25_biencoder
327	Q0	76:5-11	1	0.9109286069869995	SimCSE_bm25_biencoder
327	Q0	82:13-19	2	0.8990487456321716	SimCSE_bm25_biencoder
327	Q0	83:18-28	3	0.3888509273529053	SimCSE_bm25_biencoder
327	Q0	3:196-198	4	0.36044663190841675	SimCSE_bm25_biencoder
328	Q0	39:11-20	0	0.7632033824920654	SimCSE_bm25_biencoder
328	Q0	9:113-116	1	0.6985810995101929	SimCSE_bm25_biencoder
328	Q0	34:48-54	2	0.6337336301803589	SimCSE_bm25_biencoder
328	Q0	11:77-83	3	0.599981427192688	SimCSE_bm25_biencoder
328	Q0	4:106-109	4	0.5977115035057068	SimCSE_bm25_biencoder
328	Q0	68:34-41	5	0.5704171657562256	SimCSE_bm25_biencoder
328	Q0	23:12-16	6	0.5598723888397217	SimCSE_bm25_biencoder
328	Q0	11:96-99	7	0.5267578363418579	SimCSE_bm25_biencoder
328	Q0	39:60-67	8	0.5221354961395264	SimCSE_bm25_biencoder
328	Q0	42:44-46	9	0.5046988129615784	SimCSE_bm25_biencoder
332	Q0	25:63-77	0	0.8945784568786621	SimCSE_bm25_biencoder
332	Q0	23:62-77	1	0.7961421012878418	SimCSE_bm25_biencoder
332	Q0	10:15-17	2	0.7145700454711914	SimCSE_bm25_biencoder
332	Q0	8:30-37	3	0.6945720911026001	SimCSE_bm25_biencoder
332	Q0	34:6-9	4	0.6182635426521301	SimCSE_bm25_biencoder
332	Q0	31:20-26	5	0.6131893396377563	SimCSE_bm25_biencoder
332	Q0	48:16-17	6	0.5218899250030518	SimCSE_bm25_biencoder
332	Q0	11:1-5	7	0.5193522572517395	SimCSE_bm25_biencoder
332	Q0	7:164-166	8	0.5159872174263	SimCSE_bm25_biencoder
332	Q0	9:81-85	9	0.5039989352226257	SimCSE_bm25_biencoder
334	Q0	24:58-61	0	0.4794655740261078	SimCSE_bm25_biencoder
334	Q0	2:40-48	1	0.4502035677433014	SimCSE_bm25_biencoder
334	Q0	9:81-85	2	0.3401526212692261	SimCSE_bm25_biencoder
334	Q0	44:1-8	3	0.32931703329086304	SimCSE_bm25_biencoder
334	Q0	33:36-40	4	0.2548052668571472	SimCSE_bm25_biencoder
334	Q0	9:62-66	5	0.23522861301898956	SimCSE_bm25_biencoder
334	Q0	3:45-51	6	0.22412718832492828	SimCSE_bm25_biencoder
334	Q0	65:8-12	7	0.17616483569145203	SimCSE_bm25_biencoder
334	Q0	59:1-5	8	0.17520064115524292	SimCSE_bm25_biencoder
334	Q0	13:36-37	9	0.15855875611305237	SimCSE_bm25_biencoder
338	Q0	89:15-20	0	0.49666768312454224	SimCSE_bm25_biencoder
338	Q0	72:1-7	1	0.3839625418186188	SimCSE_bm25_biencoder
338	Q0	42:47-50	2	0.3804416060447693	SimCSE_bm25_biencoder
338	Q0	33:72-73	3	0.32866647839546204	SimCSE_bm25_biencoder
338	Q0	90:1-4	4	0.31102490425109863	SimCSE_bm25_biencoder
338	Q0	70:19-21	5	0.30358490347862244	SimCSE_bm25_biencoder
338	Q0	17:88-89	6	0.23367658257484436	SimCSE_bm25_biencoder
338	Q0	100:6-11	7	0.226863831281662	SimCSE_bm25_biencoder
338	Q0	96:1-5	8	0.21886509656906128	SimCSE_bm25_biencoder
338	Q0	39:49-52	9	0.21315760910511017	SimCSE_bm25_biencoder
339	Q0	30:28-32	0	0.5163770318031311	SimCSE_bm25_biencoder
339	Q0	2:74-75	1	0.3843711018562317	SimCSE_bm25_biencoder
339	Q0	3:1-7	2	0.3622514605522156	SimCSE_bm25_biencoder
339	Q0	21:48-50	3	0.22150374948978424	SimCSE_bm25_biencoder
339	Q0	8:27-29	4	0.2081746906042099	SimCSE_bm25_biencoder
339	Q0	25:1-2	5	0.19091260433197021	SimCSE_bm25_biencoder
339	Q0	26:52-68	6	0.1879701167345047	SimCSE_bm25_biencoder
339	Q0	9:122-123	7	0.17350654304027557	SimCSE_bm25_biencoder
339	Q0	17:105-111	8	0.16241155564785004	SimCSE_bm25_biencoder
339	Q0	8:41-41	9	0.10978204011917114	SimCSE_bm25_biencoder
341	Q0	76:1-4	0	0.8157635927200317	SimCSE_bm25_biencoder
341	Q0	18:54-56	1	0.7006955742835999	SimCSE_bm25_biencoder
341	Q0	76:23-26	2	0.6877743005752563	SimCSE_bm25_biencoder
341	Q0	29:8-9	3	0.615411639213562	SimCSE_bm25_biencoder
341	Q0	12:1-3	4	0.6083456873893738	SimCSE_bm25_biencoder
341	Q0	10:11-14	5	0.5675402879714966	SimCSE_bm25_biencoder
341	Q0	11:116-117	6	0.5648649334907532	SimCSE_bm25_biencoder
341	Q0	7:96-102	7	0.5528643131256104	SimCSE_bm25_biencoder
341	Q0	17:88-89	8	0.5442005395889282	SimCSE_bm25_biencoder
341	Q0	75:36-40	9	0.5287447571754456	SimCSE_bm25_biencoder
343	Q0	6:91-92	0	0.9187564849853516	SimCSE_bm25_biencoder
343	Q0	35:19-26	1	0.7314660549163818	SimCSE_bm25_biencoder
343	Q0	84:16-25	2	0.6198563575744629	SimCSE_bm25_biencoder
343	Q0	66:8-8	3	0.5592039823532104	SimCSE_bm25_biencoder
343	Q0	71:13-20	4	0.5374169945716858	SimCSE_bm25_biencoder
343	Q0	39:27-31	5	0.5328767895698547	SimCSE_bm25_biencoder
343	Q0	39:68-70	6	0.506069004535675	SimCSE_bm25_biencoder
343	Q0	5:15-17	7	0.48812049627304077	SimCSE_bm25_biencoder
343	Q0	24:35-38	8	0.48492851853370667	SimCSE_bm25_biencoder
343	Q0	27:76-78	9	0.45957234501838684	SimCSE_bm25_biencoder
344	Q0	18:32-44	0	0.4853646457195282	SimCSE_bm25_biencoder
344	Q0	22:30-37	1	0.37689322233200073	SimCSE_bm25_biencoder
344	Q0	57:25-27	2	0.3717907667160034	SimCSE_bm25_biencoder
344	Q0	36:71-76	3	0.34408730268478394	SimCSE_bm25_biencoder
344	Q0	54:9-17	4	0.3297244906425476	SimCSE_bm25_biencoder
344	Q0	23:17-22	5	0.3222962021827698	SimCSE_bm25_biencoder
344	Q0	22:25-29	6	0.29602473974227905	SimCSE_bm25_biencoder
344	Q0	2:187-187	7	0.2745961844921112	SimCSE_bm25_biencoder
344	Q0	40:79-85	8	0.2566029131412506	SimCSE_bm25_biencoder
344	Q0	2:219-219	9	0.21872255206108093	SimCSE_bm25_biencoder
345	Q0	15:1-9	0	0.907958984375	SimCSE_bm25_biencoder
345	Q0	67:28-30	1	0.635553777217865	SimCSE_bm25_biencoder
345	Q0	11:116-117	2	0.618746280670166	SimCSE_bm25_biencoder
345	Q0	21:48-50	3	0.591553807258606	SimCSE_bm25_biencoder
345	Q0	46:26-28	4	0.5325623154640198	SimCSE_bm25_biencoder
345	Q0	81:26-29	5	0.5140501260757446	SimCSE_bm25_biencoder
345	Q0	2:255-255	6	0.4325958788394928	SimCSE_bm25_biencoder
345	Q0	7:204-206	7	0.33940455317497253	SimCSE_bm25_biencoder
345	Q0	17:9-11	8	0.29910293221473694	SimCSE_bm25_biencoder
345	Q0	21:1-10	9	0.2756231725215912	SimCSE_bm25_biencoder
347	Q0	73:1-9	0	0.6495710611343384	SimCSE_bm25_biencoder
347	Q0	46:29-32	1	0.5448412299156189	SimCSE_bm25_biencoder
347	Q0	17:45-48	2	0.5109338760375977	SimCSE_bm25_biencoder
347	Q0	30:55-60	3	0.5058178901672363	SimCSE_bm25_biencoder
347	Q0	7:96-102	4	0.4921722412109375	SimCSE_bm25_biencoder
347	Q0	28:85-88	5	0.4882958233356476	SimCSE_bm25_biencoder
347	Q0	34:31-33	6	0.4598027765750885	SimCSE_bm25_biencoder
347	Q0	88:17-20	7	0.45384150743484497	SimCSE_bm25_biencoder
347	Q0	28:76-80	8	0.44100868701934814	SimCSE_bm25_biencoder
347	Q0	11:116-117	9	0.30948328971862793	SimCSE_bm25_biencoder
348	Q0	3:69-74	0	0.9667057991027832	SimCSE_bm25_biencoder
348	Q0	33:53-55	1	0.5957456827163696	SimCSE_bm25_biencoder
348	Q0	41:1-8	2	0.5626453757286072	SimCSE_bm25_biencoder
348	Q0	38:30-40	3	0.5033413171768188	SimCSE_bm25_biencoder
348	Q0	19:16-33	4	0.4496380686759949	SimCSE_bm25_biencoder
348	Q0	16:14-14	5	0.4291226863861084	SimCSE_bm25_biencoder
348	Q0	2:40-48	6	0.40980786085128784	SimCSE_bm25_biencoder
348	Q0	35:12-14	7	0.36505597829818726	SimCSE_bm25_biencoder
348	Q0	7:46-49	8	0.26737648248672485	SimCSE_bm25_biencoder
348	Q0	42:51-53	9	0.20696134865283966	SimCSE_bm25_biencoder
349	Q0	45:7-11	0	0.5897156000137329	SimCSE_bm25_biencoder
349	Q0	5:94-95	1	0.5546083450317383	SimCSE_bm25_biencoder
349	Q0	20:70-76	2	0.5478017330169678	SimCSE_bm25_biencoder
349	Q0	39:71-75	3	0.5315743684768677	SimCSE_bm25_biencoder
349	Q0	3:59-61	4	0.5006191730499268	SimCSE_bm25_biencoder
349	Q0	9:124-127	5	0.4784739017486572	SimCSE_bm25_biencoder
349	Q0	60:12-13	6	0.41093066334724426	SimCSE_bm25_biencoder
349	Q0	2:60-62	7	0.41057372093200684	SimCSE_bm25_biencoder
349	Q0	39:32-37	8	0.378833144903183	SimCSE_bm25_biencoder
349	Q0	7:141-141	9	0.37358641624450684	SimCSE_bm25_biencoder
350	Q0	21:1-10	0	0.9594030976295471	SimCSE_bm25_biencoder
350	Q0	21:48-50	1	0.8980731964111328	SimCSE_bm25_biencoder
350	Q0	12:102-107	2	0.8287196159362793	SimCSE_bm25_biencoder
350	Q0	88:21-26	3	0.6209636330604553	SimCSE_bm25_biencoder
350	Q0	41:40-44	4	0.597141444683075	SimCSE_bm25_biencoder
350	Q0	33:41-44	5	0.5570769906044006	SimCSE_bm25_biencoder
350	Q0	38:49-54	6	0.534656286239624	SimCSE_bm25_biencoder
350	Q0	32:15-17	7	0.5169240236282349	SimCSE_bm25_biencoder
350	Q0	43:36-39	8	0.508581817150116	SimCSE_bm25_biencoder
350	Q0	16:65-69	9	0.49176856875419617	SimCSE_bm25_biencoder
351	Q0	5:59-60	0	0.7252321839332581	SimCSE_bm25_biencoder
351	Q0	6:8-11	1	0.6903142929077148	SimCSE_bm25_biencoder
351	Q0	4:60-63	2	0.5329859256744385	SimCSE_bm25_biencoder
351	Q0	5:41-43	3	0.501032829284668	SimCSE_bm25_biencoder
351	Q0	12:80-80	4	0.4302198886871338	SimCSE_bm25_biencoder
351	Q0	3:199-200	5	0.3678150773048401	SimCSE_bm25_biencoder
351	Q0	21:48-50	6	0.3628098964691162	SimCSE_bm25_biencoder
351	Q0	5:48-50	7	0.36044248938560486	SimCSE_bm25_biencoder
351	Q0	4:162-162	8	0.3602478504180908	SimCSE_bm25_biencoder
351	Q0	11:12-12	9	0.3568229377269745	SimCSE_bm25_biencoder
354	Q0	17:9-11	0	0.7713017463684082	SimCSE_bm25_biencoder
354	Q0	84:16-25	1	0.7466121912002563	SimCSE_bm25_biencoder
354	Q0	11:116-117	2	0.7427698969841003	SimCSE_bm25_biencoder
354	Q0	15:90-99	3	0.6417511105537415	SimCSE_bm25_biencoder
354	Q0	33:36-40	4	0.528078556060791	SimCSE_bm25_biencoder
354	Q0	70:1-7	5	0.5219619274139404	SimCSE_bm25_biencoder
354	Q0	5:20-26	6	0.517396092414856	SimCSE_bm25_biencoder
354	Q0	28:57-59	7	0.5077669620513916	SimCSE_bm25_biencoder
354	Q0	36:28-32	8	0.4970666170120239	SimCSE_bm25_biencoder
354	Q0	39:27-31	9	0.4685816168785095	SimCSE_bm25_biencoder
356	Q0	60:1-3	0	0.6938570141792297	SimCSE_bm25_biencoder
356	Q0	25:45-55	1	0.5914968252182007	SimCSE_bm25_biencoder
356	Q0	9:23-24	2	0.11583341658115387	SimCSE_bm25_biencoder
356	Q0	22:77-78	3	0.0799064189195633	SimCSE_bm25_biencoder
357	Q0	2:122-123	0	0.9285364747047424	SimCSE_bm25_biencoder
357	Q0	25:45-55	1	0.9259630441665649	SimCSE_bm25_biencoder
357	Q0	27:15-19	2	0.7012171745300293	SimCSE_bm25_biencoder
357	Q0	24:21-22	3	0.6222519874572754	SimCSE_bm25_biencoder
357	Q0	10:57-60	4	0.5701611042022705	SimCSE_bm25_biencoder
357	Q0	3:169-175	5	0.5643033385276794	SimCSE_bm25_biencoder
357	Q0	24:19-20	6	0.5598734021186829	SimCSE_bm25_biencoder
357	Q0	8:41-41	7	0.5480892062187195	SimCSE_bm25_biencoder
357	Q0	4:34-35	8	0.5282540917396545	SimCSE_bm25_biencoder
357	Q0	80:17-23	9	0.5033780336380005	SimCSE_bm25_biencoder
358	Q0	44:51-59	0	0.46521490812301636	SimCSE_bm25_biencoder
358	Q0	2:234-237	1	0.4341340661048889	SimCSE_bm25_biencoder
358	Q0	24:1-3	2	0.39163103699684143	SimCSE_bm25_biencoder
358	Q0	20:128-132	3	0.3229897618293762	SimCSE_bm25_biencoder
358	Q0	6:159-160	4	0.24429535865783691	SimCSE_bm25_biencoder
358	Q0	52:17-28	5	0.24062061309814453	SimCSE_bm25_biencoder
358	Q0	8:27-29	6	0.2398947775363922	SimCSE_bm25_biencoder
358	Q0	21:48-50	7	0.2131025642156601	SimCSE_bm25_biencoder
358	Q0	25:1-2	8	0.21089115738868713	SimCSE_bm25_biencoder
358	Q0	66:1-5	9	0.2070728987455368	SimCSE_bm25_biencoder
361	Q0	61:6-9	0	0.7519295811653137	SimCSE_bm25_biencoder
361	Q0	24:55-57	1	0.7299890518188477	SimCSE_bm25_biencoder
361	Q0	9:88-89	2	0.6907376050949097	SimCSE_bm25_biencoder
361	Q0	45:16-20	3	0.5761488080024719	SimCSE_bm25_biencoder
361	Q0	9:97-99	4	0.5480682849884033	SimCSE_bm25_biencoder
361	Q0	19:51-58	5	0.5127080678939819	SimCSE_bm25_biencoder
361	Q0	23:42-44	6	0.511400580406189	SimCSE_bm25_biencoder
361	Q0	5:54-56	7	0.49280357360839844	SimCSE_bm25_biencoder
361	Q0	40:34-35	8	0.44695600867271423	SimCSE_bm25_biencoder
361	Q0	16:112-113	9	0.43511080741882324	SimCSE_bm25_biencoder
362	Q0	54:18-22	0	0.9628322720527649	SimCSE_bm25_biencoder
362	Q0	12:1-3	1	0.9608070850372314	SimCSE_bm25_biencoder
362	Q0	7:204-206	2	0.9607826471328735	SimCSE_bm25_biencoder
362	Q0	27:54-58	3	0.9431688785552979	SimCSE_bm25_biencoder
362	Q0	27:76-78	4	0.8528218269348145	SimCSE_bm25_biencoder
362	Q0	54:23-32	5	0.5761497020721436	SimCSE_bm25_biencoder
362	Q0	28:85-88	6	0.5379527807235718	SimCSE_bm25_biencoder
362	Q0	7:80-84	7	0.5160007476806641	SimCSE_bm25_biencoder
362	Q0	54:9-17	8	0.49051862955093384	SimCSE_bm25_biencoder
362	Q0	15:90-99	9	0.48604899644851685	SimCSE_bm25_biencoder
363	Q0	9:73-74	0	0.6673703193664551	SimCSE_bm25_biencoder
363	Q0	43:26-28	1	0.6011291146278381	SimCSE_bm25_biencoder
363	Q0	54:18-22	2	0.5616865754127502	SimCSE_bm25_biencoder
363	Q0	11:116-117	3	0.5468232035636902	SimCSE_bm25_biencoder
363	Q0	2:187-187	4	0.5236839056015015	SimCSE_bm25_biencoder
363	Q0	2:265-266	5	0.48687708377838135	SimCSE_bm25_biencoder
363	Q0	20:1-8	6	0.4676162600517273	SimCSE_bm25_biencoder
363	Q0	5:89-89	7	0.44302767515182495	SimCSE_bm25_biencoder
363	Q0	89:15-20	8	0.3961660861968994	SimCSE_bm25_biencoder
363	Q0	25:30-34	9	0.37236493825912476	SimCSE_bm25_biencoder
364	Q0	4:153-161	0	0.8647575378417969	SimCSE_bm25_biencoder
364	Q0	17:12-17	1	0.6591963171958923	SimCSE_bm25_biencoder
364	Q0	33:69-71	2	0.6226921081542969	SimCSE_bm25_biencoder
364	Q0	58:7-10	3	0.5296174883842468	SimCSE_bm25_biencoder
364	Q0	13:30-34	4	0.5206952095031738	SimCSE_bm25_biencoder
364	Q0	10:18-20	5	0.4976682662963867	SimCSE_bm25_biencoder
364	Q0	28:68-75	6	0.4959096908569336	SimCSE_bm25_biencoder
364	Q0	17:97-100	7	0.4895101487636566	SimCSE_bm25_biencoder
364	Q0	5:67-69	8	0.484516978263855	SimCSE_bm25_biencoder
364	Q0	22:16-18	9	0.4793451428413391	SimCSE_bm25_biencoder
365	Q0	6:91-92	0	0.48001059889793396	SimCSE_bm25_biencoder
365	Q0	7:96-102	1	0.4301350712776184	SimCSE_bm25_biencoder
365	Q0	11:116-117	2	0.3886972963809967	SimCSE_bm25_biencoder
365	Q0	59:21-24	3	0.36675241589546204	SimCSE_bm25_biencoder
365	Q0	84:16-25	4	0.33173224329948425	SimCSE_bm25_biencoder
365	Q0	20:128-132	5	0.3286267817020416	SimCSE_bm25_biencoder
365	Q0	17:9-11	6	0.28791308403015137	SimCSE_bm25_biencoder
365	Q0	30:55-60	7	0.2730843126773834	SimCSE_bm25_biencoder
365	Q0	15:90-99	8	0.21769621968269348	SimCSE_bm25_biencoder
365	Q0	6:19-21	9	0.21485531330108643	SimCSE_bm25_biencoder
367	Q0	7:52-53	0	0.5718433856964111	SimCSE_bm25_biencoder
367	Q0	10:18-20	1	0.470284104347229	SimCSE_bm25_biencoder
367	Q0	6:93-94	2	0.46305757761001587	SimCSE_bm25_biencoder
367	Q0	39:42-44	3	0.3616981506347656	SimCSE_bm25_biencoder
367	Q0	30:8-16	4	0.2468705028295517	SimCSE_bm25_biencoder
368	Q0	17:31-35	0	0.7397379875183105	SimCSE_bm25_biencoder
368	Q0	18:99-106	1	0.484996497631073	SimCSE_bm25_biencoder
369	Q0	25:63-77	0	0.7331515550613403	SimCSE_bm25_biencoder
369	Q0	9:42-49	1	0.5947582721710205	SimCSE_bm25_biencoder
369	Q0	12:36-42	2	0.5852367877960205	SimCSE_bm25_biencoder
369	Q0	9:30-31	3	0.570654034614563	SimCSE_bm25_biencoder
369	Q0	52:32-47	4	0.5477911233901978	SimCSE_bm25_biencoder
369	Q0	16:103-109	5	0.47477275133132935	SimCSE_bm25_biencoder
369	Q0	48:27-29	6	0.43340739607810974	SimCSE_bm25_biencoder
369	Q0	61:10-14	7	0.43128982186317444	SimCSE_bm25_biencoder
369	Q0	4:2-6	8	0.42262810468673706	SimCSE_bm25_biencoder
369	Q0	11:18-24	9	0.4053151309490204	SimCSE_bm25_biencoder
370	Q0	43:81-89	0	0.9230359196662903	SimCSE_bm25_biencoder
370	Q0	34:20-23	1	0.9151910543441772	SimCSE_bm25_biencoder
370	Q0	39:42-44	2	0.9095384478569031	SimCSE_bm25_biencoder
370	Q0	20:102-113	3	0.8545106053352356	SimCSE_bm25_biencoder
370	Q0	19:77-87	4	0.3378307521343231	SimCSE_bm25_biencoder
371	Q0	7:189-195	0	0.7605498433113098	SimCSE_bm25_biencoder
371	Q0	12:16-18	1	0.6146045923233032	SimCSE_bm25_biencoder
371	Q0	10:7-10	2	0.6142306327819824	SimCSE_bm25_biencoder
371	Q0	40:34-35	3	0.61365807056427	SimCSE_bm25_biencoder
371	Q0	12:88-92	4	0.5773425698280334	SimCSE_bm25_biencoder
371	Q0	4:94-94	5	0.5639840364456177	SimCSE_bm25_biencoder
371	Q0	14:21-23	6	0.534074068069458	SimCSE_bm25_biencoder
371	Q0	2:247-248	7	0.5096022486686707	SimCSE_bm25_biencoder
371	Q0	51:24-37	8	0.48746395111083984	SimCSE_bm25_biencoder
371	Q0	12:4-6	9	0.48736920952796936	SimCSE_bm25_biencoder
372	Q0	12:1-3	0	0.9670243263244629	SimCSE_bm25_biencoder
372	Q0	7:96-102	1	0.9353002905845642	SimCSE_bm25_biencoder
372	Q0	27:76-78	2	0.9277449250221252	SimCSE_bm25_biencoder
372	Q0	20:1-8	3	0.9160113334655762	SimCSE_bm25_biencoder
372	Q0	17:59-60	4	0.915086030960083	SimCSE_bm25_biencoder
372	Q0	59:6-7	5	0.9121291041374207	SimCSE_bm25_biencoder
372	Q0	5:101-102	6	0.908373236656189	SimCSE_bm25_biencoder
372	Q0	34:15-19	7	0.9000242352485657	SimCSE_bm25_biencoder
372	Q0	48:27-29	8	0.897463321685791	SimCSE_bm25_biencoder
372	Q0	59:21-24	9	0.8936237692832947	SimCSE_bm25_biencoder
373	Q0	19:66-72	0	0.7348819971084595	SimCSE_bm25_biencoder
373	Q0	33:36-40	1	0.6669042110443115	SimCSE_bm25_biencoder
373	Q0	47:1-6	2	0.6244970560073853	SimCSE_bm25_biencoder
373	Q0	72:14-17	3	0.6018111109733582	SimCSE_bm25_biencoder
373	Q0	38:45-48	4	0.6012019515037537	SimCSE_bm25_biencoder
373	Q0	68:34-41	5	0.5681896805763245	SimCSE_bm25_biencoder
373	Q0	17:2-8	6	0.566009521484375	SimCSE_bm25_biencoder
373	Q0	21:104-106	7	0.529121458530426	SimCSE_bm25_biencoder
373	Q0	7:142-143	8	0.5115134716033936	SimCSE_bm25_biencoder
373	Q0	9:113-116	9	0.4984692633152008	SimCSE_bm25_biencoder
374	Q0	2:258-258	0	0.4196127653121948	SimCSE_bm25_biencoder
374	Q0	4:163-166	1	0.28192898631095886	SimCSE_bm25_biencoder
374	Q0	32:23-27	2	0.2756491005420685	SimCSE_bm25_biencoder
374	Q0	22:30-37	3	0.25804197788238525	SimCSE_bm25_biencoder
374	Q0	4:92-93	4	0.24798615276813507	SimCSE_bm25_biencoder
374	Q0	3:62-68	5	0.24516186118125916	SimCSE_bm25_biencoder
374	Q0	68:34-41	6	0.24428559839725494	SimCSE_bm25_biencoder
374	Q0	2:124-129	7	0.2409917712211609	SimCSE_bm25_biencoder
374	Q0	7:179-179	8	0.2256147414445877	SimCSE_bm25_biencoder
374	Q0	4:51-55	9	0.22454047203063965	SimCSE_bm25_biencoder
391	Q0	3:23-25	0	0.5326216220855713	SimCSE_bm25_biencoder
391	Q0	2:49-52	1	0.5058409571647644	SimCSE_bm25_biencoder
391	Q0	6:27-32	2	0.41433200240135193	SimCSE_bm25_biencoder
391	Q0	2:189-189	3	0.4050491452217102	SimCSE_bm25_biencoder
391	Q0	22:14-15	4	0.39214539527893066	SimCSE_bm25_biencoder
391	Q0	47:25-29	5	0.35412442684173584	SimCSE_bm25_biencoder
391	Q0	2:231-232	6	0.33061522245407104	SimCSE_bm25_biencoder
391	Q0	5:101-102	7	0.30878567695617676	SimCSE_bm25_biencoder
391	Q0	2:222-223	8	0.30826336145401	SimCSE_bm25_biencoder
391	Q0	27:1-6	9	0.2837356925010681	SimCSE_bm25_biencoder
375	Q0	31:16-19	0	0.5644214749336243	SimCSE_bm25_biencoder
375	Q0	22:73-76	1	0.5049113631248474	SimCSE_bm25_biencoder
375	Q0	69:25-37	2	0.4873761534690857	SimCSE_bm25_biencoder
375	Q0	14:47-52	3	0.47304075956344604	SimCSE_bm25_biencoder
375	Q0	36:28-32	4	0.46097487211227417	SimCSE_bm25_biencoder
375	Q0	24:1-3	5	0.4456028342247009	SimCSE_bm25_biencoder
375	Q0	39:27-31	6	0.4172743558883667	SimCSE_bm25_biencoder
375	Q0	31:27-28	7	0.41389575600624084	SimCSE_bm25_biencoder
375	Q0	42:51-53	8	0.38250523805618286	SimCSE_bm25_biencoder
375	Q0	36:48-54	9	0.37337273359298706	SimCSE_bm25_biencoder
376	Q0	22:73-76	0	0.8146156668663025	SimCSE_bm25_biencoder
376	Q0	24:4-5	1	0.6265727877616882	SimCSE_bm25_biencoder
376	Q0	4:7-10	2	0.5468297004699707	SimCSE_bm25_biencoder
376	Q0	3:102-109	3	0.5110129117965698	SimCSE_bm25_biencoder
376	Q0	31:20-26	4	0.44333887100219727	SimCSE_bm25_biencoder
376	Q0	42:51-53	5	0.41536733508110046	SimCSE_bm25_biencoder
376	Q0	3:59-61	6	0.4136865735054016	SimCSE_bm25_biencoder
376	Q0	4:56-57	7	0.4113292694091797	SimCSE_bm25_biencoder
376	Q0	14:28-30	8	0.41022008657455444	SimCSE_bm25_biencoder
376	Q0	2:226-227	9	0.3997180461883545	SimCSE_bm25_biencoder
378	Q0	7:130-136	0	0.9118455648422241	SimCSE_bm25_biencoder
378	Q0	84:6-15	1	0.8360345363616943	SimCSE_bm25_biencoder
378	Q0	25:1-2	2	0.7865443825721741	SimCSE_bm25_biencoder
378	Q0	56:57-62	3	0.5949759483337402	SimCSE_bm25_biencoder
378	Q0	54:47-50	4	0.5848243236541748	SimCSE_bm25_biencoder
378	Q0	2:234-237	5	0.5755387544631958	SimCSE_bm25_biencoder
378	Q0	10:11-14	6	0.5588974952697754	SimCSE_bm25_biencoder
378	Q0	9:69-70	7	0.5583487749099731	SimCSE_bm25_biencoder
378	Q0	15:51-60	8	0.5339735150337219	SimCSE_bm25_biencoder
378	Q0	33:36-40	9	0.5269973278045654	SimCSE_bm25_biencoder
379	Q0	4:92-93	0	0.4202648401260376	SimCSE_bm25_biencoder
379	Q0	68:34-41	1	0.3591878414154053	SimCSE_bm25_biencoder
379	Q0	12:97-101	2	0.299651563167572	SimCSE_bm25_biencoder
379	Q0	72:14-17	3	0.24610593914985657	SimCSE_bm25_biencoder
379	Q0	22:77-78	4	0.1991099715232849	SimCSE_bm25_biencoder
379	Q0	33:35-35	5	0.1699921041727066	SimCSE_bm25_biencoder
379	Q0	2:67-73	6	0.1676599085330963	SimCSE_bm25_biencoder
379	Q0	2:124-129	7	0.008997578173875809	SimCSE_bm25_biencoder
379	Q0	3:62-68	8	0.005356002599000931	SimCSE_bm25_biencoder
380	Q0	9:17-18	0	0.7109963893890381	SimCSE_bm25_biencoder
380	Q0	42:37-43	1	0.5950390100479126	SimCSE_bm25_biencoder
380	Q0	24:55-57	2	0.5609764456748962	SimCSE_bm25_biencoder
380	Q0	13:18-24	3	0.5036520957946777	SimCSE_bm25_biencoder
380	Q0	11:112-115	4	0.4775007367134094	SimCSE_bm25_biencoder
380	Q0	4:162-162	5	0.42625755071640015	SimCSE_bm25_biencoder
380	Q0	5:57-58	6	0.4144391417503357	SimCSE_bm25_biencoder
380	Q0	62:9-11	7	0.41399240493774414	SimCSE_bm25_biencoder
380	Q0	2:109-110	8	0.41265571117401123	SimCSE_bm25_biencoder
380	Q0	35:15-18	9	0.408902108669281	SimCSE_bm25_biencoder
381	Q0	38:27-29	0	0.4099859297275543	SimCSE_bm25_biencoder
381	Q0	65:1-3	1	0.4013674259185791	SimCSE_bm25_biencoder
381	Q0	8:27-29	2	0.34603214263916016	SimCSE_bm25_biencoder
381	Q0	2:220-221	3	0.32929322123527527	SimCSE_bm25_biencoder
381	Q0	16:43-50	4	0.31902968883514404	SimCSE_bm25_biencoder
381	Q0	24:39-40	5	0.2930309474468231	SimCSE_bm25_biencoder
381	Q0	71:5-12	6	0.2765118479728699	SimCSE_bm25_biencoder
381	Q0	27:59-66	7	0.2742955684661865	SimCSE_bm25_biencoder
381	Q0	73:15-19	8	0.27265989780426025	SimCSE_bm25_biencoder
381	Q0	16:73-76	9	0.26138466596603394	SimCSE_bm25_biencoder
382	Q0	46:21-25	0	0.6043528318405151	SimCSE_bm25_biencoder
382	Q0	8:45-49	1	0.5088217258453369	SimCSE_bm25_biencoder
382	Q0	41:13-18	2	0.5017597079277039	SimCSE_bm25_biencoder
382	Q0	33:9-17	3	0.5002272725105286	SimCSE_bm25_biencoder
382	Q0	12:93-96	4	0.45353543758392334	SimCSE_bm25_biencoder
382	Q0	9:42-49	5	0.4483327865600586	SimCSE_bm25_biencoder
382	Q0	10:21-23	6	0.4429357051849365	SimCSE_bm25_biencoder
382	Q0	42:32-36	7	0.42605820298194885	SimCSE_bm25_biencoder
382	Q0	54:18-22	8	0.39159926772117615	SimCSE_bm25_biencoder
382	Q0	3:116-117	9	0.30737197399139404	SimCSE_bm25_biencoder
385	Q0	4:146-147	0	0.5765666365623474	SimCSE_bm25_biencoder
385	Q0	4:173-175	1	0.5519096851348877	SimCSE_bm25_biencoder
385	Q0	10:107-109	2	0.549934983253479	SimCSE_bm25_biencoder
385	Q0	21:91-91	3	0.519690990447998	SimCSE_bm25_biencoder
385	Q0	11:13-14	4	0.4985824227333069	SimCSE_bm25_biencoder
385	Q0	2:23-24	5	0.47062137722969055	SimCSE_bm25_biencoder
385	Q0	28:36-43	6	0.46286118030548096	SimCSE_bm25_biencoder
385	Q0	8:17-19	7	0.4607188105583191	SimCSE_bm25_biencoder
385	Q0	4:25-25	8	0.4497489631175995	SimCSE_bm25_biencoder
385	Q0	54:1-8	9	0.3839676082134247	SimCSE_bm25_biencoder
387	Q0	2:255-255	0	0.43801137804985046	SimCSE_bm25_biencoder
387	Q0	20:102-113	1	0.3784103989601135	SimCSE_bm25_biencoder
387	Q0	28:22-28	2	0.37132930755615234	SimCSE_bm25_biencoder
387	Q0	81:26-29	3	0.365576833486557	SimCSE_bm25_biencoder
387	Q0	9:36-37	4	0.3582621216773987	SimCSE_bm25_biencoder
387	Q0	8:5-8	5	0.3224571943283081	SimCSE_bm25_biencoder
387	Q0	64:1-4	6	0.304526686668396	SimCSE_bm25_biencoder
387	Q0	8:1-4	7	0.2932746410369873	SimCSE_bm25_biencoder
387	Q0	4:122-126	8	0.28207606077194214	SimCSE_bm25_biencoder
387	Q0	4:117-121	9	0.28040701150894165	SimCSE_bm25_biencoder
388	Q0	9:90-96	0	0.5332852602005005	SimCSE_bm25_biencoder
388	Q0	2:255-255	1	0.4632786214351654	SimCSE_bm25_biencoder
388	Q0	17:71-77	2	0.4410053491592407	SimCSE_bm25_biencoder
388	Q0	38:55-64	3	0.38980352878570557	SimCSE_bm25_biencoder
388	Q0	6:71-73	4	0.3324934244155884	SimCSE_bm25_biencoder
388	Q0	34:3-5	5	0.290608674287796	SimCSE_bm25_biencoder
388	Q0	2:3-5	6	0.27330654859542847	SimCSE_bm25_biencoder
388	Q0	4:137-139	7	0.2579593062400818	SimCSE_bm25_biencoder
388	Q0	17:105-111	8	0.25641006231307983	SimCSE_bm25_biencoder
388	Q0	21:48-50	9	0.2373005747795105	SimCSE_bm25_biencoder
389	Q0	59:21-24	0	0.8742265701293945	SimCSE_bm25_biencoder
389	Q0	39:27-31	1	0.8123605251312256	SimCSE_bm25_biencoder
389	Q0	4:19-21	2	0.6018473505973816	SimCSE_bm25_biencoder
389	Q0	17:88-89	3	0.5922024250030518	SimCSE_bm25_biencoder
389	Q0	5:9-10	4	0.5917330384254456	SimCSE_bm25_biencoder
389	Q0	6:132-135	5	0.5688555240631104	SimCSE_bm25_biencoder
389	Q0	25:30-34	6	0.5641686320304871	SimCSE_bm25_biencoder
389	Q0	28:76-80	7	0.5440078973770142	SimCSE_bm25_biencoder
389	Q0	34:48-54	8	0.5150632262229919	SimCSE_bm25_biencoder
389	Q0	76:23-26	9	0.5058093070983887	SimCSE_bm25_biencoder
392	Q0	49:11-13	0	0.5417512655258179	SimCSE_bm25_biencoder
392	Q0	4:137-139	1	0.5068434476852417	SimCSE_bm25_biencoder
392	Q0	47:7-11	2	0.4014537036418915	SimCSE_bm25_biencoder
392	Q0	2:222-223	3	0.33617639541625977	SimCSE_bm25_biencoder
392	Q0	9:86-87	4	0.3361038863658905	SimCSE_bm25_biencoder
392	Q0	2:231-232	5	0.26689600944519043	SimCSE_bm25_biencoder
392	Q0	4:34-35	6	0.25883594155311584	SimCSE_bm25_biencoder
392	Q0	25:7-10	7	0.23900046944618225	SimCSE_bm25_biencoder
392	Q0	16:112-113	8	0.23380321264266968	SimCSE_bm25_biencoder
392	Q0	4:128-130	9	0.2251819372177124	SimCSE_bm25_biencoder
393	Q0	17:88-89	0	0.7348484396934509	SimCSE_bm25_biencoder
393	Q0	2:159-162	1	0.6346710324287415	SimCSE_bm25_biencoder
393	Q0	4:47-48	2	0.6092904806137085	SimCSE_bm25_biencoder
393	Q0	6:27-32	3	0.5298546552658081	SimCSE_bm25_biencoder
393	Q0	2:246-246	4	0.4981677830219269	SimCSE_bm25_biencoder
393	Q0	8:62-66	5	0.47768014669418335	SimCSE_bm25_biencoder
393	Q0	4:77-79	6	0.47586873173713684	SimCSE_bm25_biencoder
393	Q0	2:216-218	7	0.47544050216674805	SimCSE_bm25_biencoder
393	Q0	43:29-35	8	0.46848419308662415	SimCSE_bm25_biencoder
393	Q0	47:7-11	9	0.4667726755142212	SimCSE_bm25_biencoder
394	Q0	33:35-35	0	0.5059507489204407	SimCSE_bm25_biencoder
394	Q0	3:62-68	1	0.4866594076156616	SimCSE_bm25_biencoder
394	Q0	28:85-88	2	0.3221885859966278	SimCSE_bm25_biencoder
394	Q0	2:124-129	3	0.3157762587070465	SimCSE_bm25_biencoder
394	Q0	4:92-93	4	0.28377261757850647	SimCSE_bm25_biencoder
394	Q0	40:10-12	5	0.2259429395198822	SimCSE_bm25_biencoder
394	Q0	25:30-34	6	0.22341638803482056	SimCSE_bm25_biencoder
394	Q0	5:101-102	7	0.22030282020568848	SimCSE_bm25_biencoder
394	Q0	68:34-41	8	0.20708398520946503	SimCSE_bm25_biencoder
394	Q0	22:14-15	9	0.1899171769618988	SimCSE_bm25_biencoder
395	Q0	28:7-13	0	0.6212069988250732	SimCSE_bm25_biencoder
395	Q0	29:28-35	1	0.5237628817558289	SimCSE_bm25_biencoder
395	Q0	12:50-57	2	0.5029135942459106	SimCSE_bm25_biencoder
395	Q0	11:89-95	3	0.4976045489311218	SimCSE_bm25_biencoder
395	Q0	7:50-51	4	0.49671387672424316	SimCSE_bm25_biencoder
395	Q0	6:148-150	5	0.4639338552951813	SimCSE_bm25_biencoder
395	Q0	25:63-77	6	0.41665154695510864	SimCSE_bm25_biencoder
395	Q0	20:56-69	7	0.4060311019420624	SimCSE_bm25_biencoder
395	Q0	38:65-88	8	0.389851450920105	SimCSE_bm25_biencoder
395	Q0	5:3-3	9	0.3793128728866577	SimCSE_bm25_biencoder
396	Q0	6:138-140	0	0.6324014663696289	SimCSE_bm25_biencoder
396	Q0	6:148-150	1	0.6277692914009094	SimCSE_bm25_biencoder
396	Q0	5:101-102	2	0.5664509534835815	SimCSE_bm25_biencoder
396	Q0	27:89-93	3	0.5329597592353821	SimCSE_bm25_biencoder
396	Q0	7:204-206	4	0.5229105353355408	SimCSE_bm25_biencoder
396	Q0	3:92-94	5	0.519423246383667	SimCSE_bm25_biencoder
396	Q0	17:45-48	6	0.5003819465637207	SimCSE_bm25_biencoder
396	Q0	5:1-2	7	0.49474695324897766	SimCSE_bm25_biencoder
396	Q0	4:22-24	8	0.49021220207214355	SimCSE_bm25_biencoder
396	Q0	2:234-237	9	0.43835121393203735	SimCSE_bm25_biencoder
398	Q0	19:66-72	0	0.8622548580169678	SimCSE_bm25_biencoder
398	Q0	90:1-4	1	0.7241885662078857	SimCSE_bm25_biencoder
398	Q0	66:9-9	2	0.5952888131141663	SimCSE_bm25_biencoder
398	Q0	3:164-165	3	0.5739937424659729	SimCSE_bm25_biencoder
398	Q0	33:7-8	4	0.5573263168334961	SimCSE_bm25_biencoder
398	Q0	33:59-59	5	0.5275793671607971	SimCSE_bm25_biencoder
398	Q0	72:1-7	6	0.5075016021728516	SimCSE_bm25_biencoder
398	Q0	76:1-4	7	0.5048454403877258	SimCSE_bm25_biencoder
398	Q0	55:33-36	8	0.5018090605735779	SimCSE_bm25_biencoder
398	Q0	33:53-55	9	0.49668264389038086	SimCSE_bm25_biencoder
399	Q0	46:15-18	0	0.7876724004745483	SimCSE_bm25_biencoder
399	Q0	47:1-6	1	0.7343615293502808	SimCSE_bm25_biencoder
399	Q0	46:29-32	2	0.7239271402359009	SimCSE_bm25_biencoder
399	Q0	99:1-8	3	0.5996482372283936	SimCSE_bm25_biencoder
399	Q0	12:23-29	4	0.5087228417396545	SimCSE_bm25_biencoder
399	Q0	55:33-36	5	0.46268001198768616	SimCSE_bm25_biencoder
399	Q0	27:15-19	6	0.4609292447566986	SimCSE_bm25_biencoder
399	Q0	34:10-13	7	0.454399049282074	SimCSE_bm25_biencoder
399	Q0	6:128-131	8	0.4306597113609314	SimCSE_bm25_biencoder
399	Q0	33:36-40	9	0.4003823399543762	SimCSE_bm25_biencoder
400	Q0	9:73-74	0	0.8540922999382019	SimCSE_bm25_biencoder
400	Q0	11:38-40	1	0.8115841746330261	SimCSE_bm25_biencoder
400	Q0	39:38-40	2	0.6078712940216064	SimCSE_bm25_biencoder
400	Q0	17:49-52	3	0.5948206186294556	SimCSE_bm25_biencoder
400	Q0	61:6-9	4	0.5723684430122375	SimCSE_bm25_biencoder
400	Q0	32:28-30	5	0.5627337694168091	SimCSE_bm25_biencoder
400	Q0	20:80-82	6	0.535860538482666	SimCSE_bm25_biencoder
400	Q0	4:19-21	7	0.4886600971221924	SimCSE_bm25_biencoder
400	Q0	3:84-85	8	0.4783706068992615	SimCSE_bm25_biencoder
400	Q0	19:66-72	9	0.47535809874534607	SimCSE_bm25_biencoder
401	Q0	11:100-102	0	0.9440569877624512	SimCSE_bm25_biencoder
401	Q0	73:1-9	1	0.9294838905334473	SimCSE_bm25_biencoder
401	Q0	99:1-8	2	0.9195823073387146	SimCSE_bm25_biencoder
401	Q0	54:9-17	3	0.8992182016372681	SimCSE_bm25_biencoder
401	Q0	46:29-32	4	0.8311618566513062	SimCSE_bm25_biencoder
401	Q0	47:20-24	5	0.736100435256958	SimCSE_bm25_biencoder
401	Q0	54:18-22	6	0.616899311542511	SimCSE_bm25_biencoder
401	Q0	34:20-23	7	0.5747262239456177	SimCSE_bm25_biencoder
401	Q0	17:40-44	8	0.5195953845977783	SimCSE_bm25_biencoder
401	Q0	25:30-34	9	0.5053398609161377	SimCSE_bm25_biencoder
402	Q0	46:29-32	0	0.7061030864715576	SimCSE_bm25_biencoder
402	Q0	7:96-102	1	0.6055219769477844	SimCSE_bm25_biencoder
402	Q0	59:21-24	2	0.48701146245002747	SimCSE_bm25_biencoder
402	Q0	10:11-14	3	0.43253493309020996	SimCSE_bm25_biencoder
402	Q0	54:33-42	4	0.39892327785491943	SimCSE_bm25_biencoder
402	Q0	5:101-102	5	0.3621026873588562	SimCSE_bm25_biencoder
402	Q0	13:28-29	6	0.33790159225463867	SimCSE_bm25_biencoder
402	Q0	16:98-102	7	0.33032840490341187	SimCSE_bm25_biencoder
402	Q0	11:116-117	8	0.3227744698524475	SimCSE_bm25_biencoder
402	Q0	17:88-89	9	0.3130037188529968	SimCSE_bm25_biencoder
404	Q0	2:159-162	0	0.8470103144645691	SimCSE_bm25_biencoder
404	Q0	3:156-158	1	0.5331535935401917	SimCSE_bm25_biencoder
404	Q0	4:66-70	2	0.5074166655540466	SimCSE_bm25_biencoder
404	Q0	5:15-17	3	0.4991959035396576	SimCSE_bm25_biencoder
404	Q0	4:171-172	4	0.4957156181335449	SimCSE_bm25_biencoder
404	Q0	3:45-51	5	0.48760950565338135	SimCSE_bm25_biencoder
404	Q0	6:136-137	6	0.46324437856674194	SimCSE_bm25_biencoder
404	Q0	49:6-8	7	0.3994932472705841	SimCSE_bm25_biencoder
404	Q0	26:10-22	8	0.39668387174606323	SimCSE_bm25_biencoder
404	Q0	3:137-144	9	0.3857409656047821	SimCSE_bm25_biencoder
405	Q0	17:40-44	0	0.683159589767456	SimCSE_bm25_biencoder
405	Q0	15:90-99	1	0.5739990472793579	SimCSE_bm25_biencoder
405	Q0	36:28-32	2	0.5213860273361206	SimCSE_bm25_biencoder
405	Q0	11:120-123	3	0.5200506448745728	SimCSE_bm25_biencoder
405	Q0	59:6-7	4	0.4789653420448303	SimCSE_bm25_biencoder
405	Q0	27:76-78	5	0.46876800060272217	SimCSE_bm25_biencoder
405	Q0	76:23-26	6	0.43482470512390137	SimCSE_bm25_biencoder
405	Q0	2:154-157	7	0.42823275923728943	SimCSE_bm25_biencoder
405	Q0	17:59-60	8	0.4174579083919525	SimCSE_bm25_biencoder
405	Q0	5:101-102	9	0.3920535743236542	SimCSE_bm25_biencoder
407	Q0	11:116-117	0	0.662588894367218	SimCSE_bm25_biencoder
407	Q0	7:1-3	1	0.6103963851928711	SimCSE_bm25_biencoder
407	Q0	17:88-89	2	0.590131402015686	SimCSE_bm25_biencoder
407	Q0	11:100-102	3	0.5889801979064941	SimCSE_bm25_biencoder
407	Q0	54:18-22	4	0.5394946932792664	SimCSE_bm25_biencoder
407	Q0	3:92-94	5	0.5360886454582214	SimCSE_bm25_biencoder
407	Q0	20:1-8	6	0.5297225713729858	SimCSE_bm25_biencoder
407	Q0	5:101-102	7	0.5206620097160339	SimCSE_bm25_biencoder
407	Q0	15:90-99	8	0.511264443397522	SimCSE_bm25_biencoder
407	Q0	54:23-32	9	0.49821048974990845	SimCSE_bm25_biencoder
408	Q0	10:104-106	0	0.753692626953125	SimCSE_bm25_biencoder
408	Q0	13:36-37	1	0.686744213104248	SimCSE_bm25_biencoder
408	Q0	82:13-19	2	0.6566197276115417	SimCSE_bm25_biencoder
408	Q0	49:14-18	3	0.6365633606910706	SimCSE_bm25_biencoder
408	Q0	3:81-83	4	0.6184413433074951	SimCSE_bm25_biencoder
408	Q0	2:256-256	5	0.6161069869995117	SimCSE_bm25_biencoder
408	Q0	60:8-9	6	0.6107285618782043	SimCSE_bm25_biencoder
408	Q0	12:36-42	7	0.5844627618789673	SimCSE_bm25_biencoder
408	Q0	9:32-33	8	0.5720855593681335	SimCSE_bm25_biencoder
408	Q0	27:38-44	9	0.530707061290741	SimCSE_bm25_biencoder
409	Q0	59:21-24	0	0.5646710991859436	SimCSE_bm25_biencoder
409	Q0	7:96-102	1	0.5057791471481323	SimCSE_bm25_biencoder
409	Q0	20:49-55	2	0.48178040981292725	SimCSE_bm25_biencoder
409	Q0	73:20-20	3	0.4761747717857361	SimCSE_bm25_biencoder
409	Q0	84:16-25	4	0.4552196264266968	SimCSE_bm25_biencoder
409	Q0	10:11-14	5	0.4355367422103882	SimCSE_bm25_biencoder
409	Q0	17:9-11	6	0.4332302212715149	SimCSE_bm25_biencoder
409	Q0	32:23-27	7	0.36464035511016846	SimCSE_bm25_biencoder
409	Q0	15:90-99	8	0.2827426791191101	SimCSE_bm25_biencoder
409	Q0	17:78-82	9	0.2763330340385437	SimCSE_bm25_biencoder
410	Q0	3:110-115	0	0.5963456034660339	SimCSE_bm25_biencoder
410	Q0	59:11-17	1	0.5669476985931396	SimCSE_bm25_biencoder
410	Q0	2:109-110	2	0.5140277147293091	SimCSE_bm25_biencoder
410	Q0	33:25-27	3	0.466727077960968	SimCSE_bm25_biencoder
410	Q0	15:1-9	4	0.46084922552108765	SimCSE_bm25_biencoder
410	Q0	27:29-37	5	0.43856024742126465	SimCSE_bm25_biencoder
410	Q0	29:28-35	6	0.4366815686225891	SimCSE_bm25_biencoder
410	Q0	5:74-77	7	0.4173363447189331	SimCSE_bm25_biencoder
410	Q0	57:28-29	8	0.4081261456012726	SimCSE_bm25_biencoder
410	Q0	5:59-60	9	0.4057590961456299	SimCSE_bm25_biencoder
411	Q0	15:90-99	0	0.6364011764526367	SimCSE_bm25_biencoder
411	Q0	16:98-102	1	0.6110972166061401	SimCSE_bm25_biencoder
411	Q0	80:17-23	2	0.5580847263336182	SimCSE_bm25_biencoder
411	Q0	54:23-32	3	0.5324388742446899	SimCSE_bm25_biencoder
411	Q0	11:100-102	4	0.49731653928756714	SimCSE_bm25_biencoder
411	Q0	84:16-25	5	0.4555310308933258	SimCSE_bm25_biencoder
411	Q0	73:1-9	6	0.45485353469848633	SimCSE_bm25_biencoder
411	Q0	12:1-3	7	0.45400846004486084	SimCSE_bm25_biencoder
411	Q0	36:28-32	8	0.4498150646686554	SimCSE_bm25_biencoder
411	Q0	47:12-15	9	0.44532230496406555	SimCSE_bm25_biencoder
412	Q0	3:84-85	0	0.9482704401016235	SimCSE_bm25_biencoder
412	Q0	5:106-108	1	0.5380818843841553	SimCSE_bm25_biencoder
412	Q0	20:70-76	2	0.5376854538917542	SimCSE_bm25_biencoder
412	Q0	28:20-21	3	0.47955089807510376	SimCSE_bm25_biencoder
412	Q0	61:6-9	4	0.4125331938266754	SimCSE_bm25_biencoder
412	Q0	34:40-45	5	0.3849450945854187	SimCSE_bm25_biencoder
412	Q0	25:7-10	6	0.36260828375816345	SimCSE_bm25_biencoder
412	Q0	23:23-30	7	0.32736140489578247	SimCSE_bm25_biencoder
412	Q0	65:1-3	8	0.28978490829467773	SimCSE_bm25_biencoder
412	Q0	6:125-127	9	0.2819192111492157	SimCSE_bm25_biencoder
413	Q0	2:277-281	0	0.8058957457542419	SimCSE_bm25_biencoder
413	Q0	2:23-24	1	0.7404131889343262	SimCSE_bm25_biencoder
413	Q0	8:5-8	2	0.6809215545654297	SimCSE_bm25_biencoder
413	Q0	4:22-24	3	0.5742958784103394	SimCSE_bm25_biencoder
413	Q0	40:5-6	4	0.5722517967224121	SimCSE_bm25_biencoder
413	Q0	49:11-13	5	0.5402199029922485	SimCSE_bm25_biencoder
413	Q0	42:23-26	6	0.5356281995773315	SimCSE_bm25_biencoder
413	Q0	4:15-16	7	0.5244777798652649	SimCSE_bm25_biencoder
413	Q0	3:59-61	8	0.5180186033248901	SimCSE_bm25_biencoder
413	Q0	24:30-31	9	0.5023815035820007	SimCSE_bm25_biencoder
414	Q0	44:40-50	0	0.8112999796867371	SimCSE_bm25_biencoder
414	Q0	48:18-23	1	0.735267162322998	SimCSE_bm25_biencoder
414	Q0	81:15-25	2	0.6988836526870728	SimCSE_bm25_biencoder
414	Q0	26:1-9	3	0.6552917957305908	SimCSE_bm25_biencoder
414	Q0	3:62-68	4	0.6014129519462585	SimCSE_bm25_biencoder
414	Q0	22:47-48	5	0.5951997637748718	SimCSE_bm25_biencoder
414	Q0	33:60-62	6	0.5903028249740601	SimCSE_bm25_biencoder
414	Q0	8:72-75	7	0.5832858085632324	SimCSE_bm25_biencoder
414	Q0	17:71-77	8	0.5530632734298706	SimCSE_bm25_biencoder
414	Q0	12:30-32	9	0.534887433052063	SimCSE_bm25_biencoder
415	Q0	56:81-87	0	0.6925790309906006	SimCSE_bm25_biencoder
415	Q0	45:1-6	1	0.5660473704338074	SimCSE_bm25_biencoder
415	Q0	18:1-6	2	0.5321959257125854	SimCSE_bm25_biencoder
415	Q0	4:140-143	3	0.5305213928222656	SimCSE_bm25_biencoder
415	Q0	85:17-22	4	0.5261540412902832	SimCSE_bm25_biencoder
415	Q0	61:6-9	5	0.4797007441520691	SimCSE_bm25_biencoder
415	Q0	53:57-62	6	0.4769595265388489	SimCSE_bm25_biencoder
415	Q0	68:42-47	7	0.4760841727256775	SimCSE_bm25_biencoder
415	Q0	51:24-37	8	0.4681497812271118	SimCSE_bm25_biencoder
415	Q0	79:15-26	9	0.4597165584564209	SimCSE_bm25_biencoder
416	Q0	7:46-49	0	0.9209479093551636	SimCSE_bm25_biencoder
416	Q0	9:73-74	1	0.8913590312004089	SimCSE_bm25_biencoder
416	Q0	107:1-3	2	0.8801307678222656	SimCSE_bm25_biencoder
416	Q0	3:84-85	3	0.8149194717407227	SimCSE_bm25_biencoder
416	Q0	19:12-15	4	0.7256197929382324	SimCSE_bm25_biencoder
416	Q0	30:28-32	5	0.6755654811859131	SimCSE_bm25_biencoder
416	Q0	5:3-3	6	0.6186274886131287	SimCSE_bm25_biencoder
416	Q0	51:1-6	7	0.6049268245697021	SimCSE_bm25_biencoder
416	Q0	2:256-256	8	0.5676196217536926	SimCSE_bm25_biencoder
416	Q0	10:24-25	9	0.5582940578460693	SimCSE_bm25_biencoder
417	Q0	3:84-85	0	0.7393251061439514	SimCSE_bm25_biencoder
417	Q0	68:42-47	1	0.7036575078964233	SimCSE_bm25_biencoder
417	Q0	26:52-68	2	0.5177876353263855	SimCSE_bm25_biencoder
417	Q0	25:45-55	3	0.5111632347106934	SimCSE_bm25_biencoder
417	Q0	3:18-20	4	0.49616020917892456	SimCSE_bm25_biencoder
417	Q0	22:23-24	5	0.48551616072654724	SimCSE_bm25_biencoder
417	Q0	35:12-14	6	0.45978206396102905	SimCSE_bm25_biencoder
417	Q0	5:96-100	7	0.4440760016441345	SimCSE_bm25_biencoder
417	Q0	18:109-110	8	0.44369325041770935	SimCSE_bm25_biencoder
417	Q0	6:125-127	9	0.4325329065322876	SimCSE_bm25_biencoder
418	Q0	16:56-62	0	0.4175563454627991	SimCSE_bm25_biencoder
418	Q0	18:60-77	1	0.33966511487960815	SimCSE_bm25_biencoder
418	Q0	5:3-3	2	0.29282739758491516	SimCSE_bm25_biencoder
418	Q0	7:163-163	3	0.28984957933425903	SimCSE_bm25_biencoder
418	Q0	3:95-97	4	0.2636192739009857	SimCSE_bm25_biencoder
418	Q0	7:138-140	5	0.2612033784389496	SimCSE_bm25_biencoder
418	Q0	24:39-40	6	0.25839775800704956	SimCSE_bm25_biencoder
418	Q0	6:125-127	7	0.24483060836791992	SimCSE_bm25_biencoder
418	Q0	8:30-37	8	0.2273634970188141	SimCSE_bm25_biencoder
418	Q0	2:49-52	9	0.2183663249015808	SimCSE_bm25_biencoder
421	Q0	16:65-69	0	0.6819714307785034	SimCSE_bm25_biencoder
421	Q0	6:141-142	1	0.35651808977127075	SimCSE_bm25_biencoder
421	Q0	11:41-44	2	0.3290325999259949	SimCSE_bm25_biencoder
421	Q0	35:27-28	3	0.32865920662879944	SimCSE_bm25_biencoder
421	Q0	16:10-13	4	0.3195941746234894	SimCSE_bm25_biencoder
421	Q0	39:21-26	5	0.21663250029087067	SimCSE_bm25_biencoder
421	Q0	51:7-14	6	0.2065635770559311	SimCSE_bm25_biencoder
422	Q0	12:1-3	0	0.9224448204040527	SimCSE_bm25_biencoder
422	Q0	5:14-14	1	0.8857210874557495	SimCSE_bm25_biencoder
422	Q0	20:9-16	2	0.5670872330665588	SimCSE_bm25_biencoder
422	Q0	28:57-59	3	0.5210084915161133	SimCSE_bm25_biencoder
422	Q0	52:29-31	4	0.4507727026939392	SimCSE_bm25_biencoder
422	Q0	15:1-9	5	0.35102254152297974	SimCSE_bm25_biencoder
422	Q0	54:23-32	6	0.3375651240348816	SimCSE_bm25_biencoder
422	Q0	15:90-99	7	0.3090474009513855	SimCSE_bm25_biencoder
422	Q0	68:48-52	8	0.27516043186187744	SimCSE_bm25_biencoder
422	Q0	7:96-102	9	0.23394832015037537	SimCSE_bm25_biencoder
423	Q0	48:1-4	0	0.7305542230606079	SimCSE_bm25_biencoder
423	Q0	39:27-31	1	0.7085151672363281	SimCSE_bm25_biencoder
423	Q0	12:108-111	2	0.5928660035133362	SimCSE_bm25_biencoder
423	Q0	17:88-89	3	0.5564924478530884	SimCSE_bm25_biencoder
423	Q0	18:57-59	4	0.5451846122741699	SimCSE_bm25_biencoder
423	Q0	9:32-33	5	0.48800650238990784	SimCSE_bm25_biencoder
423	Q0	27:1-6	6	0.48143619298934937	SimCSE_bm25_biencoder
423	Q0	54:18-22	7	0.4066292643547058	SimCSE_bm25_biencoder
423	Q0	54:23-32	8	0.4046735167503357	SimCSE_bm25_biencoder
423	Q0	7:96-102	9	0.3954097032546997	SimCSE_bm25_biencoder
425	Q0	3:137-144	0	0.6003761291503906	SimCSE_bm25_biencoder
425	Q0	3:181-184	1	0.5207700729370117	SimCSE_bm25_biencoder
425	Q0	5:20-26	2	0.37699902057647705	SimCSE_bm25_biencoder
425	Q0	48:27-29	3	0.3218420743942261	SimCSE_bm25_biencoder
425	Q0	3:110-115	4	0.30752986669540405	SimCSE_bm25_biencoder
425	Q0	2:91-93	5	0.2965928912162781	SimCSE_bm25_biencoder
425	Q0	3:33-41	6	0.21821221709251404	SimCSE_bm25_biencoder
425	Q0	47:1-6	7	0.1927359402179718	SimCSE_bm25_biencoder
425	Q0	33:36-40	8	0.14752866327762604	SimCSE_bm25_biencoder
425	Q0	12:23-29	9	0.14032599329948425	SimCSE_bm25_biencoder
426	Q0	28:57-59	0	0.8530034422874451	SimCSE_bm25_biencoder
426	Q0	10:11-14	1	0.596116304397583	SimCSE_bm25_biencoder
426	Q0	6:91-92	2	0.5504602193832397	SimCSE_bm25_biencoder
426	Q0	17:88-89	3	0.5465845465660095	SimCSE_bm25_biencoder
426	Q0	3:110-115	4	0.5402227640151978	SimCSE_bm25_biencoder
426	Q0	59:1-5	5	0.5270707607269287	SimCSE_bm25_biencoder
426	Q0	17:12-17	6	0.48264914751052856	SimCSE_bm25_biencoder
426	Q0	4:101-103	7	0.4802664518356323	SimCSE_bm25_biencoder
426	Q0	7:96-102	8	0.4648791253566742	SimCSE_bm25_biencoder
426	Q0	42:7-12	9	0.4616054892539978	SimCSE_bm25_biencoder
427	Q0	11:116-117	0	0.6216210126876831	SimCSE_bm25_biencoder
427	Q0	4:140-143	1	0.6027718782424927	SimCSE_bm25_biencoder
427	Q0	29:46-47	2	0.6013937592506409	SimCSE_bm25_biencoder
427	Q0	18:1-6	3	0.5653629899024963	SimCSE_bm25_biencoder
427	Q0	12:108-111	4	0.5147234201431274	SimCSE_bm25_biencoder
427	Q0	3:121-129	5	0.5010500550270081	SimCSE_bm25_biencoder
427	Q0	3:69-74	6	0.49655067920684814	SimCSE_bm25_biencoder
427	Q0	46:26-28	7	0.4754510819911957	SimCSE_bm25_biencoder
427	Q0	84:6-15	8	0.46396762132644653	SimCSE_bm25_biencoder
427	Q0	6:91-92	9	0.4511690139770508	SimCSE_bm25_biencoder
