101	Q0	7:85-93	0	14.236550244547578	BM25
101	Q0	29:36-37	1	13.002848142501898	BM25
101	Q0	11:89-95	2	12.651978814311978	BM25
101	Q0	11:84-88	3	11.658893301315667	BM25
101	Q0	26:176-191	4	6.0806670838816155	BM25
101	Q0	7:59-64	5	4.09617260186472	BM25
101	Q0	20:83-85	6	4.0258908839068726	BM25
101	Q0	21:76-77	7	3.93314725121129	BM25
101	Q0	71:1-4	8	3.8798986622119083	BM25
101	Q0	61:5-5	9	3.87365616303018	BM25
101	Q0	11:25-31	10	3.8568982597359605	BM25
101	Q0	7:137-137	11	3.844580430695036	BM25
101	Q0	50:12-15	12	3.7599144751117226	BM25
101	Q0	22:42-46	13	3.747427588745982	BM25
101	Q0	5:20-26	14	3.69436545792586	BM25
102	Q0	23:45-50	0	9.312905250144949	BM25
102	Q0	10:79-86	1	9.20073676517107	BM25
102	Q0	37:114-122	2	9.077377608436294	BM25
102	Q0	61:5-5	3	9.020977744111498	BM25
102	Q0	5:20-26	4	8.868071837824113	BM25
102	Q0	7:142-143	5	8.77979171425499	BM25
102	Q0	10:74-78	6	8.665466294866993	BM25
102	Q0	7:127-129	7	8.611044010673229	BM25
102	Q0	7:138-140	8	8.123886812621693	BM25
102	Q0	2:53-57	9	8.080886444351666	BM25
102	Q0	27:7-14	10	8.046202401898663	BM25
102	Q0	28:20-21	11	8.024513636157435	BM25
102	Q0	14:5-8	12	7.947397954075798	BM25
102	Q0	20:77-79	13	7.931672064310706	BM25
102	Q0	7:159-162	14	7.780364162840652	BM25
103	Q0	5:94-95	0	8.353261040412745	BM25
103	Q0	5:96-100	1	7.566654295663184	BM25
103	Q0	7:26-27	2	6.874368315237718	BM25
103	Q0	27:76-78	3	6.291554057781167	BM25
103	Q0	2:122-123	4	6.214292927700163	BM25
103	Q0	31:16-19	5	6.125464971169846	BM25
103	Q0	7:137-137	6	5.993490325623863	BM25
103	Q0	2:211-212	7	5.658405119998313	BM25
103	Q0	31:12-13	8	5.658405119998313	BM25
103	Q0	20:80-82	9	5.534632600008947	BM25
103	Q0	5:70-71	10	5.474754931319345	BM25
103	Q0	24:30-31	11	5.464062080993637	BM25
103	Q0	26:10-22	12	5.464062080993637	BM25
103	Q0	2:40-48	13	5.292619401053335	BM25
103	Q0	7:172-174	14	5.247662844175036	BM25
105	Q0	7:157-158	0	11.68537498551715	BM25
105	Q0	65:1-3	1	11.039214655165155	BM25
105	Q0	60:12-13	2	10.846493468010085	BM25
105	Q0	33:4-6	3	9.655902927889386	BM25
105	Q0	49:1-5	4	9.561988066789064	BM25
105	Q0	2:240-242	5	8.47230171089002	BM25
105	Q0	2:231-232	6	8.152926760682236	BM25
105	Q0	16:125-128	7	7.807806018259894	BM25
105	Q0	103:1-3	8	7.671267796768607	BM25
105	Q0	2:233-233	9	7.50235393570056	BM25
105	Q0	16:41-42	10	7.473126593508854	BM25
105	Q0	66:9-9	11	7.440139340553002	BM25
105	Q0	16:110-111	12	7.284963251719785	BM25
105	Q0	33:59-59	13	6.885128258746147	BM25
105	Q0	2:234-237	14	6.85740974132851	BM25
106	Q0	38:45-48	0	10.3391827699524	BM25
106	Q0	21:83-86	1	9.761137758407472	BM25
106	Q0	3:33-41	2	9.705781183022012	BM25
106	Q0	3:42-44	3	9.304081814629061	BM25
106	Q0	4:85-87	4	8.868644028749046	BM25
106	Q0	4:171-172	5	7.328024267240854	BM25
106	Q0	33:7-8	6	7.299655728372279	BM25
106	Q0	5:112-115	7	7.111508914047866	BM25
106	Q0	5:15-17	8	6.9876340469498865	BM25
106	Q0	2:87-88	9	6.509926041073943	BM25
106	Q0	9:30-31	10	6.305280743732513	BM25
106	Q0	23:45-50	11	6.113109719315805	BM25
106	Q0	5:78-81	12	5.874391746120781	BM25
106	Q0	2:253-254	13	5.817597206282867	BM25
106	Q0	3:45-51	14	5.779551001530861	BM25
107	Q0	104:1-9	0	15.432927721399077	BM25
108	Q0	49:9-10	0	9.829542704539506	BM25
108	Q0	15:45-50	1	7.98094715592888	BM25
108	Q0	4:176-176	2	7.178296053350317	BM25
108	Q0	12:23-29	3	7.016081214268753	BM25
108	Q0	12:58-62	4	6.900692489413973	BM25
108	Q0	12:4-6	5	6.582489776680995	BM25
108	Q0	7:142-143	6	6.561176997448534	BM25
108	Q0	37:114-122	7	6.213761460641556	BM25
108	Q0	26:52-68	8	6.183303346766205	BM25
108	Q0	40:23-27	9	6.076577104839182	BM25
108	Q0	2:53-57	10	5.936577057255096	BM25
108	Q0	28:36-43	11	5.886655285972625	BM25
108	Q0	14:5-8	12	5.855631290080358	BM25
108	Q0	23:45-50	13	5.833912195400734	BM25
108	Q0	28:29-32	14	5.576816492952226	BM25
109	Q0	101:1-5	0	16.622803682308714	BM25
109	Q0	69:1-8	1	10.210871422734535	BM25
111	Q0	7:159-162	0	8.188423420036605	BM25
112	Q0	27:20-28	0	7.11969135032512	BM25
112	Q0	2:247-248	1	6.976892901224021	BM25
112	Q0	6:8-11	2	6.959998335454991	BM25
112	Q0	25:45-55	3	6.769785970906119	BM25
112	Q0	3:26-27	4	6.710178552028762	BM25
112	Q0	25:1-2	5	6.648165698023238	BM25
112	Q0	20:114-114	6	5.707107526203772	BM25
112	Q0	4:51-55	7	5.513712571493161	BM25
112	Q0	114:1-6	8	5.4915615139738705	BM25
112	Q0	11:12-12	9	5.3566872858952825	BM25
112	Q0	2:102-103	10	5.28011806218569	BM25
112	Q0	57:1-6	11	5.28011806218569	BM25
112	Q0	33:49-52	12	5.2340605314624815	BM25
112	Q0	38:17-20	13	5.046809771778393	BM25
112	Q0	85:1-9	14	4.719209486129622	BM25
115	Q0	54:23-32	0	15.73839158807738	BM25
115	Q0	7:73-79	1	11.43022241273254	BM25
115	Q0	91:11-15	2	10.089145312437994	BM25
115	Q0	17:59-60	3	9.080788371186202	BM25
115	Q0	26:141-159	4	5.909900602309424	BM25
115	Q0	11:61-68	5	5.150516516448909	BM25
116	Q0	2:275-276	0	13.114447203156166	BM25
116	Q0	3:130-132	1	10.017723727761389	BM25
116	Q0	6:164-165	2	8.54811559743647	BM25
116	Q0	30:38-41	3	7.523278264417601	BM25
116	Q0	2:277-281	4	6.946695114262621	BM25
116	Q0	4:153-161	5	4.546374668403136	BM25
119	Q0	7:19-25	0	12.434698173979323	BM25
119	Q0	17:59-60	1	10.38978055436128	BM25
119	Q0	48:18-23	2	7.370971253321912	BM25
119	Q0	2:34-39	3	7.015550547767673	BM25
119	Q0	28:29-32	4	6.542352233672699	BM25
120	Q0	5:110-111	0	10.093582716890786	BM25
120	Q0	27:15-19	1	9.239965792314985	BM25
120	Q0	105:1-5	2	8.925095558632227	BM25
120	Q0	66:9-9	3	7.440139340553002	BM25
120	Q0	8:62-66	4	7.4049231860437725	BM25
120	Q0	12:36-42	5	7.152952311445936	BM25
120	Q0	56:11-26	6	6.959447637806583	BM25
120	Q0	2:260-260	7	6.945322504737634	BM25
120	Q0	33:7-8	8	6.718079043363924	BM25
120	Q0	33:49-52	9	6.617936645591495	BM25
120	Q0	3:62-68	10	6.300492146430079	BM25
120	Q0	16:77-79	11	6.06543652972645	BM25
120	Q0	7:157-158	12	5.999906309447391	BM25
120	Q0	33:59-59	13	5.916939653091483	BM25
120	Q0	3:45-51	14	5.8225272512392	BM25
121	Q0	4:11-12	0	11.731487103855295	BM25
121	Q0	4:12-14	1	11.249858472472011	BM25
121	Q0	25:1-2	2	11.12511824816962	BM25
121	Q0	4:176-176	3	10.478671366162242	BM25
121	Q0	19:12-15	4	10.370295805173637	BM25
121	Q0	17:105-111	5	7.589382381734912	BM25
121	Q0	2:233-233	6	6.877960975510461	BM25
121	Q0	71:21-24	7	6.5811254280001625	BM25
121	Q0	4:127-127	8	6.201521727233758	BM25
121	Q0	37:149-157	9	5.8074921691632975	BM25
121	Q0	2:116-119	10	5.761890347593339	BM25
121	Q0	21:25-29	11	5.515459788687476	BM25
121	Q0	73:15-19	12	5.505695296650087	BM25
121	Q0	7:157-158	13	5.355271259674708	BM25
121	Q0	62:1-4	14	5.059354991417617	BM25
122	Q0	2:116-119	0	10.637738565413768	BM25
122	Q0	42:51-53	1	10.497301941421451	BM25
122	Q0	21:89-90	2	10.099939365679823	BM25
122	Q0	3:33-41	3	9.999752119107283	BM25
122	Q0	7:148-149	4	8.922080269890118	BM25
122	Q0	19:1-11	5	8.428952106980176	BM25
122	Q0	3:45-51	6	7.785293595705422	BM25
122	Q0	2:174-176	7	7.454121209303079	BM25
122	Q0	45:16-20	8	6.556045018438065	BM25
122	Q0	3:75-77	9	6.5163108167888915	BM25
122	Q0	6:84-90	10	6.380663216223019	BM25
122	Q0	4:114-115	11	6.265216572865521	BM25
122	Q0	10:24-25	12	6.1744745993626164	BM25
122	Q0	12:67-68	13	5.886658129332174	BM25
122	Q0	66:6-7	14	5.8856161809110334	BM25
123	Q0	9:36-37	0	10.251223313936439	BM25
123	Q0	65:1-3	1	6.605552224485115	BM25
123	Q0	2:183-186	2	6.308522917470641	BM25
123	Q0	33:49-52	3	5.522194103728036	BM25
123	Q0	9:42-49	4	5.48620303194603	BM25
125	Q0	9:1-6	0	11.588415972884958	BM25
125	Q0	2:226-227	1	10.336937435411604	BM25
125	Q0	9:36-37	2	8.00277969138739	BM25
125	Q0	6:138-140	3	7.093113479120902	BM25
125	Q0	6:148-150	4	7.093113479120902	BM25
125	Q0	6:143-144	5	6.962746480406357	BM25
125	Q0	17:12-17	6	6.834960767443619	BM25
125	Q0	10:3-6	7	6.78411763599793	BM25
125	Q0	6:145-147	8	6.6764265244450804	BM25
125	Q0	7:31-34	9	6.6764265244450804	BM25
125	Q0	6:151-153	10	6.523144927981106	BM25
125	Q0	16:114-119	11	6.523144927981106	BM25
125	Q0	5:96-100	12	6.449113527082051	BM25
125	Q0	2:172-173	13	6.283727568965758	BM25
125	Q0	65:4-7	14	6.215361664367619	BM25
127	Q0	2:275-276	0	16.17345762248572	BM25
127	Q0	7:19-25	1	12.434698173979323	BM25
127	Q0	4:7-10	2	11.794625409330017	BM25
127	Q0	2:174-176	3	11.396486272363457	BM25
127	Q0	28:29-32	4	11.01828817403431	BM25
127	Q0	2:34-39	5	9.78555172499261	BM25
127	Q0	25:7-10	6	8.954651165043654	BM25
127	Q0	83:29-36	7	8.61818879232175	BM25
127	Q0	12:43-49	8	8.559463229568486	BM25
127	Q0	5:89-89	9	8.558845678966712	BM25
127	Q0	47:12-15	10	8.455280132307594	BM25
127	Q0	66:9-9	11	8.349668742788436	BM25
127	Q0	60:10-11	12	7.432859796556382	BM25
127	Q0	48:18-23	13	7.370971253321912	BM25
127	Q0	9:122-123	14	6.949224102565578	BM25
128	Q0	12:36-42	0	14.273229927652176	BM25
128	Q0	12:97-101	1	11.223706030553622	BM25
128	Q0	12:33-35	2	10.197707375176666	BM25
128	Q0	66:9-9	3	7.440139340553002	BM25
128	Q0	33:9-17	4	6.93913080383359	BM25
128	Q0	33:59-59	5	6.885128258746147	BM25
128	Q0	33:28-31	6	6.785505394891363	BM25
128	Q0	33:7-8	7	6.718079043363924	BM25
128	Q0	4:22-24	8	6.673542515679677	BM25
128	Q0	7:157-158	9	6.663042826354258	BM25
128	Q0	3:21-22	10	6.637557753626942	BM25
128	Q0	33:1-3	11	6.333891705127535	BM25
128	Q0	71:25-28	12	6.305436287961559	BM25
128	Q0	3:95-97	13	6.177319111254155	BM25
128	Q0	12:67-68	14	6.1151932520202115	BM25
129	Q0	7:142-143	0	18.974323956564795	BM25
129	Q0	11:41-44	1	11.190395724680476	BM25
129	Q0	2:260-260	2	8.731095414821906	BM25
129	Q0	18:78-82	3	8.593015338717857	BM25
129	Q0	59:21-24	4	7.593306328296201	BM25
129	Q0	37:75-82	5	7.480751562902827	BM25
129	Q0	11:45-48	6	7.17590047912959	BM25
129	Q0	11:49-49	7	6.754902562073581	BM25
129	Q0	36:59-68	8	6.6090188365985245	BM25
129	Q0	26:105-122	9	6.50417275493918	BM25
129	Q0	21:76-77	10	6.257195889852508	BM25
129	Q0	11:36-37	11	6.181288831580578	BM25
129	Q0	29:14-15	12	6.181288831580578	BM25
129	Q0	33:7-8	13	6.181288831580578	BM25
129	Q0	7:167-171	14	5.979276288712281	BM25
132	Q0	2:233-233	0	12.265576188233473	BM25
132	Q0	31:33-34	1	9.14554750681622	BM25
132	Q0	69:1-8	2	8.012365842787272	BM25
132	Q0	5:18-19	3	7.245135462363354	BM25
132	Q0	18:47-49	4	7.245135462363354	BM25
132	Q0	5:51-53	5	6.851493386086152	BM25
132	Q0	2:261-264	6	5.8009113350485615	BM25
132	Q0	24:41-45	7	5.5867486157470205	BM25
132	Q0	57:18-21	8	5.465676858106128	BM25
132	Q0	30:46-53	9	4.963687059718012	BM25
132	Q0	39:21-26	10	4.963687059718012	BM25
133	Q0	106:1-4	0	12.782799796327412	BM25
133	Q0	12:69-76	1	11.780441207406662	BM25
133	Q0	41:47-48	2	10.331987490538694	BM25
133	Q0	7:35-37	3	8.199431289866425	BM25
133	Q0	6:22-26	4	7.780495664869842	BM25
133	Q0	28:60-67	5	7.624330433593776	BM25
133	Q0	3:110-115	6	7.136112821923786	BM25
133	Q0	28:68-75	7	6.414847937357925	BM25
133	Q0	58:7-10	8	6.1972956604850244	BM25
133	Q0	26:90-104	9	6.196782795268005	BM25
133	Q0	75:1-15	10	6.034325665103576	BM25
133	Q0	57:1-6	11	5.930671885785769	BM25
133	Q0	2:146-150	12	5.733692495033526	BM25
133	Q0	40:69-77	13	5.594336160319893	BM25
133	Q0	16:24-29	14	5.335003609990002	BM25
136	Q0	4:34-35	0	7.6254139901945885	BM25
136	Q0	27:76-78	1	7.405549492693479	BM25
136	Q0	21:74-75	2	7.314608348832738	BM25
136	Q0	18:25-26	3	7.139266053999008	BM25
136	Q0	19:12-15	4	6.735609052797811	BM25
136	Q0	13:36-37	5	6.514605972835885	BM25
136	Q0	5:41-43	6	6.431540093326101	BM25
136	Q0	6:60-62	7	6.051320784833834	BM25
136	Q0	12:67-68	8	5.99046210220999	BM25
136	Q0	3:81-83	9	5.930815353650068	BM25
136	Q0	54:1-8	10	5.54437947917052	BM25
136	Q0	4:58-59	11	5.443049655763356	BM25
136	Q0	6:114-117	12	5.393761104870486	BM25
136	Q0	21:78-82	13	5.345357190413944	BM25
136	Q0	28:85-88	14	5.297814307890978	BM25
137	Q0	21:89-90	0	10.099939365679823	BM25
137	Q0	3:33-41	1	9.156279433893532	BM25
137	Q0	6:84-90	2	6.797052591857323	BM25
137	Q0	19:1-11	3	6.128954735065783	BM25
138	Q0	37:139-148	0	17.637780788006978	BM25
138	Q0	18:25-26	1	10.286442916106324	BM25
138	Q0	2:259-259	2	9.66829835954238	BM25
138	Q0	68:48-52	3	9.457458233124933	BM25
138	Q0	18:17-20	4	8.68098395941488	BM25
138	Q0	30:55-60	5	8.332839442096951	BM25
138	Q0	29:14-15	6	8.250037509337819	BM25
138	Q0	34:14-14	7	8.250037509337819	BM25
138	Q0	23:99-114	8	7.727465200743352	BM25
138	Q0	20:102-113	9	7.150108635113679	BM25
138	Q0	7:31-34	10	6.9319341067304885	BM25
138	Q0	6:151-153	11	6.7108767779981635	BM25
138	Q0	18:60-77	12	6.651472240131669	BM25
138	Q0	17:49-52	13	6.389692114262834	BM25
138	Q0	24:41-45	14	6.215361664367619	BM25
139	Q0	4:92-93	0	17.081558946271542	BM25
139	Q0	3:156-158	1	8.17188129106615	BM25
139	Q0	17:31-35	2	7.828237019317092	BM25
139	Q0	74:11-26	3	7.289444940266639	BM25
139	Q0	80:17-23	4	6.858060076254415	BM25
139	Q0	4:153-161	5	6.856264430176933	BM25
139	Q0	5:94-95	6	6.801192885354498	BM25
139	Q0	3:181-184	7	6.639477685558739	BM25
139	Q0	51:7-14	8	6.536961033260083	BM25
139	Q0	5:32-34	9	6.485274233878901	BM25
139	Q0	33:60-62	10	6.387429142175596	BM25
139	Q0	5:27-31	11	6.129383265858973	BM25
139	Q0	85:1-9	12	6.041909941901241	BM25
139	Q0	28:33-35	13	5.97724378447586	BM25
139	Q0	2:178-179	14	5.8519771456191885	BM25
140	Q0	104:1-9	0	10.551661979108683	BM25
140	Q0	31:10-11	1	10.313023878219312	BM25
140	Q0	3:156-158	2	8.17188129106615	BM25
140	Q0	17:31-35	3	7.828237019317092	BM25
140	Q0	74:11-26	4	7.289444940266639	BM25
140	Q0	13:1-4	5	7.270890522683016	BM25
140	Q0	80:17-23	6	6.858060076254415	BM25
140	Q0	4:153-161	7	6.856264430176933	BM25
140	Q0	5:94-95	8	6.801192885354498	BM25
140	Q0	3:181-184	9	6.639477685558739	BM25
140	Q0	51:7-14	10	6.536961033260083	BM25
140	Q0	5:32-34	11	6.485274233878901	BM25
140	Q0	33:60-62	12	6.387429142175596	BM25
140	Q0	5:27-31	13	6.129383265858973	BM25
140	Q0	85:1-9	14	6.041909941901241	BM25
142	Q0	69:13-18	0	13.373152211712757	BM25
142	Q0	10:3-6	1	11.35613033849673	BM25
142	Q0	22:1-2	2	9.05780759872228	BM25
142	Q0	85:12-16	3	8.041444119899488	BM25
142	Q0	65:4-7	4	8.001251696837448	BM25
142	Q0	9:128-129	5	7.547694042827284	BM25
142	Q0	69:9-12	6	7.360750343257747	BM25
142	Q0	27:38-44	7	7.2303157245509535	BM25
142	Q0	17:12-17	8	6.834960767443619	BM25
142	Q0	33:72-73	9	6.797216078943255	BM25
142	Q0	7:189-195	10	6.746972255146077	BM25
142	Q0	27:20-28	11	6.672509657293846	BM25
142	Q0	31:14-15	12	6.651715782102697	BM25
142	Q0	21:21-24	13	6.649473345047321	BM25
142	Q0	81:15-25	14	6.649473345047321	BM25
143	Q0	44:51-59	0	16.92983480376122	BM25
143	Q0	56:11-26	1	15.957157031537685	BM25
143	Q0	52:17-28	2	13.077082535201118	BM25
143	Q0	15:87-89	3	9.625856580389557	BM25
143	Q0	6:138-140	4	9.364157351298795	BM25
143	Q0	37:40-49	5	8.87242665244242	BM25
143	Q0	3:10-13	6	6.934070063263499	BM25
143	Q0	20:128-132	7	6.873999631568483	BM25
143	Q0	55:46-78	8	4.759037336684076	BM25
144	Q0	12:93-96	0	14.147382592980925	BM25
144	Q0	12:97-101	1	13.283296825314231	BM25
144	Q0	12:4-6	2	13.234078640299476	BM25
144	Q0	12:23-29	3	11.82591814060861	BM25
144	Q0	12:7-10	4	9.865068295929788	BM25
144	Q0	12:88-92	5	9.095846445353365	BM25
144	Q0	18:78-82	6	9.093474940766589	BM25
144	Q0	12:81-87	7	8.193855575975572	BM25
144	Q0	7:26-27	8	7.863015009796033	BM25
144	Q0	12:67-68	9	7.7839359538406745	BM25
144	Q0	12:80-80	10	7.560442321355154	BM25
144	Q0	40:34-35	11	7.000008255220249	BM25
144	Q0	36:55-58	12	6.9462181102916665	BM25
144	Q0	12:16-18	13	6.9266577664566995	BM25
144	Q0	97:1-5	14	6.609155315935145	BM25
145	Q0	28:76-80	0	10.58144055187841	BM25
146	Q0	83:29-36	0	8.61818879232175	BM25
146	Q0	5:89-89	1	8.558845678966712	BM25
146	Q0	66:9-9	2	8.349668742788436	BM25
146	Q0	60:10-11	3	7.432859796556382	BM25
146	Q0	9:122-123	4	6.949224102565578	BM25
146	Q0	48:27-29	5	6.93519706295511	BM25
146	Q0	4:17-18	6	6.5123140597205555	BM25
146	Q0	2:109-110	7	6.378635354261704	BM25
146	Q0	2:159-162	8	6.313833117309894	BM25
146	Q0	2:275-276	9	6.067276861319034	BM25
146	Q0	9:73-74	10	5.894636931049053	BM25
146	Q0	60:12-13	11	5.894636931049053	BM25
146	Q0	14:31-34	12	5.527638777695167	BM25
146	Q0	5:94-95	13	5.383979579878823	BM25
146	Q0	3:86-91	14	5.203660584064149	BM25
147	Q0	3:86-91	0	10.294810663132942	BM25
147	Q0	83:29-36	1	8.61818879232175	BM25
147	Q0	5:89-89	2	8.558845678966712	BM25
147	Q0	66:9-9	3	8.349668742788436	BM25
147	Q0	70:36-39	4	7.6549171996722425	BM25
147	Q0	60:10-11	5	7.432859796556382	BM25
147	Q0	24:19-20	6	7.201600505391522	BM25
147	Q0	20:77-79	7	7.034959150899932	BM25
147	Q0	9:122-123	8	6.949224102565578	BM25
147	Q0	48:27-29	9	6.93519706295511	BM25
147	Q0	50:16-19	10	6.875855372279186	BM25
147	Q0	15:45-50	11	6.798972044331813	BM25
147	Q0	11:100-102	12	6.650250649271212	BM25
147	Q0	18:17-20	13	6.530199976433704	BM25
147	Q0	4:17-18	14	6.5123140597205555	BM25
149	Q0	23:78-92	0	11.134673641538402	BM25
149	Q0	19:34-40	1	10.452884038341494	BM25
149	Q0	17:105-111	2	8.889476202521074	BM25
149	Q0	2:116-119	3	8.860823136551579	BM25
149	Q0	10:65-70	4	7.6049487333112955	BM25
149	Q0	6:100-105	5	7.5587065035265635	BM25
149	Q0	4:11-12	6	7.526800864971543	BM25
149	Q0	4:12-14	7	7.375076659719264	BM25
149	Q0	25:1-2	8	7.299655728372279	BM25
149	Q0	4:171-172	9	7.204717856498942	BM25
149	Q0	10:18-20	10	7.033676844541293	BM25
149	Q0	19:12-15	11	6.8043851301630305	BM25
149	Q0	41:25-29	12	6.652687307931733	BM25
149	Q0	4:176-176	13	6.585665686625404	BM25
149	Q0	71:21-24	14	6.5811254280001625	BM25
151	Q0	57:1-6	0	9.911503443613412	BM25
151	Q0	50:12-15	1	9.374410625158086	BM25
151	Q0	4:92-93	2	8.995332962853254	BM25
151	Q0	3:62-68	3	8.750652578660915	BM25
151	Q0	44:34-39	4	8.588562864806915	BM25
151	Q0	72:14-17	5	8.366768547842343	BM25
151	Q0	33:35-35	6	8.185733009870239	BM25
151	Q0	28:68-75	7	8.102229632984976	BM25
151	Q0	16:24-29	8	8.086472869136017	BM25
151	Q0	68:34-41	9	7.92840723455527	BM25
151	Q0	41:47-48	10	7.808478424768584	BM25
151	Q0	6:109-111	11	7.700917268572336	BM25
151	Q0	22:77-78	12	7.533693350441289	BM25
151	Q0	2:124-129	13	7.13036901324265	BM25
151	Q0	35:1-4	14	7.039510159143837	BM25
152	Q0	17:49-52	0	13.195064294880192	BM25
152	Q0	3:78-80	1	8.143471163496152	BM25
152	Q0	86:5-10	2	7.674028941462105	BM25
152	Q0	21:69-73	3	7.452338132621662	BM25
152	Q0	37:11-21	4	7.321250820338895	BM25
152	Q0	2:63-66	5	7.252682687678332	BM25
152	Q0	23:12-16	6	7.0040983351250246	BM25
152	Q0	76:27-28	7	6.949165817965795	BM25
152	Q0	7:164-166	8	6.876632327981371	BM25
152	Q0	54:47-50	9	6.532710615037299	BM25
152	Q0	15:26-44	10	6.436951425263716	BM25
152	Q0	21:104-106	11	6.163348504613623	BM25
152	Q0	7:11-18	12	6.159554735910152	BM25
152	Q0	5:7-8	13	6.060960902706922	BM25
152	Q0	18:50-53	14	6.052679146046769	BM25
153	Q0	97:1-5	0	9.643260175826136	BM25
153	Q0	34:10-13	1	8.716102969912278	BM25
153	Q0	74:11-26	2	8.593110884632472	BM25
153	Q0	2:234-237	3	8.14152609662236	BM25
153	Q0	77:20-28	4	8.137188078077633	BM25
153	Q0	87:1-5	5	7.570901008067214	BM25
153	Q0	22:73-76	6	7.504052410002293	BM25
153	Q0	6:91-92	7	7.360869380794083	BM25
153	Q0	25:1-2	8	7.019838039184586	BM25
153	Q0	54:47-50	9	6.935699938246607	BM25
153	Q0	56:57-62	10	6.935699938246607	BM25
153	Q0	39:60-67	11	6.4935555222951304	BM25
153	Q0	57:28-29	12	6.441511901908587	BM25
153	Q0	4:113-113	13	6.2393428007250895	BM25
153	Q0	89:15-20	14	6.127791279706434	BM25
154	Q0	6:91-92	0	12.518625348255513	BM25
154	Q0	6:154-158	1	11.063154649399324	BM25
154	Q0	3:84-85	2	10.013293569655502	BM25
154	Q0	21:48-50	3	9.659422899381703	BM25
154	Q0	37:114-122	4	9.28878661731213	BM25
154	Q0	42:13-15	5	9.283897542517423	BM25
154	Q0	29:46-47	6	9.262588765380883	BM25
154	Q0	46:29-32	7	9.11301508846536	BM25
154	Q0	41:45-46	8	8.758414630459656	BM25
154	Q0	7:1-3	9	8.63198703067756	BM25
154	Q0	23:45-50	10	8.627777436209392	BM25
154	Q0	17:101-104	11	8.54075697629765	BM25
154	Q0	39:41-41	12	8.363079858920074	BM25
154	Q0	4:105-105	13	8.252211222783018	BM25
154	Q0	2:53-57	14	8.239191991901514	BM25
155	Q0	3:84-85	0	12.055957623822714	BM25
155	Q0	5:44-47	1	11.525498777731633	BM25
155	Q0	3:52-53	2	11.055177729576625	BM25
155	Q0	42:13-15	3	10.696470413962471	BM25
155	Q0	5:112-115	4	10.071450746254179	BM25
155	Q0	2:135-138	5	9.644296482529974	BM25
155	Q0	2:87-88	6	9.553525016610573	BM25
155	Q0	4:163-166	7	9.499250444704845	BM25
155	Q0	5:78-81	8	9.328351454840194	BM25
155	Q0	29:46-47	9	9.262588765380883	BM25
155	Q0	7:1-3	10	8.63198703067756	BM25
155	Q0	6:91-92	11	8.558062699644879	BM25
155	Q0	39:41-41	12	8.363079858920074	BM25
155	Q0	4:105-105	13	8.252211222783018	BM25
155	Q0	6:154-158	14	8.089768850869511	BM25
159	Q0	17:88-89	0	7.159944508269775	BM25
159	Q0	11:116-117	1	6.998716494247424	BM25
159	Q0	7:96-102	2	6.664512266057103	BM25
159	Q0	11:100-102	3	6.649345739213322	BM25
159	Q0	27:1-6	4	6.555842084413656	BM25
159	Q0	25:30-34	5	6.125178245646904	BM25
159	Q0	28:57-59	6	6.006799344907525	BM25
159	Q0	17:45-48	7	5.968350030319864	BM25
159	Q0	27:76-78	8	5.796263861357184	BM25
159	Q0	12:1-3	9	5.655633027217229	BM25
159	Q0	76:23-26	10	5.5216646092140795	BM25
159	Q0	7:204-206	11	5.4570325849229375	BM25
159	Q0	54:18-22	12	5.4570325849229375	BM25
159	Q0	5:101-102	13	5.393896112636292	BM25
159	Q0	17:9-11	14	5.332203876600923	BM25
160	Q0	5:72-73	0	10.289828891664738	BM25
160	Q0	4:171-172	1	9.663265397559213	BM25
160	Q0	5:15-17	2	9.214402113616549	BM25
160	Q0	9:30-31	3	8.31460145474491	BM25
160	Q0	5:74-77	4	6.934070063263499	BM25
160	Q0	3:45-51	5	4.976919042804582	BM25
160	Q0	4:153-161	6	4.422178549276581	BM25
163	Q0	3:92-94	0	15.930904139872808	BM25
163	Q0	17:101-104	1	14.084036294113343	BM25
163	Q0	32:23-27	2	11.73372832834226	BM25
163	Q0	17:2-8	3	11.31529202936568	BM25
163	Q0	43:57-66	4	9.914308328785667	BM25
163	Q0	20:83-85	5	8.804047234892963	BM25
163	Q0	2:91-93	6	8.619326304313027	BM25
163	Q0	11:15-17	7	8.138276558217937	BM25
163	Q0	20:56-69	8	7.822096106147564	BM25
163	Q0	20:86-94	9	7.727607228743203	BM25
163	Q0	10:90-93	10	7.627553832496981	BM25
163	Q0	21:78-82	11	7.554009758574976	BM25
163	Q0	7:148-149	12	7.552273266754954	BM25
163	Q0	38:12-16	13	7.312346759309319	BM25
163	Q0	2:49-52	14	7.160689186657542	BM25
164	Q0	48:8-9	0	12.615556440970865	BM25
164	Q0	17:40-44	1	9.14554750681622	BM25
164	Q0	18:60-77	2	-0.345441433268003	BM25
164	Q0	19:16-33	3	-0.36831485097830435	BM25
164	Q0	38:65-88	4	-0.42686330296617575	BM25
164	Q0	20:56-69	5	-0.46789987760452767	BM25
164	Q0	30:17-27	6	-0.4764887511077497	BM25
164	Q0	28:22-28	7	-0.4794222111084423	BM25
164	Q0	27:38-44	8	-0.4946485055601978	BM25
164	Q0	12:50-57	9	-0.4978105660926026	BM25
164	Q0	17:22-30	10	-0.517665761719947	BM25
164	Q0	29:28-35	11	-0.5211299769402865	BM25
164	Q0	4:2-6	12	-0.5246408695274076	BM25
164	Q0	11:89-95	13	-0.5281993892872159	BM25
164	Q0	11:77-83	14	-0.535463240166774	BM25
201	Q0	2:180-182	0	9.896472563692907	BM25
201	Q0	5:106-108	1	7.11969135032512	BM25
201	Q0	6:59-59	2	0.9897040007566533	BM25
201	Q0	17:59-60	3	0.9624877267018669	BM25
201	Q0	2:255-255	4	0.9425803593666772	BM25
201	Q0	37:158-166	5	0.9425803593666772	BM25
201	Q0	29:46-47	6	0.9376199462785508	BM25
201	Q0	81:26-29	7	0.9335955265309034	BM25
201	Q0	74:27-31	8	0.9250098115259288	BM25
201	Q0	11:103-108	9	0.9178617629141074	BM25
201	Q0	21:25-29	10	0.9043069743430804	BM25
201	Q0	9:7-11	11	0.9004658032849187	BM25
201	Q0	11:1-5	12	0.9004658032849187	BM25
201	Q0	45:23-26	13	0.9004658032849187	BM25
201	Q0	2:246-246	14	0.8952193998906408	BM25
202	Q0	2:180-182	0	9.896472563692907	BM25
202	Q0	9:124-127	1	9.62467155094073	BM25
202	Q0	47:20-24	2	9.385885112402063	BM25
202	Q0	11:13-14	3	9.124389216918697	BM25
202	Q0	9:86-87	4	8.856440799141456	BM25
202	Q0	2:23-24	5	8.753974042644854	BM25
202	Q0	24:1-3	6	8.020315218826738	BM25
202	Q0	5:106-108	7	7.11969135032512	BM25
202	Q0	9:62-66	8	6.1298881794619104	BM25
202	Q0	57:12-15	9	5.984437533016154	BM25
202	Q0	10:37-44	10	5.670487669066858	BM25
202	Q0	6:59-59	11	0.9897040007566533	BM25
202	Q0	17:59-60	12	0.9624877267018669	BM25
202	Q0	2:255-255	13	0.9425803593666772	BM25
202	Q0	37:158-166	14	0.9425803593666772	BM25
204	Q0	11:69-76	0	12.959151840850158	BM25
204	Q0	21:69-73	1	10.83153996313581	BM25
204	Q0	37:99-113	2	9.987144496095556	BM25
204	Q0	51:24-37	3	9.90567665515303	BM25
204	Q0	15:51-60	4	9.09384507507339	BM25
204	Q0	19:41-50	5	8.964251990592286	BM25
204	Q0	7:141-141	6	8.782763129908279	BM25
204	Q0	33:53-55	7	8.718078925805736	BM25
204	Q0	2:258-258	8	8.145022001096532	BM25
204	Q0	3:33-41	9	7.941490624237494	BM25
204	Q0	2:124-129	10	7.4203042807619	BM25
204	Q0	24:30-31	11	7.343118575526206	BM25
204	Q0	3:59-61	12	7.278741921648402	BM25
204	Q0	3:95-97	13	7.229641823129866	BM25
204	Q0	2:130-134	14	7.1911887441781905	BM25
205	Q0	93:6-11	0	12.50678080453135	BM25
208	Q0	18:83-89	0	9.546999108150443	BM25
208	Q0	19:96-98	1	9.180381778643195	BM25
208	Q0	6:4-7	2	7.385875298938312	BM25
208	Q0	19:73-76	3	7.120750263397764	BM25
208	Q0	38:1-11	4	6.376813769271726	BM25
208	Q0	50:36-45	5	6.178209145968113	BM25
208	Q0	18:90-98	6	5.532098639528893	BM25
209	Q0	18:83-89	0	9.546999108150443	BM25
209	Q0	19:96-98	1	9.180381778643195	BM25
209	Q0	6:4-7	2	7.385875298938312	BM25
209	Q0	19:73-76	3	7.120750263397764	BM25
209	Q0	38:1-11	4	6.376813769271726	BM25
209	Q0	50:36-45	5	6.178209145968113	BM25
209	Q0	18:90-98	6	5.532098639528893	BM25
211	Q0	37:114-122	0	12.305608485944042	BM25
211	Q0	33:7-8	1	11.927843617453203	BM25
211	Q0	33:42-48	2	9.948128325983458	BM25
211	Q0	2:135-138	3	8.668075057716088	BM25
211	Q0	2:60-62	4	8.379636022770157	BM25
211	Q0	19:51-58	5	7.901804559653771	BM25
211	Q0	66:9-9	6	7.440139340553002	BM25
211	Q0	36:55-58	7	6.9462181102916665	BM25
211	Q0	33:59-59	8	6.885128258746147	BM25
211	Q0	33:28-31	9	6.785505394891363	BM25
211	Q0	7:157-158	10	6.663042826354258	BM25
211	Q0	3:21-22	11	6.637557753626942	BM25
211	Q0	97:1-5	12	6.609155315935145	BM25
211	Q0	7:142-143	13	6.561176997448534	BM25
211	Q0	33:1-3	14	6.333891705127535	BM25
212	Q0	3:52-53	0	10.099939365679823	BM25
212	Q0	61:10-14	1	9.687383770845042	BM25
212	Q0	5:112-115	2	7.24856274255844	BM25
212	Q0	5:110-111	3	6.744538259120956	BM25
216	Q0	21:78-82	0	9.249452071370083	BM25
216	Q0	34:10-13	1	9.079452915167666	BM25
216	Q0	38:21-26	2	9.072750073359344	BM25
216	Q0	38:17-20	3	8.573219550235402	BM25
216	Q0	27:15-19	4	8.26890704524381	BM25
216	Q0	5:78-81	5	7.23407682991321	BM25
216	Q0	17:53-56	6	7.164136641641233	BM25
216	Q0	36:55-58	7	6.9462181102916665	BM25
216	Q0	97:1-5	8	6.609155315935145	BM25
216	Q0	4:163-166	9	6.419374428062588	BM25
216	Q0	37:75-82	10	6.231197007848824	BM25
216	Q0	19:12-15	11	6.160734126116795	BM25
216	Q0	33:41-44	12	6.160734126116795	BM25
216	Q0	15:45-50	13	6.091847025302485	BM25
216	Q0	37:114-122	14	6.091847025302485	BM25
217	Q0	18:9-16	0	12.544138246801788	BM25
217	Q0	18:25-26	1	10.931071074748507	BM25
217	Q0	18:17-20	2	6.636027645146843	BM25
217	Q0	3:69-74	3	5.310559666609325	BM25
217	Q0	7:96-102	4	5.310559666609325	BM25
217	Q0	84:6-15	5	4.913070713608698	BM25
217	Q0	4:34-35	6	4.755828736132698	BM25
217	Q0	3:98-101	7	4.6371010433609365	BM25
217	Q0	54:51-55	8	4.618703342466763	BM25
217	Q0	11:45-48	9	4.524156959923275	BM25
217	Q0	20:128-132	10	4.524156959923275	BM25
217	Q0	29:28-35	11	4.511686623722315	BM25
217	Q0	4:92-93	12	4.416583926925369	BM25
217	Q0	5:65-66	13	4.298080039185524	BM25
217	Q0	7:94-95	14	4.298080039185524	BM25
219	Q0	33:7-8	0	7.376328073086966	BM25
219	Q0	5:112-115	1	7.186205048110756	BM25
219	Q0	3:52-53	2	7.034959150899932	BM25
219	Q0	12:23-29	3	7.016081214268753	BM25
219	Q0	3:84-85	4	6.954497393503502	BM25
219	Q0	36:55-58	5	6.9462181102916665	BM25
219	Q0	97:1-5	6	6.609155315935145	BM25
219	Q0	2:87-88	7	6.578303415577826	BM25
219	Q0	3:59-61	8	6.5078962747309355	BM25
219	Q0	37:75-82	9	6.231197007848824	BM25
219	Q0	19:12-15	10	6.160734126116795	BM25
219	Q0	33:41-44	11	6.160734126116795	BM25
219	Q0	15:45-50	12	6.091847025302485	BM25
219	Q0	37:114-122	13	6.091847025302485	BM25
219	Q0	4:94-94	14	6.024483430488216	BM25
220	Q0	10:87-89	0	7.622413726566801	BM25
220	Q0	12:19-22	1	7.229614911521905	BM25
220	Q0	4:150-152	2	6.5062209885329265	BM25
220	Q0	4:163-166	3	6.461806797395042	BM25
220	Q0	12:97-101	4	6.215361664367619	BM25
220	Q0	43:46-56	5	6.037056918567164	BM25
220	Q0	2:60-62	6	5.909900602309424	BM25
220	Q0	57:25-27	7	5.689371607630499	BM25
220	Q0	5:109-109	8	5.6069975328624375	BM25
220	Q0	7:35-37	9	5.2793898090013	BM25
220	Q0	14:9-12	10	5.24272331146034	BM25
220	Q0	35:1-4	11	5.11962754668247	BM25
220	Q0	40:78-78	12	5.069364474383752	BM25
220	Q0	3:181-184	13	5.028328681298012	BM25
220	Q0	23:42-44	14	5.009323915206177	BM25
225	Q0	24:55-57	0	11.273486036361321	BM25
225	Q0	7:73-79	1	9.483046704353345	BM25
225	Q0	17:59-60	2	9.080788371186202	BM25
225	Q0	11:18-24	3	8.200802864155325	BM25
225	Q0	54:23-32	4	8.184381829502405	BM25
225	Q0	42:27-31	5	6.794985099907814	BM25
225	Q0	9:1-6	6	6.5254507618027855	BM25
225	Q0	12:23-29	7	6.449448409896458	BM25
225	Q0	29:19-23	8	6.197403580426415	BM25
225	Q0	46:29-32	9	6.118685256212969	BM25
225	Q0	18:107-108	10	5.146366593653174	BM25
225	Q0	103:1-3	11	5.07814165081814	BM25
225	Q0	41:45-46	12	4.762463771437238	BM25
225	Q0	2:25-25	13	4.703980075744278	BM25
225	Q0	85:10-11	14	4.703980075744278	BM25
227	Q0	10:87-89	0	13.016656803206832	BM25
227	Q0	2:60-62	1	10.40146629293126	BM25
227	Q0	43:46-56	2	9.117067405168829	BM25
227	Q0	12:19-22	3	7.229614911521905	BM25
227	Q0	12:23-29	4	7.016081214268753	BM25
227	Q0	7:142-143	5	6.561176997448534	BM25
227	Q0	12:97-101	6	6.215361664367619	BM25
227	Q0	37:114-122	7	6.213761460641556	BM25
227	Q0	26:52-68	8	6.183303346766205	BM25
227	Q0	40:23-27	9	6.076577104839182	BM25
227	Q0	2:53-57	10	5.936577057255096	BM25
227	Q0	28:36-43	11	5.886655285972625	BM25
227	Q0	14:5-8	12	5.855631290080358	BM25
227	Q0	23:45-50	13	5.833912195400734	BM25
227	Q0	28:29-32	14	5.576816492952226	BM25
230	Q0	2:23-24	0	14.819936084769385	BM25
230	Q0	47:20-24	1	14.049092189312685	BM25
230	Q0	96:1-5	2	10.732320451528778	BM25
230	Q0	75:36-40	3	10.089145312437994	BM25
230	Q0	40:67-68	4	9.627570286881305	BM25
230	Q0	9:124-127	5	9.62467155094073	BM25
230	Q0	9:86-87	6	8.856440799141456	BM25
230	Q0	23:12-16	7	8.729032109280823	BM25
230	Q0	11:13-14	8	8.46032272769274	BM25
230	Q0	41:47-48	9	7.808478424768584	BM25
230	Q0	24:1-3	10	7.245135462363354	BM25
230	Q0	22:5-7	11	6.764808715354198	BM25
230	Q0	15:1-9	12	6.503837291065457	BM25
230	Q0	25:1-2	13	6.360310719910756	BM25
230	Q0	3:196-198	14	6.20965017297386	BM25
231	Q0	54:18-22	0	9.86239350386725	BM25
231	Q0	17:45-48	1	9.471580857840767	BM25
231	Q0	54:23-32	2	8.881622722917154	BM25
231	Q0	18:57-59	3	8.146072521323948	BM25
231	Q0	54:9-17	4	7.991545493334235	BM25
231	Q0	54:33-42	5	7.629715525143682	BM25
231	Q0	47:20-24	6	7.4939945037136955	BM25
231	Q0	17:88-89	7	7.159944508269775	BM25
231	Q0	11:116-117	8	6.998716494247424	BM25
231	Q0	7:96-102	9	6.664512266057103	BM25
231	Q0	11:100-102	10	6.649345739213322	BM25
231	Q0	27:1-6	11	6.555842084413656	BM25
231	Q0	25:30-34	12	6.125178245646904	BM25
231	Q0	28:57-59	13	6.006799344907525	BM25
231	Q0	13:28-29	14	5.870244466541132	BM25
232	Q0	20:1-8	0	13.27358417568626	BM25
232	Q0	7:180-180	1	12.66460746442263	BM25
232	Q0	59:21-24	2	11.543842545725596	BM25
232	Q0	17:88-89	3	7.159944508269775	BM25
232	Q0	11:116-117	4	6.998716494247424	BM25
232	Q0	7:96-102	5	6.664512266057103	BM25
232	Q0	11:100-102	6	6.649345739213322	BM25
232	Q0	27:1-6	7	6.555842084413656	BM25
232	Q0	2:30-33	8	6.321654521852155	BM25
232	Q0	25:30-34	9	6.125178245646904	BM25
232	Q0	28:57-59	10	6.006799344907525	BM25
232	Q0	17:105-111	11	5.979764820157304	BM25
232	Q0	17:45-48	12	5.968350030319864	BM25
232	Q0	27:76-78	13	5.796263861357184	BM25
232	Q0	12:1-3	14	5.655633027217229	BM25
233	Q0	27:45-53	0	13.637133014313815	BM25
233	Q0	38:21-26	1	8.579485527418596	BM25
233	Q0	17:101-104	2	7.622413726566801	BM25
233	Q0	74:27-31	3	7.622413726566801	BM25
233	Q0	11:89-95	4	6.54019637403729	BM25
233	Q0	27:7-14	5	5.909900602309424	BM25
235	Q0	41:47-48	0	7.808478424768584	BM25
235	Q0	7:35-37	1	6.196782795268005	BM25
235	Q0	26:90-104	2	6.196782795268005	BM25
235	Q0	75:1-15	3	6.034325665103576	BM25
235	Q0	57:1-6	4	5.930671885785769	BM25
235	Q0	6:22-26	5	5.880168998343808	BM25
235	Q0	2:146-150	6	5.733692495033526	BM25
235	Q0	40:69-77	7	5.594336160319893	BM25
235	Q0	16:24-29	8	5.335003609990002	BM25
235	Q0	28:60-67	9	5.175072250093384	BM25
235	Q0	28:68-75	10	4.848070302340154	BM25
235	Q0	3:110-115	11	4.814269901778641	BM25
235	Q0	58:7-10	12	4.6836535082066995	BM25
235	Q0	19:16-33	13	4.477185785955365	BM25
235	Q0	7:59-64	14	4.09617260186472	BM25
236	Q0	19:96-98	0	7.261090107801456	BM25
236	Q0	22:42-46	1	7.205353844942694	BM25
236	Q0	36:28-32	2	6.645954177809209	BM25
236	Q0	44:34-39	3	6.576313690331366	BM25
236	Q0	29:28-35	4	6.574469053868972	BM25
236	Q0	4:92-93	5	6.384795585980616	BM25
236	Q0	28:44-46	6	6.248913464400837	BM25
236	Q0	7:96-102	7	6.218627185309741	BM25
236	Q0	53:42-56	8	5.58196153250679	BM25
236	Q0	5:67-69	9	5.581666048447014	BM25
236	Q0	51:24-37	10	5.558867413130166	BM25
236	Q0	27:45-53	11	5.129636034712358	BM25
236	Q0	84:6-15	12	4.913070713608698	BM25
236	Q0	10:11-14	13	4.803880818508807	BM25
236	Q0	54:51-55	14	4.618703342466763	BM25
237	Q0	12:23-29	0	11.82591814060861	BM25
237	Q0	12:97-101	1	11.614891632222925	BM25
237	Q0	12:36-42	2	10.994147356620074	BM25
237	Q0	12:33-35	3	10.197707375176666	BM25
237	Q0	12:7-10	4	9.865068295929788	BM25
237	Q0	12:88-92	5	9.095846445353365	BM25
237	Q0	2:146-150	6	8.293176432420442	BM25
237	Q0	28:20-21	7	8.213662416168622	BM25
237	Q0	12:81-87	8	8.193855575975572	BM25
237	Q0	2:240-242	9	7.759529355500946	BM25
237	Q0	12:80-80	10	7.560442321355154	BM25
237	Q0	40:34-35	11	7.000008255220249	BM25
237	Q0	36:55-58	12	6.9462181102916665	BM25
237	Q0	12:16-18	13	6.9266577664566995	BM25
237	Q0	2:243-245	14	6.784264862433854	BM25
238	Q0	22:42-46	0	12.990254037022243	BM25
238	Q0	69:1-8	1	11.390354062886322	BM25
238	Q0	53:42-56	2	11.109600310201959	BM25
238	Q0	50:12-15	3	10.868100917568793	BM25
238	Q0	38:12-16	4	10.15743051280937	BM25
238	Q0	27:45-53	5	9.822487920031069	BM25
238	Q0	25:35-40	6	8.77396845885316	BM25
238	Q0	51:38-46	7	8.636221756308547	BM25
238	Q0	9:69-70	8	8.407274056888257	BM25
238	Q0	85:17-22	9	8.13118349090163	BM25
238	Q0	11:61-68	10	7.794835861460501	BM25
238	Q0	11:89-95	11	7.7596875691146545	BM25
238	Q0	19:96-98	12	7.261090107801456	BM25
238	Q0	40:28-33	13	6.661534446627482	BM25
238	Q0	36:28-32	14	6.645954177809209	BM25
240	Q0	7:164-166	0	13.403665675427137	BM25
240	Q0	2:63-66	1	9.694193652067138	BM25
240	Q0	23:45-50	2	5.517813550925322	BM25
240	Q0	10:74-78	3	5.1342117269108405	BM25
240	Q0	11:36-37	4	4.927484096641585	BM25
240	Q0	29:14-15	5	4.927484096641585	BM25
240	Q0	27:54-58	6	4.889165954627952	BM25
240	Q0	71:1-4	7	4.847695935674858	BM25
240	Q0	7:150-153	8	4.770189507999482	BM25
240	Q0	20:77-79	9	4.699445170159789	BM25
240	Q0	43:46-56	10	4.660533401760087	BM25
240	Q0	25:35-40	11	4.5435877944468634	BM25
240	Q0	4:90-91	12	4.508492651807844	BM25
240	Q0	46:29-32	13	4.4860939827425454	BM25
240	Q0	51:38-46	14	4.480429713324924	BM25
243	Q0	27:20-28	0	7.70473251696569	BM25
243	Q0	66:9-9	1	7.440139340553002	BM25
243	Q0	11:103-108	2	7.255622935150376	BM25
243	Q0	33:59-59	3	6.885128258746147	BM25
243	Q0	33:28-31	4	6.785505394891363	BM25
243	Q0	33:7-8	5	6.718079043363924	BM25
243	Q0	7:157-158	6	6.663042826354258	BM25
243	Q0	3:21-22	7	6.637557753626942	BM25
243	Q0	36:59-68	8	6.6090188365985245	BM25
243	Q0	33:1-3	9	6.333891705127535	BM25
243	Q0	5:110-111	10	6.302649383466596	BM25
243	Q0	8:62-66	11	6.111546890266397	BM25
243	Q0	66:1-5	12	6.078008688789678	BM25
243	Q0	27:82-88	13	6.068232214178635	BM25
243	Q0	33:56-58	14	5.991268538926019	BM25
244	Q0	3:92-94	0	9.730703546362594	BM25
244	Q0	3:1-7	1	9.188234705406895	BM25
244	Q0	5:44-47	2	8.881665060916411	BM25
244	Q0	5:65-66	3	8.118632441280244	BM25
244	Q0	41:47-48	4	7.808478424768584	BM25
244	Q0	12:23-29	5	7.016081214268753	BM25
244	Q0	9:111-112	6	6.784264862433854	BM25
244	Q0	7:142-143	7	6.561176997448534	BM25
244	Q0	15:1-9	8	6.503837291065457	BM25
244	Q0	25:1-2	9	6.360310719910756	BM25
244	Q0	37:114-122	10	6.213761460641556	BM25
244	Q0	3:196-198	11	6.20965017297386	BM25
244	Q0	76:23-26	12	6.20965017297386	BM25
244	Q0	7:35-37	13	6.196782795268005	BM25
244	Q0	26:90-104	14	6.196782795268005	BM25
248	Q0	4:47-48	0	13.886251063648977	BM25
248	Q0	7:163-163	1	12.732112601550396	BM25
248	Q0	2:63-66	2	9.206381414571506	BM25
248	Q0	16:120-124	3	8.217726828803617	BM25
248	Q0	7:46-49	4	7.108643232403875	BM25
248	Q0	7:44-45	5	6.944606512693689	BM25
248	Q0	10:26-27	6	6.8462593935530425	BM25
248	Q0	56:88-96	7	6.8462593935530425	BM25
248	Q0	59:18-20	8	6.8462593935530425	BM25
248	Q0	90:11-20	9	6.8462593935530425	BM25
248	Q0	56:1-10	10	6.798123058031445	BM25
248	Q0	15:78-79	11	6.767753263905628	BM25
248	Q0	7:50-51	12	6.750658893614757	BM25
248	Q0	2:80-82	13	6.6576915368769045	BM25
248	Q0	5:9-10	14	6.243340294393505	BM25
249	Q0	37:139-148	0	17.951565954850924	BM25
249	Q0	93:6-11	1	12.50678080453135	BM25
249	Q0	68:48-52	2	8.413185973830242	BM25
249	Q0	4:163-166	3	7.56253728358648	BM25
249	Q0	6:84-90	4	6.012969582163152	BM25
249	Q0	10:98-103	5	5.902978319748005	BM25
249	Q0	18:60-77	6	5.364284340589779	BM25
249	Q0	4:153-161	7	-0.5612233228757841	BM25
249	Q0	25:63-77	8	-0.5643686234726422	BM25
249	Q0	40:38-46	9	-0.627688996896027	BM25
249	Q0	29:61-69	10	-0.6396501166807389	BM25
249	Q0	2:142-145	11	-0.6520759495045144	BM25
249	Q0	9:42-49	12	-0.656325874781515	BM25
249	Q0	4:2-6	13	-0.6784344633339853	BM25
249	Q0	30:8-16	14	-0.6784344633339853	BM25
251	Q0	29:14-15	0	17.244966502582717	BM25
251	Q0	37:75-82	1	13.711948570751652	BM25
251	Q0	11:45-48	2	11.895618753269767	BM25
251	Q0	2:21-22	3	10.551661979108683	BM25
251	Q0	3:33-41	4	7.82123982984104	BM25
251	Q0	18:78-82	5	7.510394791591516	BM25
251	Q0	38:30-40	6	7.388702288163736	BM25
251	Q0	40:61-66	7	7.101052670396459	BM25
251	Q0	12:23-29	8	7.016081214268753	BM25
251	Q0	36:55-58	9	6.9462181102916665	BM25
251	Q0	11:49-49	10	6.754902562073581	BM25
251	Q0	97:1-5	11	6.609155315935145	BM25
251	Q0	26:105-122	12	6.50417275493918	BM25
251	Q0	21:76-77	13	6.257195889852508	BM25
251	Q0	11:36-37	14	6.181288831580578	BM25
252	Q0	11:41-44	0	8.81068432661342	BM25
252	Q0	41:47-48	1	7.808478424768584	BM25
252	Q0	7:35-37	2	6.196782795268005	BM25
252	Q0	26:90-104	3	6.196782795268005	BM25
252	Q0	75:1-15	4	6.034325665103576	BM25
252	Q0	57:1-6	5	5.930671885785769	BM25
252	Q0	6:22-26	6	5.880168998343808	BM25
252	Q0	2:146-150	7	5.733692495033526	BM25
252	Q0	40:69-77	8	5.594336160319893	BM25
252	Q0	16:24-29	9	5.335003609990002	BM25
252	Q0	28:60-67	10	5.175072250093384	BM25
252	Q0	28:68-75	11	4.848070302340154	BM25
252	Q0	3:110-115	12	4.814269901778641	BM25
252	Q0	58:7-10	13	4.6836535082066995	BM25
252	Q0	19:16-33	14	3.265924154583105	BM25
253	Q0	7:130-136	0	10.513905062338806	BM25
253	Q0	7:113-126	1	9.968220508410756	BM25
253	Q0	27:82-88	2	8.448288703027206	BM25
253	Q0	69:13-18	3	8.37342179740159	BM25
253	Q0	56:1-10	4	8.28380162474978	BM25
253	Q0	12:23-29	5	7.016081214268753	BM25
253	Q0	7:142-143	6	6.561176997448534	BM25
253	Q0	37:114-122	7	6.213761460641556	BM25
253	Q0	26:52-68	8	6.183303346766205	BM25
253	Q0	4:97-100	9	6.170457751919024	BM25
253	Q0	40:23-27	10	6.076577104839182	BM25
253	Q0	2:53-57	11	5.936577057255096	BM25
253	Q0	28:36-43	12	5.886655285972625	BM25
253	Q0	14:5-8	13	5.855631290080358	BM25
253	Q0	23:45-50	14	5.833912195400734	BM25
255	Q0	11:103-108	0	11.961269361853855	BM25
255	Q0	38:41-44	1	10.709688132935934	BM25
255	Q0	36:55-58	2	6.9462181102916665	BM25
255	Q0	97:1-5	3	6.609155315935145	BM25
255	Q0	5:20-26	4	6.3674407609441745	BM25
255	Q0	37:75-82	5	6.231197007848824	BM25
255	Q0	19:12-15	6	6.160734126116795	BM25
255	Q0	33:41-44	7	6.160734126116795	BM25
255	Q0	15:45-50	8	6.091847025302485	BM25
255	Q0	37:114-122	9	6.091847025302485	BM25
255	Q0	4:94-94	10	6.024483430488216	BM25
255	Q0	51:24-37	11	5.946828476757504	BM25
255	Q0	56:88-96	12	5.894128970148361	BM25
255	Q0	16:30-32	13	5.649641305125852	BM25
255	Q0	37:171-182	14	5.649641305125852	BM25
257	Q0	20:115-122	0	15.676982597395941	BM25
257	Q0	7:26-27	1	13.957731615663679	BM25
257	Q0	2:34-39	2	11.593375305523107	BM25
257	Q0	22:14-15	3	11.412482503647631	BM25
257	Q0	7:19-25	4	10.054608236748713	BM25
257	Q0	3:33-41	5	8.781711432236209	BM25
257	Q0	2:30-33	6	8.065599951449368	BM25
257	Q0	3:59-61	7	7.390610316898474	BM25
257	Q0	7:172-174	8	7.160689186657542	BM25
257	Q0	12:23-29	9	7.016081214268753	BM25
257	Q0	37:158-166	10	6.426130855465676	BM25
257	Q0	59:18-20	11	6.380628532497436	BM25
257	Q0	7:35-37	12	6.196782795268005	BM25
257	Q0	7:42-43	13	6.1205952633098395	BM25
257	Q0	43:67-73	14	6.038564284486097	BM25
258	Q0	2:247-248	0	8.210995944578197	BM25
258	Q0	66:9-9	1	7.440139340553002	BM25
258	Q0	33:59-59	2	6.885128258746147	BM25
258	Q0	2:249-252	3	6.866199465371423	BM25
258	Q0	33:28-31	4	6.785505394891363	BM25
258	Q0	33:7-8	5	6.718079043363924	BM25
258	Q0	7:157-158	6	6.663042826354258	BM25
258	Q0	3:21-22	7	6.637557753626942	BM25
258	Q0	33:1-3	8	6.333891705127535	BM25
258	Q0	8:62-66	9	6.111546890266397	BM25
258	Q0	66:1-5	10	6.078008688789678	BM25
258	Q0	33:56-58	11	5.991268538926019	BM25
258	Q0	33:53-55	12	5.9795668758284855	BM25
258	Q0	33:36-40	13	5.702487693007979	BM25
258	Q0	66:8-8	14	5.683810615753337	BM25
265	Q0	17:61-65	0	9.118663168275013	BM25
265	Q0	3:121-129	1	6.890667792566464	BM25
266	Q0	3:52-53	0	12.449650538461034	BM25
266	Q0	61:10-14	1	11.026446885645655	BM25
266	Q0	2:270-271	2	9.738958814464013	BM25
266	Q0	5:72-73	3	7.983897415851135	BM25
266	Q0	17:88-89	4	7.159944508269775	BM25
266	Q0	11:116-117	5	6.998716494247424	BM25
266	Q0	7:96-102	6	6.664512266057103	BM25
266	Q0	11:100-102	7	6.649345739213322	BM25
266	Q0	27:1-6	8	6.555842084413656	BM25
266	Q0	25:30-34	9	6.125178245646904	BM25
266	Q0	28:57-59	10	6.006799344907525	BM25
266	Q0	17:45-48	11	5.968350030319864	BM25
266	Q0	27:76-78	12	5.796263861357184	BM25
266	Q0	12:1-3	13	5.655633027217229	BM25
266	Q0	3:190-195	14	5.633057542717571	BM25
268	Q0	48:24-26	0	11.128836432163665	BM25
268	Q0	48:27-29	1	10.597764720169884	BM25
268	Q0	9:107-110	2	10.197427865187958	BM25
268	Q0	33:36-40	3	9.666436260669409	BM25
268	Q0	3:137-144	4	8.155505332845467	BM25
268	Q0	36:55-58	5	6.9462181102916665	BM25
268	Q0	5:15-17	6	6.818391145679978	BM25
268	Q0	47:1-6	7	6.797052591857323	BM25
268	Q0	97:1-5	8	6.609155315935145	BM25
268	Q0	37:75-82	9	6.231197007848824	BM25
268	Q0	19:12-15	10	6.160734126116795	BM25
268	Q0	33:41-44	11	6.160734126116795	BM25
268	Q0	15:45-50	12	6.091847025302485	BM25
268	Q0	37:114-122	13	6.091847025302485	BM25
268	Q0	4:94-94	14	6.024483430488216	BM25
301	Q0	24:1-3	0	7.59804738493221	BM25
301	Q0	2:234-237	1	7.584909749233495	BM25
301	Q0	7:46-49	2	7.455270332422635	BM25
301	Q0	42:51-53	3	7.455270332422635	BM25
301	Q0	17:45-48	4	7.385875298938312	BM25
301	Q0	28:85-88	5	7.057416611185482	BM25
301	Q0	41:1-8	6	6.873999631568483	BM25
301	Q0	38:30-40	7	6.428476195349792	BM25
301	Q0	66:1-5	8	5.9466981989581225	BM25
301	Q0	33:53-55	9	5.815936712806997	BM25
301	Q0	33:36-40	10	5.456020665219284	BM25
301	Q0	33:49-52	11	5.205469197867823	BM25
301	Q0	19:16-33	12	3.752887756812037	BM25
301	Q0	2:196-203	13	3.68320670740004	BM25
302	Q0	22:77-78	0	8.692034688292624	BM25
302	Q0	9:23-24	1	8.202031258372006	BM25
302	Q0	60:1-3	2	7.188870545472064	BM25
302	Q0	25:45-55	3	6.128954735065783	BM25
303	Q0	60:1-3	0	11.373051280137762	BM25
303	Q0	9:23-24	1	10.54473657188381	BM25
303	Q0	22:77-78	2	7.916650248108801	BM25
303	Q0	24:1-3	3	6.852361963025369	BM25
303	Q0	2:234-237	4	6.5696561311990695	BM25
303	Q0	28:85-88	5	6.091400484038063	BM25
303	Q0	7:146-147	6	5.795083415615332	BM25
303	Q0	25:45-55	7	5.582213229010603	BM25
303	Q0	66:1-5	8	4.761798676690701	BM25
303	Q0	4:74-76	9	4.599337703913595	BM25
303	Q0	10:87-89	10	4.473240701945735	BM25
303	Q0	80:17-23	11	4.373313063528304	BM25
303	Q0	33:49-52	12	4.163034753071559	BM25
303	Q0	33:36-40	13	4.071053598379608	BM25
303	Q0	16:125-128	14	4.022020851109398	BM25
304	Q0	22:77-78	0	8.692034688292624	BM25
304	Q0	9:23-24	1	8.202031258372006	BM25
304	Q0	24:1-3	2	7.59804738493221	BM25
304	Q0	2:234-237	3	7.584909749233495	BM25
304	Q0	60:1-3	4	7.188870545472064	BM25
304	Q0	28:85-88	5	7.057416611185482	BM25
304	Q0	25:45-55	6	6.128954735065783	BM25
304	Q0	66:1-5	7	5.9466981989581225	BM25
304	Q0	33:36-40	8	5.456020665219284	BM25
304	Q0	33:49-52	9	5.205469197867823	BM25
304	Q0	2:196-203	10	3.68320670740004	BM25
306	Q0	87:14-19	0	12.739256430611295	BM25
306	Q0	6:118-121	1	12.729954394667045	BM25
306	Q0	28:57-59	2	9.059619224821098	BM25
306	Q0	87:1-5	3	8.648527199585805	BM25
306	Q0	76:23-26	4	7.8290755121018965	BM25
306	Q0	46:29-32	5	7.404891575217444	BM25
306	Q0	22:30-37	6	7.339859063500116	BM25
306	Q0	19:1-11	7	7.28336992679554	BM25
306	Q0	49:11-13	8	6.554503003989534	BM25
306	Q0	24:35-38	9	6.428301052316746	BM25
306	Q0	73:1-9	10	6.210773472448268	BM25
306	Q0	2:114-115	11	5.851913758306481	BM25
306	Q0	21:48-50	12	5.824818432246399	BM25
306	Q0	68:48-52	13	5.183081995364863	BM25
306	Q0	38:1-11	14	5.085479006153803	BM25
307	Q0	7:94-95	0	8.408790186047387	BM25
307	Q0	6:159-160	1	7.5956919633779725	BM25
307	Q0	22:3-4	2	7.341512208586353	BM25
307	Q0	10:34-36	3	7.179914949740706	BM25
307	Q0	13:5-7	4	6.6414681403715266	BM25
307	Q0	27:89-93	5	6.6414681403715266	BM25
307	Q0	41:33-36	6	6.5925256997297765	BM25
307	Q0	10:65-70	7	6.562315862382768	BM25
307	Q0	16:125-128	8	6.526224070132659	BM25
307	Q0	2:261-264	9	6.507448983946472	BM25
307	Q0	5:44-47	10	6.320048445221914	BM25
307	Q0	4:114-115	11	6.175357779740823	BM25
307	Q0	4:26-28	12	6.1190020165475305	BM25
307	Q0	53:19-30	13	6.067359478013702	BM25
307	Q0	28:51-56	14	5.9298533355657455	BM25
308	Q0	18:45-46	0	11.236827810675308	BM25
308	Q0	87:14-19	1	10.408226383515043	BM25
308	Q0	13:25-27	2	9.82099159374119	BM25
308	Q0	43:29-35	3	9.729478250034857	BM25
308	Q0	10:62-64	4	9.212253105582985	BM25
308	Q0	79:34-41	5	9.169585242021355	BM25
308	Q0	18:27-28	6	8.975380884901695	BM25
308	Q0	41:30-32	7	8.803293494889406	BM25
308	Q0	3:185-186	8	8.78923209800282	BM25
308	Q0	28:60-67	9	8.718721123114474	BM25
308	Q0	10:7-10	10	8.610647849364533	BM25
308	Q0	9:38-40	11	8.361575416436363	BM25
308	Q0	2:211-212	12	8.350423130088075	BM25
308	Q0	3:116-117	13	8.350423130088075	BM25
308	Q0	11:15-17	14	8.19440238647561	BM25
310	Q0	4:17-18	0	12.646846052306461	BM25
310	Q0	42:23-26	1	7.700640004539751	BM25
310	Q0	9:101-106	2	6.314408568494637	BM25
310	Q0	3:33-41	3	5.537637213751494	BM25
311	Q0	20:83-85	0	11.130120568176133	BM25
311	Q0	7:144-145	1	9.653199176536898	BM25
311	Q0	2:74-75	2	9.244305362749936	BM25
311	Q0	48:14-15	3	8.868644028749046	BM25
311	Q0	20:95-98	4	8.359109646605475	BM25
311	Q0	24:23-26	5	7.4840043051723555	BM25
311	Q0	14:24-27	6	7.387577374967811	BM25
311	Q0	12:88-92	7	7.24856274255844	BM25
311	Q0	5:4-5	8	7.068806629400446	BM25
311	Q0	2:168-169	9	6.790925116180721	BM25
311	Q0	5:87-88	10	6.790925116180721	BM25
311	Q0	48:27-29	11	6.692829161276985	BM25
311	Q0	22:23-24	12	6.633786580272752	BM25
311	Q0	7:57-58	13	5.884839590285954	BM25
311	Q0	9:71-72	14	5.652770015331058	BM25
313	Q0	41:33-36	0	7.229641823129866	BM25
313	Q0	18:7-8	1	7.055292817377509	BM25
313	Q0	12:1-3	2	6.456170506506741	BM25
313	Q0	95:1-6	3	6.456170506506741	BM25
313	Q0	3:52-53	4	6.1573855357971095	BM25
313	Q0	6:151-153	5	6.1092588613660235	BM25
313	Q0	23:93-98	6	6.086960953287028	BM25
313	Q0	21:11-15	7	5.7576951667135265	BM25
313	Q0	29:46-47	8	5.7576951667135265	BM25
313	Q0	11:6-7	9	5.576696913897888	BM25
313	Q0	23:12-16	10	5.518866757231719	BM25
313	Q0	46:15-18	11	5.480172623702994	BM25
313	Q0	37:123-132	12	5.40673151467748	BM25
313	Q0	16:125-128	13	5.352355524875589	BM25
313	Q0	17:53-56	14	5.1453658774555215	BM25
314	Q0	33:28-31	0	8.426258425291024	BM25
314	Q0	9:90-96	1	5.973006718504425	BM25
316	Q0	31:1-5	0	7.242629079293595	BM25
316	Q0	4:162-162	1	7.069012237101969	BM25
316	Q0	23:1-11	2	6.312420592138567	BM25
316	Q0	27:1-6	3	6.312420592138567	BM25
316	Q0	9:17-18	4	6.116041833840064	BM25
316	Q0	2:109-110	5	6.053269634328313	BM25
316	Q0	98:1-5	6	5.99177287343966	BM25
316	Q0	21:69-73	7	5.931513069567961	BM25
316	Q0	24:55-57	8	5.931513069567961	BM25
316	Q0	22:77-78	9	5.872453273745217	BM25
316	Q0	9:71-72	10	5.814557994091796	BM25
316	Q0	58:12-13	11	5.814557994091796	BM25
316	Q0	2:177-177	12	5.757793124691992	BM25
316	Q0	5:54-56	13	5.439191118685861	BM25
316	Q0	33:32-34	14	5.340683897468237	BM25
323	Q0	28:85-88	0	11.203973142514643	BM25
323	Q0	9:42-49	1	9.317675212856845	BM25
323	Q0	2:255-255	2	8.922080269890118	BM25
323	Q0	6:60-62	3	8.287587922626008	BM25
323	Q0	37:1-10	4	8.204238898332934	BM25
323	Q0	42:32-36	5	8.061190775012175	BM25
323	Q0	24:1-3	6	7.59804738493221	BM25
323	Q0	4:34-35	7	7.593306328296201	BM25
323	Q0	2:234-237	8	7.584909749233495	BM25
323	Q0	41:9-12	9	7.523278264417601	BM25
323	Q0	2:97-98	10	7.360102526469502	BM25
323	Q0	30:38-41	11	7.317760234844818	BM25
323	Q0	17:88-89	12	7.159944508269775	BM25
323	Q0	11:116-117	13	6.998716494247424	BM25
323	Q0	64:11-13	14	6.9576134779823295	BM25
324	Q0	28:85-88	0	11.203973142514643	BM25
324	Q0	24:1-3	1	7.59804738493221	BM25
324	Q0	2:234-237	2	7.584909749233495	BM25
324	Q0	17:88-89	3	7.159944508269775	BM25
324	Q0	11:116-117	4	6.998716494247424	BM25
324	Q0	7:96-102	5	6.664512266057103	BM25
324	Q0	11:100-102	6	6.649345739213322	BM25
324	Q0	27:1-6	7	6.555842084413656	BM25
324	Q0	25:30-34	8	6.125178245646904	BM25
324	Q0	28:57-59	9	6.006799344907525	BM25
324	Q0	17:45-48	10	5.968350030319864	BM25
324	Q0	66:1-5	11	5.9466981989581225	BM25
324	Q0	27:76-78	12	5.796263861357184	BM25
324	Q0	12:1-3	13	5.655633027217229	BM25
324	Q0	76:23-26	14	5.5216646092140795	BM25
325	Q0	2:189-189	0	10.364829888356153	BM25
325	Q0	17:66-70	1	9.357877656019134	BM25
325	Q0	2:177-177	2	8.994060301583563	BM25
325	Q0	6:59-59	3	8.250037509337819	BM25
325	Q0	3:92-94	4	7.1261994508196	BM25
325	Q0	6:63-67	5	6.512062111035529	BM25
325	Q0	30:38-41	6	6.271836269075934	BM25
325	Q0	5:1-2	7	5.554658822937874	BM25
325	Q0	31:29-32	8	5.378923433117028	BM25
325	Q0	5:96-100	9	5.336713396506661	BM25
325	Q0	10:21-23	10	5.336713396506661	BM25
325	Q0	52:17-28	11	5.336713396506661	BM25
325	Q0	6:95-99	12	5.021473259330728	BM25
325	Q0	29:61-69	13	4.3197596422118805	BM25
325	Q0	27:59-66	14	4.238982415452693	BM25
326	Q0	2:189-189	0	10.364829888356153	BM25
326	Q0	17:66-70	1	9.357877656019134	BM25
326	Q0	2:177-177	2	8.994060301583563	BM25
326	Q0	6:59-59	3	8.250037509337819	BM25
326	Q0	3:92-94	4	7.1261994508196	BM25
326	Q0	6:63-67	5	6.512062111035529	BM25
326	Q0	30:38-41	6	6.271836269075934	BM25
326	Q0	5:1-2	7	5.554658822937874	BM25
326	Q0	31:29-32	8	5.378923433117028	BM25
326	Q0	5:96-100	9	5.336713396506661	BM25
326	Q0	10:21-23	10	5.336713396506661	BM25
326	Q0	52:17-28	11	5.336713396506661	BM25
326	Q0	6:95-99	12	5.021473259330728	BM25
326	Q0	29:61-69	13	4.3197596422118805	BM25
326	Q0	27:59-66	14	4.238982415452693	BM25
327	Q0	83:18-28	0	11.754267704059759	BM25
327	Q0	3:196-198	1	9.969651452952537	BM25
327	Q0	82:13-19	2	9.852954985404292	BM25
327	Q0	76:5-11	3	7.835266231788262	BM25
327	Q0	3:190-195	4	5.633057542717571	BM25
328	Q0	5:109-109	0	14.573332167374218	BM25
328	Q0	11:96-99	1	11.281343461813943	BM25
328	Q0	20:99-101	2	10.636744840466434	BM25
328	Q0	5:14-14	3	10.217563996789508	BM25
328	Q0	9:75-80	4	9.804298102595885	BM25
328	Q0	75:1-15	5	9.667503227546431	BM25
328	Q0	54:43-46	6	9.504516002820122	BM25
328	Q0	20:56-69	7	9.295456964084671	BM25
328	Q0	28:68-75	8	9.163905084456937	BM25
328	Q0	17:57-58	9	9.10006390867667	BM25
328	Q0	34:48-54	10	8.940178287757686	BM25
328	Q0	18:57-59	11	8.933947652801704	BM25
328	Q0	20:95-98	12	8.848399935799781	BM25
328	Q0	68:34-41	13	8.718639138222606	BM25
328	Q0	28:36-43	14	8.567732523200176	BM25
332	Q0	9:81-85	0	8.748322413494563	BM25
332	Q0	17:57-58	1	5.758339353768102	BM25
332	Q0	54:33-42	2	5.573578389949112	BM25
332	Q0	16:63-64	3	5.068415113089275	BM25
332	Q0	42:44-46	4	5.013680235568082	BM25
332	Q0	76:29-31	5	4.951134578166723	BM25
332	Q0	7:141-141	6	4.759627961624902	BM25
332	Q0	40:38-46	7	4.685244291644204	BM25
332	Q0	22:3-4	8	4.6397868895213	BM25
332	Q0	3:54-58	9	4.615148998590926	BM25
332	Q0	11:1-5	10	4.566592821244356	BM25
332	Q0	7:164-166	11	4.564978854816351	BM25
332	Q0	6:46-50	12	4.52470188716682	BM25
332	Q0	78:38-40	13	4.437703612217857	BM25
332	Q0	14:1-4	14	4.401222449069893	BM25
334	Q0	33:32-34	0	18.52226674646247	BM25
334	Q0	47:20-24	1	11.143111101801853	BM25
334	Q0	3:152-155	2	8.894473728452091	BM25
334	Q0	2:151-153	3	8.537231831484196	BM25
334	Q0	2:40-48	4	8.378296436111897	BM25
334	Q0	13:36-37	5	7.5325928043398145	BM25
334	Q0	19:34-40	6	7.329695068178719	BM25
334	Q0	65:8-12	7	7.059130560220494	BM25
334	Q0	13:25-27	8	7.020763568205555	BM25
334	Q0	9:124-127	9	6.9781903692662794	BM25
334	Q0	24:27-29	10	6.814157839102296	BM25
334	Q0	4:80-84	11	6.703165719917143	BM25
334	Q0	6:161-163	12	6.566973118656426	BM25
334	Q0	9:86-87	13	6.5279418361054775	BM25
334	Q0	50:1-11	14	6.3291976842844875	BM25
338	Q0	65:1-3	0	8.188423420036605	BM25
338	Q0	75:1-15	1	7.276227217342527	BM25
338	Q0	96:1-5	2	7.082753051501657	BM25
338	Q0	17:9-11	3	6.614820542811022	BM25
338	Q0	76:1-4	4	6.426130855465676	BM25
338	Q0	90:1-4	5	6.135672026497169	BM25
338	Q0	96:6-8	6	6.135672026497169	BM25
338	Q0	55:14-16	7	5.9729918653992256	BM25
338	Q0	70:19-21	8	5.9729918653992256	BM25
338	Q0	103:1-3	9	5.9729918653992256	BM25
338	Q0	19:66-72	10	5.958703058029852	BM25
338	Q0	82:6-8	11	5.894844415935633	BM25
338	Q0	41:49-52	12	5.554664507517674	BM25
338	Q0	17:88-89	13	5.532897004338963	BM25
338	Q0	80:17-23	14	5.532897004338963	BM25
339	Q0	2:74-75	0	11.049921858439262	BM25
339	Q0	21:48-50	1	8.873977631321738	BM25
339	Q0	25:1-2	2	8.658674307269841	BM25
339	Q0	6:159-160	3	8.354620536660875	BM25
339	Q0	8:41-41	4	7.98094715592888	BM25
339	Q0	9:122-123	5	7.98094715592888	BM25
339	Q0	2:49-52	6	7.401612108590927	BM25
339	Q0	8:27-29	7	7.401612108590927	BM25
339	Q0	30:28-32	8	6.130210612087984	BM25
339	Q0	17:105-111	9	5.514500949525265	BM25
339	Q0	26:52-68	10	5.4305870322757865	BM25
339	Q0	3:1-7	11	5.349188664758053	BM25
339	Q0	20:86-94	12	4.448945606381236	BM25
341	Q0	17:88-89	0	12.692841512608737	BM25
341	Q0	55:37-45	1	12.362535227982864	BM25
341	Q0	17:9-11	2	11.947024419411946	BM25
341	Q0	31:16-19	3	8.962028615853725	BM25
341	Q0	18:54-56	4	8.949944895863824	BM25
341	Q0	6:128-131	5	8.829968987315786	BM25
341	Q0	10:28-30	6	8.825554736032343	BM25
341	Q0	11:96-99	7	8.825554736032343	BM25
341	Q0	21:96-100	8	8.54811559743647	BM25
341	Q0	33:25-27	9	8.459471930435612	BM25
341	Q0	10:11-14	10	8.011404746273868	BM25
341	Q0	75:1-15	11	7.276227217342527	BM25
341	Q0	96:1-5	12	7.082753051501657	BM25
341	Q0	11:116-117	13	6.998716494247424	BM25
341	Q0	7:96-102	14	6.664512266057103	BM25
343	Q0	6:91-92	0	9.68654421321444	BM25
343	Q0	2:257-257	1	9.040372615662257	BM25
343	Q0	9:32-33	2	8.639251076758244	BM25
343	Q0	24:35-38	3	8.290947034214183	BM25
343	Q0	66:8-8	4	7.989356535688529	BM25
343	Q0	24:39-40	5	7.828741095049186	BM25
343	Q0	57:12-15	6	7.822419802743675	BM25
343	Q0	17:88-89	7	7.159944508269775	BM25
343	Q0	61:6-9	8	7.028094683765439	BM25
343	Q0	11:116-117	9	6.998716494247424	BM25
343	Q0	5:15-17	10	6.783250922637983	BM25
343	Q0	7:96-102	11	6.664512266057103	BM25
343	Q0	11:100-102	12	6.649345739213322	BM25
343	Q0	33:41-44	13	6.605361901044267	BM25
343	Q0	27:1-6	14	6.555842084413656	BM25
344	Q0	17:78-82	0	9.843073356463922	BM25
344	Q0	97:1-5	1	9.625856580389557	BM25
344	Q0	2:219-219	2	9.389215177534698	BM25
344	Q0	36:71-76	3	8.37342179740159	BM25
344	Q0	54:9-17	4	7.5259817558916415	BM25
344	Q0	23:17-22	5	7.482910704090786	BM25
344	Q0	2:187-187	6	7.250890050803614	BM25
344	Q0	40:79-85	7	6.373713593565064	BM25
344	Q0	22:25-29	8	6.170457751919024	BM25
344	Q0	57:25-27	9	6.170457751919024	BM25
344	Q0	16:1-9	10	5.979764820157304	BM25
344	Q0	36:33-47	11	4.8551091424664445	BM25
344	Q0	22:30-37	12	4.764906696436492	BM25
344	Q0	24:58-61	13	4.472024915824591	BM25
344	Q0	18:32-44	14	4.373431134955596	BM25
345	Q0	2:255-255	0	10.545901858116203	BM25
345	Q0	78:6-16	1	10.1038754904082	BM25
345	Q0	54:18-22	2	9.86239350386725	BM25
345	Q0	37:40-49	3	9.761137758407472	BM25
345	Q0	67:28-30	4	9.653199176536898	BM25
345	Q0	17:45-48	5	9.471580857840767	BM25
345	Q0	54:23-32	6	8.881622722917154	BM25
345	Q0	23:45-50	7	8.868644028749046	BM25
345	Q0	56:11-26	8	8.359109646605475	BM25
345	Q0	18:57-59	9	8.146072521323948	BM25
345	Q0	54:9-17	10	7.991545493334235	BM25
345	Q0	54:33-42	11	7.629715525143682	BM25
345	Q0	47:20-24	12	7.4939945037136955	BM25
345	Q0	17:88-89	13	7.159944508269775	BM25
345	Q0	11:116-117	14	6.998716494247424	BM25
347	Q0	11:116-117	0	9.623127401803991	BM25
347	Q0	7:96-102	1	8.325167749682599	BM25
347	Q0	20:1-8	2	8.105731217185237	BM25
347	Q0	28:57-59	3	8.08873374702957	BM25
347	Q0	46:29-32	4	7.786172019909955	BM25
347	Q0	25:30-34	5	7.576215194357822	BM25
347	Q0	10:11-14	6	7.322024074348071	BM25
347	Q0	32:23-27	7	7.322024074348071	BM25
347	Q0	17:88-89	8	7.159944508269775	BM25
347	Q0	12:108-111	9	6.7881427551615445	BM25
347	Q0	11:100-102	10	6.649345739213322	BM25
347	Q0	27:1-6	11	6.555842084413656	BM25
347	Q0	54:9-17	12	6.52354112624593	BM25
347	Q0	20:49-55	13	6.402096474420652	BM25
347	Q0	28:36-43	14	6.274748612769787	BM25
348	Q0	16:14-14	0	11.273860530085267	BM25
348	Q0	35:12-14	1	7.628624700473791	BM25
348	Q0	7:46-49	2	7.455270332422635	BM25
348	Q0	42:51-53	3	7.455270332422635	BM25
348	Q0	17:45-48	4	7.385875298938312	BM25
348	Q0	41:1-8	5	6.873999631568483	BM25
348	Q0	3:69-74	6	6.542352233672699	BM25
348	Q0	38:30-40	7	6.428476195349792	BM25
348	Q0	2:40-48	8	6.128954735065783	BM25
348	Q0	33:53-55	9	5.815936712806997	BM25
348	Q0	19:16-33	10	3.752887756812037	BM25
349	Q0	4:92-93	0	19.30624382458076	BM25
349	Q0	7:141-141	1	8.654485730103445	BM25
349	Q0	5:94-95	2	7.842874792836043	BM25
349	Q0	20:70-76	3	7.50488023348357	BM25
349	Q0	48:5-7	4	7.2322013063983155	BM25
349	Q0	57:12-15	5	7.21744492379274	BM25
349	Q0	2:23-24	6	7.172986425606995	BM25
349	Q0	2:49-52	7	6.994254487843582	BM25
349	Q0	9:62-66	8	6.794920967106715	BM25
349	Q0	9:100-100	9	6.439589711832706	BM25
349	Q0	5:32-34	10	6.368243181538742	BM25
349	Q0	9:86-87	11	6.281215705964242	BM25
349	Q0	2:178-179	12	6.186774654123631	BM25
349	Q0	20:80-82	13	6.159547171964846	BM25
349	Q0	51:24-37	14	6.007747954279316	BM25
350	Q0	41:40-44	0	10.433598472812012	BM25
350	Q0	17:78-82	1	8.292546392817544	BM25
350	Q0	10:57-60	2	8.050747392276632	BM25
350	Q0	16:65-69	3	7.130153453502415	BM25
350	Q0	13:28-29	4	6.617912490024134	BM25
350	Q0	21:21-24	5	5.9723974607072154	BM25
350	Q0	21:48-50	6	5.824818432246399	BM25
350	Q0	68:48-52	7	5.798944056788606	BM25
350	Q0	81:26-29	8	5.732130093753596	BM25
350	Q0	36:69-70	9	5.701111812629248	BM25
350	Q0	51:52-60	10	5.578432043549972	BM25
350	Q0	38:1-11	11	5.562758616128635	BM25
350	Q0	21:1-10	12	5.515335684205395	BM25
350	Q0	6:68-70	13	5.427737069084572	BM25
350	Q0	88:21-26	14	5.417588427757264	BM25
351	Q0	5:44-47	0	13.409028877927232	BM25
351	Q0	2:113-113	1	8.131076146920677	BM25
351	Q0	39:1-5	2	6.5719675195516825	BM25
351	Q0	12:80-80	3	6.522786172964833	BM25
351	Q0	22:52-57	4	6.170091186872183	BM25
351	Q0	21:78-82	5	6.014982888156589	BM25
351	Q0	4:64-65	6	5.950771033251439	BM25
351	Q0	10:107-109	7	5.457083895722214	BM25
351	Q0	2:3-5	8	5.336502841982199	BM25
351	Q0	7:1-3	9	5.295836471342974	BM25
351	Q0	4:162-162	10	5.255785202678628	BM25
351	Q0	3:84-85	11	5.101460230319211	BM25
351	Q0	6:8-11	12	4.991535842075555	BM25
351	Q0	29:46-47	13	4.9208474352870475	BM25
351	Q0	39:41-41	14	4.668359260621725	BM25
354	Q0	29:14-15	0	9.606830085348882	BM25
354	Q0	18:54-56	1	5.924422879935247	BM25
354	Q0	2:259-259	2	5.324365810508296	BM25
354	Q0	9:36-37	3	5.259524047224351	BM25
354	Q0	22:47-48	4	4.4213024539226184	BM25
354	Q0	46:15-18	5	4.1727478643405815	BM25
354	Q0	9:28-29	6	4.1354667691415	BM25
354	Q0	33:60-62	7	4.117892789877939	BM25
354	Q0	70:1-7	8	4.071327323841019	BM25
354	Q0	9:124-127	9	3.98291202233873	BM25
354	Q0	15:10-15	10	3.9812859150333595	BM25
354	Q0	2:255-255	11	3.937742391721441	BM25
354	Q0	17:88-89	12	3.7905588573192928	BM25
354	Q0	11:116-117	13	3.705202849895695	BM25
354	Q0	2:94-96	14	3.58487115459018	BM25
356	Q0	22:77-78	0	8.692034688292624	BM25
356	Q0	9:23-24	1	8.202031258372006	BM25
356	Q0	60:1-3	2	7.188870545472064	BM25
356	Q0	25:45-55	3	6.128954735065783	BM25
357	Q0	60:1-3	0	11.373051280137762	BM25
357	Q0	9:23-24	1	10.54473657188381	BM25
357	Q0	4:95-96	2	8.198642897236741	BM25
357	Q0	22:77-78	3	7.916650248108801	BM25
357	Q0	3:169-175	4	7.493154753647453	BM25
357	Q0	24:21-22	5	7.271655296387243	BM25
357	Q0	2:243-245	6	6.187637105280815	BM25
357	Q0	4:34-35	7	5.925941119778492	BM25
357	Q0	5:54-56	8	5.820254474492389	BM25
357	Q0	7:146-147	9	5.795083415615332	BM25
357	Q0	25:45-55	10	5.582213229010603	BM25
357	Q0	16:14-14	11	5.407849087802368	BM25
357	Q0	57:28-29	12	5.243581633161431	BM25
357	Q0	2:122-123	13	5.142212631058013	BM25
357	Q0	73:20-20	14	5.005959387582611	BM25
358	Q0	24:1-3	0	7.59804738493221	BM25
358	Q0	2:234-237	1	7.584909749233495	BM25
358	Q0	28:85-88	2	7.057416611185482	BM25
358	Q0	66:1-5	3	5.9466981989581225	BM25
358	Q0	33:36-40	4	5.456020665219284	BM25
358	Q0	33:49-52	5	5.205469197867823	BM25
358	Q0	15:87-89	6	5.096041719029766	BM25
358	Q0	21:48-50	7	4.697988157758568	BM25
358	Q0	37:40-49	8	4.697167051293046	BM25
358	Q0	25:1-2	9	4.58400404502521	BM25
358	Q0	6:159-160	10	4.423034401761639	BM25
358	Q0	44:51-59	11	4.267689233829975	BM25
358	Q0	8:41-41	12	4.225207317844701	BM25
358	Q0	9:122-123	13	4.225207317844701	BM25
358	Q0	56:11-26	14	4.022495674375876	BM25
361	Q0	4:80-84	0	9.401651833938605	BM25
361	Q0	5:78-81	1	7.539218227024184	BM25
361	Q0	45:16-20	2	6.993058019381516	BM25
361	Q0	3:78-80	3	6.76977183532178	BM25
361	Q0	6:84-90	4	6.012969582163152	BM25
361	Q0	10:3-6	5	5.684913691240019	BM25
361	Q0	23:78-92	6	4.809350997452928	BM25
361	Q0	64:11-13	7	4.233179494265082	BM25
361	Q0	4:64-65	8	4.17365217087708	BM25
361	Q0	9:56-59	9	3.9513929035608837	BM25
361	Q0	48:8-9	10	3.8831973803019353	BM25
361	Q0	59:6-7	11	3.7979110860401213	BM25
361	Q0	5:54-56	12	3.7754698768068407	BM25
361	Q0	4:41-42	13	3.6900811423515907	BM25
361	Q0	9:88-89	14	3.6900811423515907	BM25
362	Q0	27:54-58	0	11.206562009338551	BM25
362	Q0	25:35-40	1	9.514526551719303	BM25
362	Q0	26:160-175	2	9.445971688818803	BM25
362	Q0	27:1-6	3	8.89405791617229	BM25
362	Q0	54:18-22	4	8.712202996363455	BM25
362	Q0	7:80-84	5	8.298743666348514	BM25
362	Q0	17:9-11	6	7.830878597424796	BM25
362	Q0	4:101-103	7	7.443716383191751	BM25
362	Q0	84:16-25	8	7.407277982810981	BM25
362	Q0	54:33-42	9	7.372279154467578	BM25
362	Q0	17:88-89	10	7.159944508269775	BM25
362	Q0	11:116-117	11	6.998716494247424	BM25
362	Q0	18:54-56	12	6.6841393233814115	BM25
362	Q0	7:96-102	13	6.664512266057103	BM25
362	Q0	11:100-102	14	6.649345739213322	BM25
363	Q0	14:24-27	0	13.981728863645088	BM25
363	Q0	34:15-19	1	10.28005116197667	BM25
363	Q0	2:187-187	2	10.029699694065343	BM25
363	Q0	13:35-35	3	9.694894008597524	BM25
363	Q0	2:183-186	4	9.4406566281164	BM25
363	Q0	20:128-132	5	8.758508902350892	BM25
363	Q0	5:89-89	6	8.228379321433998	BM25
363	Q0	89:15-20	7	7.846924282890404	BM25
363	Q0	6:141-142	8	7.452338132621662	BM25
363	Q0	17:88-89	9	7.159944508269775	BM25
363	Q0	12:11-15	10	7.028236459013704	BM25
363	Q0	11:116-117	11	6.998716494247424	BM25
363	Q0	2:265-266	12	6.962201671711093	BM25
363	Q0	5:3-3	13	6.962201671711093	BM25
363	Q0	5:94-95	14	6.873999631568483	BM25
364	Q0	11:96-99	0	9.785212507335217	BM25
364	Q0	39:60-67	1	8.094716495159815	BM25
364	Q0	56:41-56	2	7.773061646173513	BM25
364	Q0	13:5-7	3	7.682049597373338	BM25
364	Q0	17:12-17	4	7.4066853656519545	BM25
364	Q0	42:44-46	5	7.320089515667318	BM25
364	Q0	2:113-113	6	7.0042391931318555	BM25
364	Q0	84:6-15	7	7.002151490667471	BM25
364	Q0	39:71-75	8	6.729183297760103	BM25
364	Q0	2:211-212	9	6.560022768987515	BM25
364	Q0	33:69-71	10	6.3241735433867365	BM25
364	Q0	93:6-11	11	6.118468481128803	BM25
364	Q0	39:32-37	12	5.967699554952162	BM25
364	Q0	39:21-26	13	5.9153860680728325	BM25
364	Q0	47:20-24	14	5.7204213776117125	BM25
365	Q0	59:6-7	0	14.102440442696887	BM25
365	Q0	7:19-25	1	7.1726525033578525	BM25
365	Q0	17:88-89	2	7.159944508269775	BM25
365	Q0	11:116-117	3	6.998716494247424	BM25
365	Q0	7:96-102	4	6.664512266057103	BM25
365	Q0	11:100-102	5	6.649345739213322	BM25
365	Q0	27:1-6	6	6.555842084413656	BM25
365	Q0	25:30-34	7	6.125178245646904	BM25
365	Q0	28:57-59	8	6.006799344907525	BM25
365	Q0	17:45-48	9	5.968350030319864	BM25
365	Q0	27:76-78	10	5.796263861357184	BM25
365	Q0	12:1-3	11	5.655633027217229	BM25
365	Q0	76:23-26	12	5.5216646092140795	BM25
365	Q0	7:204-206	13	5.4570325849229375	BM25
365	Q0	54:18-22	14	5.4570325849229375	BM25
367	Q0	7:52-53	0	8.820500397360483	BM25
367	Q0	10:18-20	1	8.381373865552563	BM25
367	Q0	39:42-44	2	8.381373865552563	BM25
367	Q0	6:93-94	3	7.229614911521905	BM25
367	Q0	30:8-16	4	5.6710078830255135	BM25
368	Q0	17:31-35	0	8.281517557833231	BM25
368	Q0	18:99-106	1	7.749082466661516	BM25
369	Q0	5:72-73	0	8.98393590293681	BM25
369	Q0	4:171-172	1	8.436890239745662	BM25
369	Q0	5:15-17	2	7.847538952041345	BM25
369	Q0	9:30-31	3	7.259386653980448	BM25
369	Q0	5:32-34	4	6.318961859319822	BM25
369	Q0	5:74-77	5	6.054059950918565	BM25
369	Q0	4:153-161	6	3.8609552264007974	BM25
369	Q0	12:36-42	7	3.792843959656159	BM25
369	Q0	3:45-51	8	3.4180600612210386	BM25
369	Q0	25:63-77	9	-0.5643686234726422	BM25
369	Q0	40:38-46	10	-0.627688996896027	BM25
369	Q0	29:61-69	11	-0.6396501166807389	BM25
369	Q0	2:142-145	12	-0.6520759495045144	BM25
369	Q0	9:42-49	13	-0.656325874781515	BM25
369	Q0	4:2-6	14	-0.6784344633339853	BM25
370	Q0	39:42-44	0	8.381373865552563	BM25
370	Q0	34:20-23	1	7.983897415851135	BM25
370	Q0	43:81-89	2	7.048015471698004	BM25
370	Q0	19:77-87	3	6.81961452321287	BM25
370	Q0	20:102-113	4	5.951686666959755	BM25
371	Q0	12:23-29	0	11.82591814060861	BM25
371	Q0	37:99-113	1	11.000431839731261	BM25
371	Q0	2:247-248	2	10.973041201663817	BM25
371	Q0	40:34-35	3	10.143018977330831	BM25
371	Q0	3:33-41	4	9.957108423666124	BM25
371	Q0	12:7-10	5	9.865068295929788	BM25
371	Q0	12:88-92	6	9.095846445353365	BM25
371	Q0	24:46-54	7	8.3228187767123	BM25
371	Q0	12:81-87	8	8.193855575975572	BM25
371	Q0	12:80-80	9	7.560442321355154	BM25
371	Q0	72:25-28	10	7.48828814854167	BM25
371	Q0	14:21-23	11	7.321621004168968	BM25
371	Q0	63:5-8	12	7.319945993574175	BM25
371	Q0	52:32-47	13	7.2421297542476255	BM25
371	Q0	2:106-108	14	7.10791068846237	BM25
372	Q0	11:116-117	0	6.998716494247424	BM25
372	Q0	47:1-6	1	6.797052591857323	BM25
372	Q0	17:88-89	2	5.923315191900528	BM25
372	Q0	48:27-29	3	5.920768983542064	BM25
372	Q0	12:1-3	4	5.655633027217229	BM25
372	Q0	12:23-29	5	5.596822358513338	BM25
372	Q0	11:100-102	6	5.5479671900954255	BM25
372	Q0	76:23-26	7	5.5216646092140795	BM25
372	Q0	27:1-6	8	5.478039496979088	BM25
372	Q0	54:18-22	9	5.4570325849229375	BM25
372	Q0	7:96-102	10	5.22496485271388	BM25
372	Q0	25:30-34	11	5.1515793011339746	BM25
372	Q0	28:57-59	12	5.060643159155154	BM25
372	Q0	84:16-25	13	5.0437656367184776	BM25
372	Q0	20:1-8	14	4.9897825509364795	BM25
373	Q0	4:92-93	0	8.995332962853254	BM25
373	Q0	3:62-68	1	8.750652578660915	BM25
373	Q0	72:14-17	2	8.366768547842343	BM25
373	Q0	33:35-35	3	8.185733009870239	BM25
373	Q0	68:34-41	4	7.92840723455527	BM25
373	Q0	22:77-78	5	7.533693350441289	BM25
373	Q0	2:124-129	6	7.13036901324265	BM25
373	Q0	12:23-29	7	7.016081214268753	BM25
373	Q0	47:1-6	8	6.797052591857323	BM25
373	Q0	48:27-29	9	6.692829161276985	BM25
373	Q0	75:26-35	10	6.658182476661315	BM25
373	Q0	19:66-72	11	6.1298476670890345	BM25
373	Q0	3:137-144	12	6.086224099544963	BM25
373	Q0	33:36-40	13	6.002525736435671	BM25
373	Q0	17:2-8	14	5.793223075918206	BM25
374	Q0	3:62-68	0	13.056308382050785	BM25
374	Q0	3:33-41	1	11.442790943262448	BM25
374	Q0	2:124-129	2	11.305140836012058	BM25
374	Q0	6:161-163	3	10.665528513709921	BM25
374	Q0	22:77-78	4	10.339079312831847	BM25
374	Q0	3:95-97	5	9.84819589096014	BM25
374	Q0	4:92-93	6	9.306148448291474	BM25
374	Q0	16:120-124	7	9.094423136304812	BM25
374	Q0	72:14-17	8	8.366768547842343	BM25
374	Q0	68:34-41	9	7.879124637192138	BM25
374	Q0	2:135-138	10	7.705360342698493	BM25
374	Q0	33:35-35	11	7.608958460683942	BM25
374	Q0	4:122-126	12	6.65594976991272	BM25
374	Q0	12:23-29	13	6.264708878868827	BM25
374	Q0	40:1-4	14	6.246869474196833	BM25
391	Q0	22:14-15	0	11.412482503647631	BM25
391	Q0	33:63-68	1	9.535297947704356	BM25
391	Q0	4:47-48	2	9.147437717468012	BM25
391	Q0	7:52-53	3	9.147437717468012	BM25
391	Q0	4:127-127	4	7.585729303771333	BM25
391	Q0	6:71-73	5	7.497585073995875	BM25
391	Q0	4:22-24	6	7.440372609783362	BM25
391	Q0	3:59-61	7	7.319051407162417	BM25
391	Q0	17:88-89	8	7.159944508269775	BM25
391	Q0	2:222-223	9	7.022786382282642	BM25
391	Q0	11:116-117	10	6.998716494247424	BM25
391	Q0	47:7-11	11	6.876884350206536	BM25
391	Q0	47:25-29	12	6.7413582633264335	BM25
391	Q0	7:141-141	13	6.721756605021908	BM25
391	Q0	7:96-102	14	6.664512266057103	BM25
375	Q0	6:19-21	0	13.183704190032454	BM25
375	Q0	5:106-108	1	12.06059495406106	BM25
375	Q0	69:25-37	2	9.897057863049596	BM25
375	Q0	24:4-5	3	9.777583643198106	BM25
375	Q0	4:11-12	4	9.606275792330793	BM25
375	Q0	2:139-141	5	9.365081071207577	BM25
375	Q0	42:51-53	6	8.442213173025795	BM25
375	Q0	4:12-14	7	8.020020585104344	BM25
375	Q0	24:6-10	8	7.811437230600611	BM25
375	Q0	31:16-19	9	7.764040647372157	BM25
375	Q0	3:185-186	10	7.276733027983797	BM25
375	Q0	2:208-210	11	7.128880532355744	BM25
375	Q0	22:73-76	12	6.655570662432237	BM25
375	Q0	24:1-3	13	6.502495604201519	BM25
375	Q0	43:29-35	14	6.477261697561925	BM25
376	Q0	69:25-37	0	9.897057863049596	BM25
376	Q0	24:6-10	1	8.984431230147331	BM25
376	Q0	4:15-16	2	8.839802710049051	BM25
376	Q0	42:51-53	3	8.442213173025795	BM25
376	Q0	2:226-227	4	7.945783537401998	BM25
376	Q0	31:16-19	5	7.764040647372157	BM25
376	Q0	3:185-186	6	7.276733027983797	BM25
376	Q0	2:208-210	7	7.128880532355744	BM25
376	Q0	5:106-108	8	7.118238687670187	BM25
376	Q0	2:49-52	9	6.709820975966389	BM25
376	Q0	22:73-76	10	6.655570662432237	BM25
376	Q0	2:234-237	11	6.618273535223578	BM25
376	Q0	42:37-43	12	6.297205877555563	BM25
376	Q0	24:41-45	13	6.033514235486757	BM25
376	Q0	8:42-44	14	6.0267824596889845	BM25
378	Q0	97:1-5	0	9.643260175826136	BM25
378	Q0	77:20-28	1	8.137188078077633	BM25
378	Q0	84:6-15	2	8.081599860204237	BM25
378	Q0	87:1-5	3	7.570901008067214	BM25
378	Q0	74:11-26	4	7.097694455951137	BM25
378	Q0	25:1-2	5	7.019838039184586	BM25
378	Q0	6:91-92	6	6.22689988576453	BM25
378	Q0	89:15-20	7	6.127791279706434	BM25
378	Q0	54:47-50	8	5.728714508719976	BM25
378	Q0	56:57-62	9	5.728714508719976	BM25
378	Q0	2:284-286	10	5.706009562309574	BM25
378	Q0	23:17-22	11	5.59459126361085	BM25
378	Q0	43:9-14	12	5.541019815829787	BM25
378	Q0	41:9-12	13	5.336615108399741	BM25
378	Q0	39:60-67	14	5.2024147821234905	BM25
379	Q0	4:92-93	0	8.995332962853254	BM25
379	Q0	72:14-17	1	8.366768547842343	BM25
379	Q0	33:35-35	2	8.185733009870239	BM25
379	Q0	68:34-41	3	7.92840723455527	BM25
379	Q0	22:77-78	4	7.533693350441289	BM25
379	Q0	2:124-129	5	7.13036901324265	BM25
379	Q0	12:97-101	6	5.5867486157470205	BM25
379	Q0	3:62-68	7	5.426477364358277	BM25
379	Q0	2:67-73	8	4.775706981215746	BM25
380	Q0	4:101-103	0	7.071751795024278	BM25
380	Q0	29:44-45	1	6.95925744601608	BM25
380	Q0	62:9-11	2	5.997710678701555	BM25
380	Q0	2:3-5	3	5.863727934653609	BM25
380	Q0	31:1-5	4	5.863727934653609	BM25
380	Q0	4:162-162	5	5.723165451563604	BM25
380	Q0	5:57-58	6	5.222409075706008	BM25
380	Q0	14:35-41	7	5.155819629645533	BM25
380	Q0	27:1-6	8	5.110618886617862	BM25
380	Q0	9:17-18	9	4.951628056326739	BM25
380	Q0	11:112-115	10	4.951628056326739	BM25
380	Q0	2:109-110	11	4.900806856487992	BM25
380	Q0	98:1-5	12	4.8510182685642445	BM25
380	Q0	21:69-73	13	4.802231137340109	BM25
380	Q0	24:55-57	14	4.802231137340109	BM25
381	Q0	16:56-62	0	12.175809752056443	BM25
381	Q0	38:27-29	1	11.84159722593278	BM25
381	Q0	7:175-178	2	10.668771671920782	BM25
381	Q0	2:26-27	3	10.38250260974771	BM25
381	Q0	19:96-98	4	9.653574315254033	BM25
381	Q0	4:15-16	5	9.329745985645935	BM25
381	Q0	25:7-10	6	8.85817262385141	BM25
381	Q0	8:30-37	7	8.691058320789516	BM25
381	Q0	39:27-31	8	8.61818879232175	BM25
381	Q0	43:57-66	9	8.383103971821546	BM25
381	Q0	24:39-40	10	8.307891738372915	BM25
381	Q0	2:8-16	11	8.022632415889593	BM25
381	Q0	14:24-27	12	7.921187440179177	BM25
381	Q0	6:36-41	13	7.9138696067655845	BM25
381	Q0	66:10-12	14	7.709471747870735	BM25
382	Q0	40:10-12	0	8.381373865552563	BM25
382	Q0	54:18-22	1	7.53836478561776	BM25
382	Q0	10:21-23	2	7.309006611960311	BM25
382	Q0	3:116-117	3	7.201199711241008	BM25
382	Q0	56:88-96	4	6.967476310806094	BM25
382	Q0	69:1-8	5	6.819910829710433	BM25
382	Q0	50:1-11	6	6.764808715354198	BM25
382	Q0	50:36-45	7	6.5541200649959235	BM25
382	Q0	42:32-36	8	6.542769746684373	BM25
382	Q0	12:93-96	9	6.3492583810584735	BM25
382	Q0	9:81-85	10	6.169805295605885	BM25
382	Q0	21:78-82	11	5.779472375405146	BM25
382	Q0	14:13-18	12	5.728068368825123	BM25
382	Q0	51:38-46	13	5.67757070006445	BM25
382	Q0	34:10-13	14	5.627955608238497	BM25
385	Q0	57:12-15	0	10.987987445841238	BM25
385	Q0	9:124-127	1	8.906493991406855	BM25
385	Q0	60:12-13	2	7.900084940693118	BM25
385	Q0	9:128-129	3	7.768541879977614	BM25
385	Q0	9:86-87	4	7.677711309488479	BM25
385	Q0	33:41-44	5	7.286371876585369	BM25
385	Q0	47:20-24	6	7.170674210582222	BM25
385	Q0	4:144-145	7	7.133241508445231	BM25
385	Q0	33:42-48	8	6.970622920752438	BM25
385	Q0	33:59-59	9	6.759088462608402	BM25
385	Q0	2:23-24	10	6.687903714563461	BM25
385	Q0	60:10-11	11	6.423004600315988	BM25
385	Q0	48:18-23	12	6.331019181880073	BM25
385	Q0	11:13-14	13	6.207558676153637	BM25
385	Q0	24:30-31	14	6.147933633631387	BM25
387	Q0	8:1-4	0	7.210573560180335	BM25
387	Q0	4:92-93	1	6.1638994876317765	BM25
387	Q0	4:117-121	2	5.837886897879843	BM25
387	Q0	2:267-269	3	5.780325851478257	BM25
387	Q0	40:28-33	4	5.632976986671116	BM25
387	Q0	11:15-17	5	4.772175423618395	BM25
387	Q0	6:159-160	6	4.6470894708739365	BM25
387	Q0	11:13-14	7	4.439241175966273	BM25
387	Q0	7:159-162	8	4.148871886911103	BM25
387	Q0	2:220-221	9	4.127085499258192	BM25
387	Q0	17:61-65	10	4.115858427162895	BM25
387	Q0	35:39-41	11	4.081967996035283	BM25
387	Q0	8:5-8	12	4.022495674375876	BM25
387	Q0	71:25-28	13	3.96865479985796	BM25
387	Q0	21:92-95	14	3.9447253226756835	BM25
388	Q0	8:62-66	0	10.364320317620129	BM25
388	Q0	25:1-2	1	5.616974729960308	BM25
388	Q0	34:3-5	2	4.351462539934554	BM25
388	Q0	6:59-59	3	4.334787541923548	BM25
388	Q0	72:25-28	4	4.207732992851385	BM25
388	Q0	30:54-54	5	3.7988127935230613	BM25
388	Q0	96:1-5	6	3.5083450734154336	BM25
388	Q0	13:8-11	7	3.390472495098406	BM25
388	Q0	32:4-9	8	3.1449663840833963	BM25
388	Q0	8:1-4	9	3.079192156166515	BM25
388	Q0	34:14-14	10	2.902954341535542	BM25
388	Q0	35:36-38	11	2.8813273112246867	BM25
388	Q0	10:90-93	12	2.8223945664247534	BM25
388	Q0	4:137-139	13	2.781754897083032	BM25
388	Q0	9:90-96	14	2.705658368132287	BM25
389	Q0	16:98-102	0	10.555714167870782	BM25
389	Q0	84:16-25	1	9.187943971427245	BM25
389	Q0	17:9-11	2	8.234931203427806	BM25
389	Q0	34:48-54	3	7.767373925945246	BM25
389	Q0	7:94-95	4	7.360102526469502	BM25
389	Q0	16:112-113	5	7.034550711182441	BM25
389	Q0	11:116-117	6	6.998716494247424	BM25
389	Q0	11:120-123	7	6.7365785865043835	BM25
389	Q0	25:11-16	8	6.033735706347504	BM25
389	Q0	17:88-89	9	5.923315191900528	BM25
389	Q0	14:13-18	10	5.6580773090692755	BM25
389	Q0	12:1-3	11	5.655633027217229	BM25
389	Q0	11:100-102	12	5.5479671900954255	BM25
389	Q0	76:23-26	13	5.5216646092140795	BM25
389	Q0	7:142-143	14	5.511028111375016	BM25
392	Q0	4:34-35	0	13.820026654315672	BM25
392	Q0	4:128-130	1	13.44459240504102	BM25
392	Q0	39:27-31	2	13.145077891787647	BM25
392	Q0	17:45-48	3	11.512729509490384	BM25
392	Q0	22:14-15	4	11.412482503647631	BM25
392	Q0	3:110-115	5	9.774674788896737	BM25
392	Q0	33:63-68	6	9.535297947704356	BM25
392	Q0	30:55-60	7	9.279306113061487	BM25
392	Q0	4:47-48	8	9.147437717468012	BM25
392	Q0	7:52-53	9	9.147437717468012	BM25
392	Q0	11:41-44	10	8.81068432661342	BM25
392	Q0	47:1-6	11	8.632966985876733	BM25
392	Q0	2:60-62	12	7.784412901136259	BM25
392	Q0	4:127-127	13	7.585729303771333	BM25
392	Q0	6:71-73	14	7.497585073995875	BM25
393	Q0	4:64-65	0	13.465113308171052	BM25
393	Q0	2:216-218	1	12.644344309700148	BM25
393	Q0	22:14-15	2	11.412482503647631	BM25
393	Q0	2:275-276	3	11.076500546526852	BM25
393	Q0	47:20-24	4	11.030474093006205	BM25
393	Q0	2:246-246	5	10.304110731043915	BM25
393	Q0	4:17-18	6	10.138676088906047	BM25
393	Q0	2:109-110	7	9.93055880798214	BM25
393	Q0	9:117-121	8	9.777726796644387	BM25
393	Q0	8:62-66	9	9.718785062961176	BM25
393	Q0	33:63-68	10	9.535297947704356	BM25
393	Q0	28:57-59	11	9.258369416902033	BM25
393	Q0	6:27-32	12	9.204953826557137	BM25
393	Q0	4:47-48	13	9.147437717468012	BM25
393	Q0	7:52-53	14	9.147437717468012	BM25
394	Q0	22:14-15	0	11.412482503647631	BM25
394	Q0	28:85-88	1	11.203973142514643	BM25
394	Q0	9:28-29	2	9.991827917467177	BM25
394	Q0	33:63-68	3	9.535297947704356	BM25
394	Q0	4:47-48	4	9.147437717468012	BM25
394	Q0	7:52-53	5	9.147437717468012	BM25
394	Q0	4:92-93	6	8.995332962853254	BM25
394	Q0	72:14-17	7	8.366768547842343	BM25
394	Q0	33:35-35	8	8.185733009870239	BM25
394	Q0	68:34-41	9	7.92840723455527	BM25
394	Q0	24:1-3	10	7.59804738493221	BM25
394	Q0	2:234-237	11	7.584909749233495	BM25
394	Q0	22:77-78	12	7.533693350441289	BM25
394	Q0	6:71-73	13	7.497585073995875	BM25
394	Q0	17:88-89	14	7.159944508269775	BM25
395	Q0	9:36-37	0	6.74921438945859	BM25
395	Q0	6:148-150	1	6.121068283628089	BM25
395	Q0	6:145-147	2	6.035133827930341	BM25
395	Q0	6:138-140	3	5.9754194588934135	BM25
395	Q0	6:143-144	4	5.86086735295366	BM25
395	Q0	7:31-34	5	5.761484398501264	BM25
395	Q0	6:151-153	6	5.6292086184307335	BM25
395	Q0	28:57-59	7	5.3390931852957895	BM25
395	Q0	16:114-119	8	5.25828728816877	BM25
395	Q0	27:89-93	9	5.192726209968906	BM25
395	Q0	2:172-173	10	5.165065467636295	BM25
395	Q0	5:96-100	11	5.151827379366653	BM25
395	Q0	7:50-51	12	4.9301387673059525	BM25
395	Q0	3:92-94	13	4.874622672892749	BM25
395	Q0	24:1-3	14	4.695657575143631	BM25
396	Q0	28:57-59	0	8.51916342671742	BM25
396	Q0	9:36-37	1	8.00277969138739	BM25
396	Q0	9:1-6	2	7.801869684975683	BM25
396	Q0	27:89-93	3	7.448142657082309	BM25
396	Q0	6:138-140	4	7.093113479120902	BM25
396	Q0	6:148-150	5	7.093113479120902	BM25
396	Q0	6:143-144	6	6.962746480406357	BM25
396	Q0	6:145-147	7	6.6764265244450804	BM25
396	Q0	7:31-34	8	6.6764265244450804	BM25
396	Q0	6:151-153	9	6.523144927981106	BM25
396	Q0	16:114-119	10	6.523144927981106	BM25
396	Q0	5:96-100	11	6.449113527082051	BM25
396	Q0	2:172-173	12	6.283727568965758	BM25
396	Q0	7:50-51	13	6.017559091191278	BM25
396	Q0	3:92-94	14	5.954503322625112	BM25
398	Q0	72:1-7	0	13.374332664699548	BM25
398	Q0	6:128-131	1	12.687398675511169	BM25
398	Q0	33:36-40	2	11.70501342944365	BM25
398	Q0	2:213-214	3	10.029168723065176	BM25
398	Q0	17:53-56	4	9.710151656773427	BM25
398	Q0	7:179-179	5	8.321889661923613	BM25
398	Q0	41:25-29	6	8.199984194244891	BM25
398	Q0	10:74-78	7	8.14048663009853	BM25
398	Q0	34:14-14	8	8.019027081966039	BM25
398	Q0	30:55-60	9	7.891124857546017	BM25
398	Q0	46:15-18	10	7.643305982905318	BM25
398	Q0	31:27-28	11	7.451147831720736	BM25
398	Q0	66:9-9	12	7.440139340553002	BM25
398	Q0	75:1-15	13	7.276227217342527	BM25
398	Q0	55:33-36	14	7.229686577111569	BM25
399	Q0	99:1-8	0	10.820747233356112	BM25
399	Q0	7:179-179	1	8.321889661923613	BM25
399	Q0	41:25-29	2	8.199984194244891	BM25
399	Q0	34:14-14	3	8.019027081966039	BM25
399	Q0	72:1-7	4	7.9533331668095295	BM25
399	Q0	6:128-131	5	7.54483316784951	BM25
399	Q0	55:33-36	6	7.229686577111569	BM25
399	Q0	12:23-29	7	7.016081214268753	BM25
399	Q0	47:1-6	8	6.797052591857323	BM25
399	Q0	48:27-29	9	6.692829161276985	BM25
399	Q0	42:20-22	10	6.516927008534326	BM25
399	Q0	51:52-60	11	6.152962445635503	BM25
399	Q0	3:137-144	12	6.086224099544963	BM25
399	Q0	33:36-40	13	6.002525736435671	BM25
399	Q0	18:50-53	14	5.985811332662004	BM25
400	Q0	32:28-30	0	8.873977631321738	BM25
400	Q0	3:84-85	1	8.852273357722538	BM25
400	Q0	34:28-30	2	8.453571024689957	BM25
400	Q0	20:80-82	3	8.27526078148657	BM25
400	Q0	6:125-127	4	7.943717326812219	BM25
400	Q0	67:24-27	5	7.892693907248626	BM25
400	Q0	2:228-230	6	7.633960606375195	BM25
400	Q0	11:38-40	7	7.533693350441289	BM25
400	Q0	9:73-74	8	7.340963532765134	BM25
400	Q0	39:38-40	9	7.315182567226595	BM25
400	Q0	5:3-3	10	7.271990474116735	BM25
400	Q0	19:66-72	11	6.968060792959627	BM25
400	Q0	4:19-21	12	6.729615751511709	BM25
400	Q0	17:49-52	13	6.706183199592873	BM25
400	Q0	3:18-20	14	6.59081610498513	BM25
401	Q0	99:1-8	0	11.592392661037046	BM25
401	Q0	10:61-61	1	9.852954985404292	BM25
401	Q0	34:3-5	2	8.551671035731562	BM25
401	Q0	34:20-23	3	7.983897415851135	BM25
401	Q0	17:88-89	4	7.159944508269775	BM25
401	Q0	11:116-117	5	6.998716494247424	BM25
401	Q0	7:96-102	6	6.664512266057103	BM25
401	Q0	11:100-102	7	6.649345739213322	BM25
401	Q0	27:1-6	8	6.555842084413656	BM25
401	Q0	4:36-40	9	6.404519431916546	BM25
401	Q0	25:30-34	10	6.125178245646904	BM25
401	Q0	28:57-59	11	6.006799344907525	BM25
401	Q0	17:45-48	12	5.968350030319864	BM25
401	Q0	27:76-78	13	5.796263861357184	BM25
401	Q0	12:1-3	14	5.655633027217229	BM25
402	Q0	54:18-22	0	9.86239350386725	BM25
402	Q0	5:44-47	1	8.968280979211126	BM25
402	Q0	17:45-48	2	8.182405820706805	BM25
402	Q0	54:23-32	3	7.9779208303632085	BM25
402	Q0	54:33-42	4	7.629715525143682	BM25
402	Q0	18:57-59	5	7.172473576811019	BM25
402	Q0	54:9-17	6	7.036415246584023	BM25
402	Q0	11:116-117	7	6.998716494247424	BM25
402	Q0	57:25-27	8	6.468054381507931	BM25
402	Q0	47:20-24	9	6.244799729041273	BM25
402	Q0	48:27-29	10	6.220107639993634	BM25
402	Q0	17:88-89	11	5.923315191900528	BM25
402	Q0	13:28-29	12	5.870244466541132	BM25
402	Q0	21:48-50	13	5.824818432246399	BM25
402	Q0	12:1-3	14	5.655633027217229	BM25
404	Q0	5:72-73	0	10.289828891664738	BM25
404	Q0	4:171-172	1	9.663265397559213	BM25
404	Q0	26:10-22	2	9.479899296828618	BM25
404	Q0	5:15-17	3	9.214402113616549	BM25
404	Q0	4:66-70	4	8.691941497171607	BM25
404	Q0	3:133-136	5	8.41899870664062	BM25
404	Q0	9:81-85	6	8.357067504448414	BM25
404	Q0	54:51-55	7	8.333260414445471	BM25
404	Q0	9:30-31	8	8.31460145474491	BM25
404	Q0	2:159-162	9	7.863015009796033	BM25
404	Q0	6:112-113	10	7.666083627225843	BM25
404	Q0	2:240-242	11	7.411769156196701	BM25
404	Q0	3:156-158	12	7.204301443411255	BM25
404	Q0	9:124-127	13	7.137860915416239	BM25
404	Q0	6:136-137	14	6.95061039706657	BM25
405	Q0	11:100-102	0	15.114348069894103	BM25
405	Q0	12:1-3	1	15.044848204751927	BM25
405	Q0	7:96-102	2	12.465017241336533	BM25
405	Q0	20:99-101	3	9.743827015526868	BM25
405	Q0	11:120-123	4	8.196079534459974	BM25
405	Q0	2:154-157	5	8.110195858630131	BM25
405	Q0	25:30-34	6	7.576215194357822	BM25
405	Q0	7:130-136	7	7.447731807348396	BM25
405	Q0	17:88-89	8	7.159944508269775	BM25
405	Q0	11:116-117	9	6.998716494247424	BM25
405	Q0	18:9-16	10	6.9121906256341745	BM25
405	Q0	27:1-6	11	6.555842084413656	BM25
405	Q0	54:33-42	12	6.1068193889159845	BM25
405	Q0	28:85-88	13	6.008337282430031	BM25
405	Q0	28:57-59	14	6.006799344907525	BM25
407	Q0	54:18-22	0	9.86239350386725	BM25
407	Q0	3:92-94	1	8.334265922801402	BM25
407	Q0	17:45-48	2	8.182405820706805	BM25
407	Q0	5:44-47	3	8.159439390427705	BM25
407	Q0	54:23-32	4	7.9779208303632085	BM25
407	Q0	54:33-42	5	7.629715525143682	BM25
407	Q0	18:57-59	6	7.172473576811019	BM25
407	Q0	54:9-17	7	7.036415246584023	BM25
407	Q0	11:116-117	8	6.998716494247424	BM25
407	Q0	5:65-66	9	6.953540550560163	BM25
407	Q0	47:20-24	10	6.244799729041273	BM25
407	Q0	17:88-89	11	5.923315191900528	BM25
407	Q0	13:28-29	12	5.870244466541132	BM25
407	Q0	21:48-50	13	5.824818432246399	BM25
407	Q0	9:111-112	14	5.810665917920925	BM25
408	Q0	5:3-3	0	12.776957109027858	BM25
408	Q0	5:54-56	1	12.351140087531952	BM25
408	Q0	61:6-9	2	11.731492709874907	BM25
408	Q0	3:18-20	3	10.229151156836053	BM25
408	Q0	3:81-83	4	10.18500482362434	BM25
408	Q0	49:14-18	5	9.139555369121627	BM25
408	Q0	3:84-85	6	8.852273357722538	BM25
408	Q0	6:125-127	7	7.943717326812219	BM25
408	Q0	14:42-46	8	7.766215130405749	BM25
408	Q0	4:34-35	9	7.6254139901945885	BM25
408	Q0	27:76-78	10	7.405549492693479	BM25
408	Q0	9:73-74	11	7.340963532765134	BM25
408	Q0	21:74-75	12	7.314608348832738	BM25
408	Q0	26:69-89	13	7.232460737830285	BM25
408	Q0	18:25-26	14	7.139266053999008	BM25
409	Q0	99:1-8	0	10.820747233356112	BM25
409	Q0	17:88-89	1	7.159944508269775	BM25
409	Q0	11:116-117	2	6.998716494247424	BM25
409	Q0	7:96-102	3	6.664512266057103	BM25
409	Q0	11:100-102	4	6.649345739213322	BM25
409	Q0	27:1-6	5	6.555842084413656	BM25
409	Q0	25:30-34	6	6.125178245646904	BM25
409	Q0	28:57-59	7	6.006799344907525	BM25
409	Q0	17:45-48	8	5.968350030319864	BM25
409	Q0	27:76-78	9	5.796263861357184	BM25
409	Q0	12:1-3	10	5.655633027217229	BM25
409	Q0	76:23-26	11	5.5216646092140795	BM25
409	Q0	7:204-206	12	5.4570325849229375	BM25
409	Q0	54:18-22	13	5.4570325849229375	BM25
409	Q0	5:101-102	14	5.393896112636292	BM25
410	Q0	3:69-74	0	9.241828936928027	BM25
410	Q0	2:40-48	1	8.700574211056654	BM25
410	Q0	3:98-101	2	8.58417739743604	BM25
410	Q0	84:6-15	3	8.550089244961457	BM25
410	Q0	29:46-47	4	8.360822890586496	BM25
410	Q0	98:1-5	5	7.509928921395423	BM25
410	Q0	5:65-66	6	7.479836961278172	BM25
410	Q0	2:104-105	7	7.148989056369514	BM25
410	Q0	3:62-68	8	6.86938322659001	BM25
410	Q0	98:6-8	9	6.846169509551784	BM25
410	Q0	3:199-200	10	6.774431039913661	BM25
410	Q0	5:15-17	11	6.742465596589701	BM25
410	Q0	3:110-115	12	6.726439656361217	BM25
410	Q0	15:1-9	13	6.715582177069242	BM25
410	Q0	5:59-60	14	6.7041804212390055	BM25
411	Q0	6:19-21	0	11.511121117573374	BM25
411	Q0	82:6-8	1	10.381494114420757	BM25
411	Q0	80:17-23	2	9.744063393931716	BM25
411	Q0	22:8-13	3	8.736912977435551	BM25
411	Q0	47:12-15	4	8.522829505109003	BM25
411	Q0	17:88-89	5	7.159944508269775	BM25
411	Q0	19:73-76	6	7.120750263397764	BM25
411	Q0	11:116-117	7	6.998716494247424	BM25
411	Q0	7:96-102	8	6.664512266057103	BM25
411	Q0	11:100-102	9	6.649345739213322	BM25
411	Q0	27:1-6	10	6.555842084413656	BM25
411	Q0	26:213-227	11	6.226691418950888	BM25
411	Q0	25:30-34	12	6.125178245646904	BM25
411	Q0	28:57-59	13	6.006799344907525	BM25
411	Q0	17:45-48	14	5.968350030319864	BM25
412	Q0	2:158-158	0	12.813950705563487	BM25
412	Q0	2:282-283	1	10.987084898386769	BM25
412	Q0	3:84-85	2	8.852273357722538	BM25
412	Q0	39:27-31	3	8.61818879232175	BM25
412	Q0	11:15-17	4	8.439926828426406	BM25
412	Q0	6:125-127	5	7.943717326812219	BM25
412	Q0	20:70-76	6	7.70473251696569	BM25
412	Q0	9:73-74	7	7.340963532765134	BM25
412	Q0	28:20-21	8	7.274591507352975	BM25
412	Q0	5:3-3	9	7.271990474116735	BM25
412	Q0	36:1-12	10	7.188870545472064	BM25
412	Q0	65:1-3	11	7.1567767752134515	BM25
412	Q0	10:1-2	12	7.027806492987783	BM25
412	Q0	6:8-11	13	6.87237963901053	BM25
412	Q0	5:106-108	14	6.734025331631596	BM25
413	Q0	4:127-127	0	15.965055528384053	BM25
413	Q0	2:23-24	1	10.959445401023288	BM25
413	Q0	2:215-215	2	9.447677238123898	BM25
413	Q0	3:84-85	3	8.852273357722538	BM25
413	Q0	2:188-188	4	8.13118349090163	BM25
413	Q0	6:125-127	5	7.943717326812219	BM25
413	Q0	17:78-82	6	7.709471747870735	BM25
413	Q0	4:22-24	7	7.440372609783362	BM25
413	Q0	9:73-74	8	7.340963532765134	BM25
413	Q0	3:59-61	9	7.319051407162417	BM25
413	Q0	58:12-13	10	7.3053960693483955	BM25
413	Q0	40:5-6	11	7.274591507352975	BM25
413	Q0	5:3-3	12	7.271990474116735	BM25
413	Q0	4:29-30	13	7.190426342869694	BM25
413	Q0	2:222-223	14	7.022786382282642	BM25
414	Q0	20:114-114	0	12.615556440970865	BM25
414	Q0	4:92-93	1	8.995332962853254	BM25
414	Q0	72:14-17	2	8.366768547842343	BM25
414	Q0	22:47-48	3	8.351349079631612	BM25
414	Q0	29:14-15	4	8.250037509337819	BM25
414	Q0	33:35-35	5	8.185733009870239	BM25
414	Q0	82:6-8	6	8.13118349090163	BM25
414	Q0	68:34-41	7	7.92840723455527	BM25
414	Q0	33:60-62	8	7.778241936436107	BM25
414	Q0	56:75-80	9	7.726809617502289	BM25
414	Q0	70:1-7	10	7.690284945033036	BM25
414	Q0	22:77-78	11	7.533693350441289	BM25
414	Q0	15:10-15	12	7.520206728396346	BM25
414	Q0	50:36-45	13	7.507738801952973	BM25
414	Q0	22:49-51	14	7.448974537591471	BM25
415	Q0	39:21-26	0	9.302455544585385	BM25
415	Q0	3:84-85	1	8.852273357722538	BM25
415	Q0	85:17-22	2	8.426016392982762	BM25
415	Q0	53:57-62	3	8.317198589262283	BM25
415	Q0	6:125-127	4	7.943717326812219	BM25
415	Q0	88:1-7	5	7.812712163483114	BM25
415	Q0	77:45-50	6	7.6276477005275325	BM25
415	Q0	56:81-87	7	7.365925951067148	BM25
415	Q0	9:73-74	8	7.340963532765134	BM25
415	Q0	5:3-3	9	7.271990474116735	BM25
415	Q0	68:42-47	10	6.678466344625163	BM25
415	Q0	31:6-9	11	6.609921682373547	BM25
415	Q0	3:18-20	12	6.59081610498513	BM25
415	Q0	61:6-9	13	6.59081610498513	BM25
415	Q0	18:1-6	14	6.166864915057626	BM25
416	Q0	6:125-127	0	13.535373349820974	BM25
416	Q0	5:3-3	1	12.776957109027858	BM25
416	Q0	61:6-9	2	11.731492709874907	BM25
416	Q0	3:18-20	3	10.229151156836053	BM25
416	Q0	49:14-18	4	9.139555369121627	BM25
416	Q0	3:84-85	5	8.852273357722538	BM25
416	Q0	9:73-74	6	7.340963532765134	BM25
416	Q0	82:13-19	7	7.0034463790263715	BM25
416	Q0	36:55-58	8	6.9462181102916665	BM25
416	Q0	109:1-6	9	6.612550640812084	BM25
416	Q0	97:1-5	10	6.609155315935145	BM25
416	Q0	9:32-33	11	6.319151618239943	BM25
416	Q0	37:75-82	12	6.231197007848824	BM25
416	Q0	19:12-15	13	6.160734126116795	BM25
416	Q0	33:41-44	14	6.160734126116795	BM25
417	Q0	3:84-85	0	8.852273357722538	BM25
417	Q0	6:125-127	1	7.943717326812219	BM25
417	Q0	9:73-74	2	7.340963532765134	BM25
417	Q0	5:3-3	3	7.271990474116735	BM25
417	Q0	61:6-9	4	7.267429655184469	BM25
417	Q0	3:18-20	5	6.59081610498513	BM25
417	Q0	49:14-18	6	5.88877100314958	BM25
417	Q0	39:21-26	7	5.598754556877447	BM25
417	Q0	18:109-110	8	5.257142840538006	BM25
417	Q0	20:77-79	9	4.6436793101173	BM25
417	Q0	55:17-25	10	4.526693340077676	BM25
417	Q0	17:66-70	11	4.464220430862827	BM25
417	Q0	2:49-52	12	4.432412434906887	BM25
417	Q0	16:14-14	13	4.157277926453645	BM25
417	Q0	45:12-13	14	4.00221797302263	BM25
418	Q0	6:125-127	0	10.717267938993402	BM25
418	Q0	5:3-3	1	9.253778462684739	BM25
418	Q0	61:6-9	2	8.901556896881	BM25
418	Q0	3:84-85	3	8.852273357722538	BM25
418	Q0	3:18-20	4	7.900616723651463	BM25
418	Q0	9:73-74	5	7.340963532765134	BM25
418	Q0	49:14-18	6	7.059053374899517	BM25
418	Q0	39:21-26	7	6.762268802233221	BM25
418	Q0	2:256-256	8	6.0697531933004605	BM25
418	Q0	9:81-85	9	5.370525975276161	BM25
418	Q0	24:39-40	10	4.198652489135048	BM25
418	Q0	40:10-12	11	3.74143290109098	BM25
418	Q0	18:109-110	12	3.5748571315658437	BM25
418	Q0	31:29-32	13	3.564593630968016	BM25
418	Q0	20:77-79	14	3.1577019308797643	BM25
421	Q0	35:27-28	0	12.613612321467421	BM25
421	Q0	51:7-14	1	9.54868708092545	BM25
421	Q0	11:41-44	2	8.81068432661342	BM25
421	Q0	6:141-142	3	8.204238898332934	BM25
421	Q0	16:10-13	4	8.204238898332934	BM25
421	Q0	16:65-69	5	6.662999829078927	BM25
421	Q0	39:21-26	6	5.351663899281172	BM25
422	Q0	54:18-22	0	9.86239350386725	BM25
422	Q0	17:45-48	1	9.471580857840767	BM25
422	Q0	79:15-26	2	9.059619224821098	BM25
422	Q0	54:23-32	3	8.881622722917154	BM25
422	Q0	18:57-59	4	8.146072521323948	BM25
422	Q0	20:9-16	5	8.006457950007723	BM25
422	Q0	54:9-17	6	7.991545493334235	BM25
422	Q0	54:33-42	7	7.629715525143682	BM25
422	Q0	47:20-24	8	7.4939945037136955	BM25
422	Q0	17:88-89	9	7.159944508269775	BM25
422	Q0	11:116-117	10	6.998716494247424	BM25
422	Q0	7:96-102	11	6.664512266057103	BM25
422	Q0	11:100-102	12	6.649345739213322	BM25
422	Q0	27:1-6	13	6.555842084413656	BM25
422	Q0	25:30-34	14	6.125178245646904	BM25
423	Q0	9:32-33	0	10.426074542360093	BM25
423	Q0	48:1-4	1	8.820500397360483	BM25
423	Q0	2:233-233	2	8.310712509702029	BM25
423	Q0	16:80-83	3	7.908883581189178	BM25
423	Q0	17:88-89	4	7.88924960396444	BM25
423	Q0	12:4-6	5	7.763006731056566	BM25
423	Q0	11:116-117	6	7.702108350139844	BM25
423	Q0	7:96-102	7	7.109599405141128	BM25
423	Q0	28:57-59	8	6.771991372713295	BM25
423	Q0	25:30-34	9	6.699360550721912	BM25
423	Q0	11:100-102	10	6.649345739213322	BM25
423	Q0	27:1-6	11	6.555842084413656	BM25
423	Q0	17:45-48	12	6.521153955531972	BM25
423	Q0	20:1-8	13	5.824915840814023	BM25
423	Q0	27:76-78	14	5.796263861357184	BM25
425	Q0	2:91-93	0	7.554009758574976	BM25
425	Q0	3:181-184	1	7.048015471698004	BM25
425	Q0	12:23-29	2	7.016081214268753	BM25
425	Q0	47:1-6	3	6.797052591857323	BM25
425	Q0	48:27-29	4	6.692829161276985	BM25
425	Q0	3:137-144	5	6.086224099544963	BM25
425	Q0	33:36-40	6	6.002525736435671	BM25
425	Q0	3:110-115	7	5.868697196587282	BM25
425	Q0	5:20-26	8	5.558660517481138	BM25
425	Q0	3:33-41	9	5.117149451349419	BM25
425	Q0	4:153-161	10	4.691244416632086	BM25
426	Q0	4:101-103	0	14.172811844211486	BM25
426	Q0	33:4-6	1	13.083718443531843	BM25
426	Q0	7:96-102	2	11.975071932666427	BM25
426	Q0	8:72-75	3	11.755224151148418	BM25
426	Q0	4:144-145	4	11.691284516000913	BM25
426	Q0	33:25-27	5	11.300501301665456	BM25
426	Q0	46:29-32	6	11.031665582937025	BM25
426	Q0	4:137-139	7	10.786309612976996	BM25
426	Q0	17:9-11	8	10.4016550807404	BM25
426	Q0	3:28-30	9	10.386556560522305	BM25
426	Q0	3:110-115	10	9.816635124527126	BM25
426	Q0	7:1-3	11	9.792321065841328	BM25
426	Q0	32:23-27	12	9.723709673811479	BM25
426	Q0	9:71-72	13	9.61657011808822	BM25
426	Q0	27:1-6	14	9.499220087928755	BM25
427	Q0	46:29-32	0	13.713442222691375	BM25
427	Q0	7:96-102	1	11.975071932666427	BM25
427	Q0	33:25-27	2	11.300501301665456	BM25
427	Q0	17:9-11	3	10.4016550807404	BM25
427	Q0	3:110-115	4	9.816635124527126	BM25
427	Q0	4:167-169	5	9.738958814464013	BM25
427	Q0	20:77-79	6	9.738958814464013	BM25
427	Q0	32:23-27	7	9.723709673811479	BM25
427	Q0	27:1-6	8	9.499220087928755	BM25
427	Q0	28:57-59	9	9.497215035141878	BM25
427	Q0	4:25-25	10	9.488575029472052	BM25
427	Q0	17:12-17	11	9.296385502011471	BM25
427	Q0	3:69-74	12	9.241828936928027	BM25
427	Q0	81:1-14	13	9.233121414829371	BM25
427	Q0	31:33-34	14	9.14554750681622	BM25
