101	Q0	1:7-7	1	0.40663230419158936	SimCSE
101	Q0	15:78-79	2	0.33305779099464417	SimCSE
101	Q0	39:41-41	3	0.32187825441360474	SimCSE
101	Q0	79:1-5	4	0.32003054022789	SimCSE
101	Q0	76:23-26	5	0.3144974708557129	SimCSE
101	Q0	22:49-51	6	0.3006385266780853	SimCSE
101	Q0	20:83-85	7	0.2979324460029602	SimCSE
101	Q0	107:4-7	8	0.29763245582580566	SimCSE
101	Q0	7:144-145	9	0.29618385434150696	SimCSE
101	Q0	44:1-8	10	0.2953071594238281	SimCSE
102	Q0	20:83-85	1	0.6064456701278687	SimCSE
102	Q0	26:41-51	2	0.5589028596878052	SimCSE
102	Q0	26:52-68	3	0.5307683944702148	SimCSE
102	Q0	10:87-89	4	0.5292769074440002	SimCSE
102	Q0	79:15-26	5	0.5206420421600342	SimCSE
102	Q0	20:77-79	6	0.4893628656864166	SimCSE
102	Q0	10:79-86	7	0.4843388795852661	SimCSE
102	Q0	6:154-158	8	0.47941854596138	SimCSE
102	Q0	11:96-99	9	0.47916078567504883	SimCSE
102	Q0	28:47-50	10	0.4742170572280884	SimCSE
103	Q0	68:42-47	1	0.3708524703979492	SimCSE
103	Q0	1:5-6	2	0.36405661702156067	SimCSE
103	Q0	8:50-51	3	0.3489092290401459	SimCSE
103	Q0	18:57-59	4	0.3481367826461792	SimCSE
103	Q0	2:40-48	5	0.3444647789001465	SimCSE
103	Q0	27:76-78	6	0.340485155582428	SimCSE
103	Q0	7:4-7	7	0.33342939615249634	SimCSE
103	Q0	10:90-93	8	0.3322494626045227	SimCSE
103	Q0	47:7-11	9	0.3317855894565582	SimCSE
103	Q0	46:9-14	10	0.33140841126441956	SimCSE
105	Q0	78:1-5	1	0.5177927613258362	SimCSE
105	Q0	33:59-59	2	0.48028117418289185	SimCSE
105	Q0	33:32-34	3	0.4369222819805145	SimCSE
105	Q0	7:187-187	4	0.4273337125778198	SimCSE
105	Q0	70:36-39	5	0.4143708348274231	SimCSE
105	Q0	2:255-255	6	0.4037399888038635	SimCSE
105	Q0	1:7-7	7	0.4035015106201172	SimCSE
105	Q0	31:14-15	8	0.39920422434806824	SimCSE
105	Q0	6:59-59	9	0.3907535672187805	SimCSE
105	Q0	11:49-49	10	0.38814932107925415	SimCSE
106	Q0	5:78-81	1	0.5193724632263184	SimCSE
106	Q0	3:42-44	2	0.4813174605369568	SimCSE
106	Q0	5:72-73	3	0.42524826526641846	SimCSE
106	Q0	3:45-51	4	0.4242818355560303	SimCSE
106	Q0	33:7-8	5	0.4201069474220276	SimCSE
106	Q0	19:34-40	6	0.41554495692253113	SimCSE
106	Q0	70:36-39	7	0.3895311951637268	SimCSE
106	Q0	6:122-124	8	0.3884860873222351	SimCSE
106	Q0	66:9-9	9	0.38816720247268677	SimCSE
106	Q0	5:74-77	10	0.3757666349411011	SimCSE
107	Q0	1:7-7	1	0.6539629697799683	SimCSE
107	Q0	107:4-7	2	0.4465144872665405	SimCSE
107	Q0	2:1-2	3	0.4233628511428833	SimCSE
107	Q0	15:78-79	4	0.3899456858634949	SimCSE
107	Q0	66:9-9	5	0.37257710099220276	SimCSE
107	Q0	100:1-5	6	0.3716086745262146	SimCSE
107	Q0	67:12-12	7	0.3542565107345581	SimCSE
107	Q0	70:36-39	8	0.3536454439163208	SimCSE
107	Q0	86:1-4	9	0.3458588719367981	SimCSE
107	Q0	107:1-3	10	0.33687007427215576	SimCSE
108	Q0	20:83-85	1	0.5895204544067383	SimCSE
108	Q0	20:17-24	2	0.5026081800460815	SimCSE
108	Q0	17:101-104	3	0.5025866031646729	SimCSE
108	Q0	10:87-89	4	0.49438318610191345	SimCSE
108	Q0	7:159-162	5	0.49278727173805237	SimCSE
108	Q0	21:48-50	6	0.49074411392211914	SimCSE
108	Q0	79:15-26	7	0.4874931871891022	SimCSE
108	Q0	26:41-51	8	0.4748912751674652	SimCSE
108	Q0	26:52-68	9	0.4723805785179138	SimCSE
108	Q0	11:96-99	10	0.4702528119087219	SimCSE
109	Q0	1:7-7	1	0.6015846729278564	SimCSE
109	Q0	2:1-2	2	0.41652101278305054	SimCSE
109	Q0	107:1-3	3	0.3568870425224304	SimCSE
109	Q0	15:78-79	4	0.3536553382873535	SimCSE
109	Q0	103:1-3	5	0.3472006916999817	SimCSE
109	Q0	67:12-12	6	0.3437484800815582	SimCSE
109	Q0	107:4-7	7	0.34372270107269287	SimCSE
109	Q0	66:9-9	8	0.3296107053756714	SimCSE
109	Q0	78:31-37	9	0.3272271156311035	SimCSE
109	Q0	95:7-8	10	0.32483333349227905	SimCSE
110	Q0	1:7-7	1	0.5602763891220093	SimCSE
110	Q0	100:1-5	2	0.363945871591568	SimCSE
110	Q0	75:16-19	3	0.35302311182022095	SimCSE
110	Q0	37:133-138	4	0.35256969928741455	SimCSE
110	Q0	2:1-2	5	0.35168832540512085	SimCSE
110	Q0	66:9-9	6	0.3479675352573395	SimCSE
110	Q0	107:4-7	7	0.34255486726760864	SimCSE
110	Q0	15:78-79	8	0.3383869230747223	SimCSE
110	Q0	79:1-5	9	0.3374480903148651	SimCSE
110	Q0	24:4-5	10	0.32519903779029846	SimCSE
111	Q0	1:7-7	1	0.6034634709358215	SimCSE
111	Q0	107:4-7	2	0.43067118525505066	SimCSE
111	Q0	79:1-5	3	0.4158635437488556	SimCSE
111	Q0	67:12-12	4	0.3754529356956482	SimCSE
111	Q0	15:78-79	5	0.355328232049942	SimCSE
111	Q0	20:114-114	6	0.3474380373954773	SimCSE
111	Q0	107:1-3	7	0.33282312750816345	SimCSE
111	Q0	13:35-35	8	0.32893621921539307	SimCSE
111	Q0	100:1-5	9	0.3270168602466583	SimCSE
111	Q0	103:1-3	10	0.3267825245857239	SimCSE
112	Q0	20:114-114	1	0.44498637318611145	SimCSE
112	Q0	1:7-7	2	0.4007716774940491	SimCSE
112	Q0	25:1-2	3	0.39428842067718506	SimCSE
112	Q0	12:43-49	4	0.3818803131580353	SimCSE
112	Q0	64:1-4	5	0.3781152069568634	SimCSE
112	Q0	86:1-4	6	0.36486658453941345	SimCSE
112	Q0	6:8-11	7	0.36280542612075806	SimCSE
112	Q0	10:71-73	8	0.3515152335166931	SimCSE
112	Q0	114:1-6	9	0.35130661725997925	SimCSE
112	Q0	11:12-12	10	0.3488638401031494	SimCSE
115	Q0	1:7-7	1	0.4914102554321289	SimCSE
115	Q0	74:8-10	2	0.41419118642807007	SimCSE
115	Q0	94:1-4	3	0.4082341194152832	SimCSE
115	Q0	13:35-35	4	0.40537577867507935	SimCSE
115	Q0	75:16-19	5	0.4052616357803345	SimCSE
115	Q0	2:1-2	6	0.39945846796035767	SimCSE
115	Q0	107:4-7	7	0.3831802010536194	SimCSE
115	Q0	85:17-22	8	0.3777922987937927	SimCSE
115	Q0	70:36-39	9	0.36243724822998047	SimCSE
115	Q0	67:28-30	10	0.35541778802871704	SimCSE
116	Q0	17:1-1	1	0.453583687543869	SimCSE
116	Q0	2:275-276	2	0.39683812856674194	SimCSE
116	Q0	7:137-137	3	0.37602806091308594	SimCSE
116	Q0	38:45-48	4	0.37599849700927734	SimCSE
116	Q0	15:78-79	5	0.36770400404930115	SimCSE
116	Q0	2:1-2	6	0.35986313223838806	SimCSE
116	Q0	12:4-6	7	0.35046061873435974	SimCSE
116	Q0	75:16-19	8	0.34543851017951965	SimCSE
116	Q0	1:5-6	9	0.3297330141067505	SimCSE
116	Q0	21:69-73	10	0.32869046926498413	SimCSE
118	Q0	78:17-20	1	0.3873260021209717	SimCSE
118	Q0	12:43-49	2	0.38429975509643555	SimCSE
118	Q0	86:1-4	3	0.3749316930770874	SimCSE
118	Q0	1:7-7	4	0.35761845111846924	SimCSE
118	Q0	75:16-19	5	0.33483320474624634	SimCSE
118	Q0	45:36-37	6	0.33330780267715454	SimCSE
118	Q0	2:1-2	7	0.33183708786964417	SimCSE
118	Q0	114:1-6	8	0.3285001218318939	SimCSE
118	Q0	78:31-37	9	0.3260660171508789	SimCSE
118	Q0	34:14-14	10	0.3152340054512024	SimCSE
119	Q0	1:7-7	1	0.5927032828330994	SimCSE
119	Q0	107:4-7	2	0.4898056089878082	SimCSE
119	Q0	2:1-2	3	0.417110413312912	SimCSE
119	Q0	70:36-39	4	0.3794652819633484	SimCSE
119	Q0	100:1-5	5	0.34684324264526367	SimCSE
119	Q0	15:78-79	6	0.32872116565704346	SimCSE
119	Q0	4:31-31	7	0.32797637581825256	SimCSE
119	Q0	67:12-12	8	0.32391005754470825	SimCSE
119	Q0	86:1-4	9	0.3161674737930298	SimCSE
119	Q0	102:1-4	10	0.3113119602203369	SimCSE
120	Q0	75:16-19	1	0.40245282649993896	SimCSE
120	Q0	33:59-59	2	0.3894609808921814	SimCSE
120	Q0	16:77-79	3	0.38434889912605286	SimCSE
120	Q0	66:1-5	4	0.3815956115722656	SimCSE
120	Q0	21:78-82	5	0.3762807250022888	SimCSE
120	Q0	27:15-19	6	0.3668159246444702	SimCSE
120	Q0	9:71-72	7	0.34828293323516846	SimCSE
120	Q0	24:41-45	8	0.3433187007904053	SimCSE
120	Q0	38:17-20	9	0.34231817722320557	SimCSE
120	Q0	33:32-34	10	0.34223297238349915	SimCSE
121	Q0	4:12-14	1	0.469632089138031	SimCSE
121	Q0	4:11-12	2	0.45932328701019287	SimCSE
121	Q0	19:34-40	3	0.4553842544555664	SimCSE
121	Q0	4:176-176	4	0.4327109754085541	SimCSE
121	Q0	3:45-51	5	0.43095862865448	SimCSE
121	Q0	5:78-81	6	0.4073817729949951	SimCSE
121	Q0	19:88-95	7	0.3525364398956299	SimCSE
121	Q0	40:67-68	8	0.3524130582809448	SimCSE
121	Q0	36:69-70	9	0.351034939289093	SimCSE
121	Q0	4:171-172	10	0.34470316767692566	SimCSE
122	Q0	101:1-5	1	0.38563209772109985	SimCSE
122	Q0	114:1-6	2	0.3756602108478546	SimCSE
122	Q0	4:77-79	3	0.37008488178253174	SimCSE
122	Q0	75:16-19	4	0.359546422958374	SimCSE
122	Q0	10:1-2	5	0.3416847288608551	SimCSE
122	Q0	34:28-30	6	0.331461101770401	SimCSE
122	Q0	9:1-6	7	0.3263591229915619	SimCSE
122	Q0	17:88-89	8	0.32629451155662537	SimCSE
122	Q0	4:114-115	9	0.32441675662994385	SimCSE
122	Q0	2:219-219	10	0.3230925500392914	SimCSE
123	Q0	1:7-7	1	0.4226459860801697	SimCSE
123	Q0	15:78-79	2	0.33241134881973267	SimCSE
123	Q0	2:1-2	3	0.32538557052612305	SimCSE
123	Q0	41:53-54	4	0.30317527055740356	SimCSE
123	Q0	78:1-5	5	0.29387104511260986	SimCSE
123	Q0	67:12-12	6	0.290041983127594	SimCSE
123	Q0	104:1-9	7	0.27407366037368774	SimCSE
123	Q0	4:2-6	8	0.2715979814529419	SimCSE
123	Q0	100:1-5	9	0.2705223560333252	SimCSE
123	Q0	1:5-6	10	0.26766330003738403	SimCSE
125	Q0	2:1-2	1	0.43351468443870544	SimCSE
125	Q0	1:7-7	2	0.39477527141571045	SimCSE
125	Q0	104:1-9	3	0.38087475299835205	SimCSE
125	Q0	72:25-28	4	0.3656942844390869	SimCSE
125	Q0	107:4-7	5	0.36520758271217346	SimCSE
125	Q0	45:36-37	6	0.3311527669429779	SimCSE
125	Q0	7:180-180	7	0.31349700689315796	SimCSE
125	Q0	12:102-107	8	0.3127079904079437	SimCSE
125	Q0	79:1-5	9	0.3012266755104065	SimCSE
125	Q0	15:78-79	10	0.2911745309829712	SimCSE
127	Q0	47:12-15	1	0.5203380584716797	SimCSE
127	Q0	2:257-257	2	0.4828069508075714	SimCSE
127	Q0	70:36-39	3	0.4734902083873749	SimCSE
127	Q0	74:8-10	4	0.46803706884384155	SimCSE
127	Q0	13:35-35	5	0.4623953402042389	SimCSE
127	Q0	3:149-151	6	0.44280189275741577	SimCSE
127	Q0	1:7-7	7	0.4337282180786133	SimCSE
127	Q0	1:5-6	8	0.4221259653568268	SimCSE
127	Q0	2:1-2	9	0.4190590977668762	SimCSE
127	Q0	66:9-9	10	0.41729915142059326	SimCSE
128	Q0	12:33-35	1	0.5443936586380005	SimCSE
128	Q0	1:7-7	2	0.44137042760849	SimCSE
128	Q0	41:25-29	3	0.3864107131958008	SimCSE
128	Q0	4:31-31	4	0.374488890171051	SimCSE
128	Q0	12:36-42	5	0.36146560311317444	SimCSE
128	Q0	39:49-52	6	0.34990179538726807	SimCSE
128	Q0	7:179-179	7	0.3426298499107361	SimCSE
128	Q0	18:50-53	8	0.3407914638519287	SimCSE
128	Q0	34:14-14	9	0.32877814769744873	SimCSE
128	Q0	2:1-2	10	0.325997918844223	SimCSE
129	Q0	11:41-44	1	0.5297849774360657	SimCSE
129	Q0	88:17-20	2	0.49200403690338135	SimCSE
129	Q0	13:35-35	3	0.4646275043487549	SimCSE
129	Q0	78:17-20	4	0.4331049919128418	SimCSE
129	Q0	15:80-84	5	0.41617023944854736	SimCSE
129	Q0	1:7-7	6	0.411582350730896	SimCSE
129	Q0	114:1-6	7	0.4036182463169098	SimCSE
129	Q0	101:1-5	8	0.40029698610305786	SimCSE
129	Q0	21:30-35	9	0.39898884296417236	SimCSE
129	Q0	77:1-15	10	0.39867544174194336	SimCSE
132	Q0	1:7-7	1	0.6591817736625671	SimCSE
132	Q0	2:1-2	2	0.450594425201416	SimCSE
132	Q0	107:4-7	3	0.4333495497703552	SimCSE
132	Q0	100:1-5	4	0.42457863688468933	SimCSE
132	Q0	1:5-6	5	0.33992165327072144	SimCSE
132	Q0	2:60-62	6	0.33854082226753235	SimCSE
132	Q0	15:78-79	7	0.3308829069137573	SimCSE
132	Q0	66:9-9	8	0.3291468620300293	SimCSE
132	Q0	29:38-40	9	0.32221099734306335	SimCSE
132	Q0	79:1-5	10	0.31279295682907104	SimCSE
133	Q0	15:78-79	1	0.43057286739349365	SimCSE
133	Q0	1:7-7	2	0.39197564125061035	SimCSE
133	Q0	106:1-4	3	0.3799359202384949	SimCSE
133	Q0	66:9-9	4	0.3734959363937378	SimCSE
133	Q0	79:1-5	5	0.37109827995300293	SimCSE
133	Q0	2:1-2	6	0.36982619762420654	SimCSE
133	Q0	108:1-3	7	0.36640259623527527	SimCSE
133	Q0	9:23-24	8	0.3660481572151184	SimCSE
133	Q0	17:71-77	9	0.35746461153030396	SimCSE
133	Q0	21:74-75	10	0.3553526997566223	SimCSE
136	Q0	1:7-7	1	0.5117895603179932	SimCSE
136	Q0	15:87-89	2	0.403825968503952	SimCSE
136	Q0	6:143-144	3	0.40028083324432373	SimCSE
136	Q0	2:240-242	4	0.39276233315467834	SimCSE
136	Q0	2:188-188	5	0.36832910776138306	SimCSE
136	Q0	78:1-5	6	0.356477826833725	SimCSE
136	Q0	11:38-40	7	0.3438308835029602	SimCSE
136	Q0	107:4-7	8	0.34086066484451294	SimCSE
136	Q0	66:9-9	9	0.3400323688983917	SimCSE
136	Q0	2:1-2	10	0.3373842239379883	SimCSE
137	Q0	1:7-7	1	0.5023564696311951	SimCSE
137	Q0	20:114-114	2	0.3987112045288086	SimCSE
137	Q0	67:12-12	3	0.3638474941253662	SimCSE
137	Q0	107:1-3	4	0.36208516359329224	SimCSE
137	Q0	86:1-4	5	0.35890376567840576	SimCSE
137	Q0	54:43-46	6	0.3377630114555359	SimCSE
137	Q0	2:1-2	7	0.32642099261283875	SimCSE
137	Q0	100:1-5	8	0.32195985317230225	SimCSE
137	Q0	18:7-8	9	0.32158899307250977	SimCSE
137	Q0	4:77-79	10	0.3157575726509094	SimCSE
138	Q0	1:7-7	1	0.38410305976867676	SimCSE
138	Q0	107:4-7	2	0.3462636172771454	SimCSE
138	Q0	29:14-15	3	0.3451937437057495	SimCSE
138	Q0	37:139-148	4	0.32575273513793945	SimCSE
138	Q0	15:78-79	5	0.32279273867607117	SimCSE
138	Q0	2:1-2	6	0.32025283575057983	SimCSE
138	Q0	79:1-5	7	0.3098304271697998	SimCSE
138	Q0	7:179-179	8	0.30664217472076416	SimCSE
138	Q0	114:1-6	9	0.30160802602767944	SimCSE
138	Q0	64:5-6	10	0.3013968765735626	SimCSE
139	Q0	17:31-35	1	0.5064264535903931	SimCSE
139	Q0	34:14-14	2	0.47467589378356934	SimCSE
139	Q0	3:21-22	3	0.4317935109138489	SimCSE
139	Q0	12:7-10	4	0.410067081451416	SimCSE
139	Q0	4:92-93	5	0.40815141797065735	SimCSE
139	Q0	74:11-26	6	0.405478835105896	SimCSE
139	Q0	4:29-30	7	0.4017479717731476	SimCSE
139	Q0	7:141-141	8	0.39810091257095337	SimCSE
139	Q0	40:23-27	9	0.396320641040802	SimCSE
139	Q0	5:94-95	10	0.38903361558914185	SimCSE
140	Q0	34:14-14	1	0.5294381380081177	SimCSE
140	Q0	17:31-35	2	0.5119324922561646	SimCSE
140	Q0	3:21-22	3	0.4578351378440857	SimCSE
140	Q0	74:11-26	4	0.4462028741836548	SimCSE
140	Q0	40:23-27	5	0.4286271035671234	SimCSE
140	Q0	12:7-10	6	0.4237578809261322	SimCSE
140	Q0	80:17-23	7	0.41710102558135986	SimCSE
140	Q0	5:94-95	8	0.41474175453186035	SimCSE
140	Q0	35:36-38	9	0.4031943082809448	SimCSE
140	Q0	7:141-141	10	0.39838868379592896	SimCSE
141	Q0	1:7-7	1	0.5697975754737854	SimCSE
141	Q0	107:4-7	2	0.3931910991668701	SimCSE
141	Q0	79:1-5	3	0.3906519412994385	SimCSE
141	Q0	2:1-2	4	0.38639211654663086	SimCSE
141	Q0	15:78-79	5	0.37835457921028137	SimCSE
141	Q0	107:1-3	6	0.3734314739704132	SimCSE
141	Q0	100:1-5	7	0.37122204899787903	SimCSE
141	Q0	67:12-12	8	0.36918509006500244	SimCSE
141	Q0	85:17-22	9	0.3330828547477722	SimCSE
141	Q0	13:35-35	10	0.3217705190181732	SimCSE
142	Q0	12:102-107	1	0.33915066719055176	SimCSE
142	Q0	1:7-7	2	0.3277159333229065	SimCSE
142	Q0	20:99-101	3	0.32065775990486145	SimCSE
142	Q0	86:1-4	4	0.31104642152786255	SimCSE
142	Q0	104:1-9	5	0.2996721863746643	SimCSE
142	Q0	75:16-19	6	0.2920527160167694	SimCSE
142	Q0	114:1-6	7	0.2851855754852295	SimCSE
142	Q0	6:4-7	8	0.2848942279815674	SimCSE
142	Q0	79:1-5	9	0.28377220034599304	SimCSE
142	Q0	2:1-2	10	0.2823123335838318	SimCSE
143	Q0	77:41-44	1	0.40429598093032837	SimCSE
143	Q0	51:15-23	2	0.38513630628585815	SimCSE
143	Q0	76:12-22	3	0.37331897020339966	SimCSE
143	Q0	2:1-2	4	0.3487548232078552	SimCSE
143	Q0	34:10-13	5	0.3301694393157959	SimCSE
143	Q0	44:51-59	6	0.3269649147987366	SimCSE
143	Q0	22:19-22	7	0.326788991689682	SimCSE
143	Q0	66:9-9	8	0.3236086368560791	SimCSE
143	Q0	15:87-89	9	0.3229110836982727	SimCSE
143	Q0	101:6-11	10	0.3136327862739563	SimCSE
144	Q0	6:84-90	1	0.43995341658592224	SimCSE
144	Q0	12:7-10	2	0.4078916907310486	SimCSE
144	Q0	12:97-101	3	0.38591933250427246	SimCSE
144	Q0	12:93-96	4	0.3760151267051697	SimCSE
144	Q0	4:163-166	5	0.36039820313453674	SimCSE
144	Q0	12:11-15	6	0.35977667570114136	SimCSE
144	Q0	51:24-37	7	0.3511561155319214	SimCSE
144	Q0	1:5-6	8	0.34823188185691833	SimCSE
144	Q0	38:45-48	9	0.32600581645965576	SimCSE
144	Q0	15:45-50	10	0.3140166997909546	SimCSE
145	Q0	1:7-7	1	0.42640894651412964	SimCSE
145	Q0	107:4-7	2	0.40269115567207336	SimCSE
145	Q0	70:36-39	3	0.39699456095695496	SimCSE
145	Q0	22:47-48	4	0.3770763874053955	SimCSE
145	Q0	17:88-89	5	0.37688127160072327	SimCSE
145	Q0	82:9-12	6	0.37434178590774536	SimCSE
145	Q0	107:1-3	7	0.36629289388656616	SimCSE
145	Q0	22:42-46	8	0.36151793599128723	SimCSE
145	Q0	51:1-6	9	0.35672882199287415	SimCSE
145	Q0	67:12-12	10	0.3517110347747803	SimCSE
146	Q0	32:28-30	1	0.4234338402748108	SimCSE
146	Q0	1:7-7	2	0.41578760743141174	SimCSE
146	Q0	2:1-2	3	0.41053685545921326	SimCSE
146	Q0	15:78-79	4	0.3989492654800415	SimCSE
146	Q0	12:102-107	5	0.38365718722343445	SimCSE
146	Q0	22:42-46	6	0.36577361822128296	SimCSE
146	Q0	3:86-91	7	0.36162975430488586	SimCSE
146	Q0	26:1-9	8	0.3615564703941345	SimCSE
146	Q0	15:80-84	9	0.3602790832519531	SimCSE
146	Q0	50:20-35	10	0.35950738191604614	SimCSE
147	Q0	1:7-7	1	0.5023977160453796	SimCSE
147	Q0	2:1-2	2	0.43643099069595337	SimCSE
147	Q0	70:36-39	3	0.40701237320899963	SimCSE
147	Q0	66:9-9	4	0.39762911200523376	SimCSE
147	Q0	36:69-70	5	0.3972102105617523	SimCSE
147	Q0	22:42-46	6	0.3966701626777649	SimCSE
147	Q0	107:4-7	7	0.3900405764579773	SimCSE
147	Q0	41:25-29	8	0.387531042098999	SimCSE
147	Q0	4:137-139	9	0.3871052861213684	SimCSE
147	Q0	17:71-77	10	0.3819175958633423	SimCSE
149	Q0	19:88-95	1	0.4655124545097351	SimCSE
149	Q0	72:1-7	2	0.4519643485546112	SimCSE
149	Q0	40:67-68	3	0.4499804973602295	SimCSE
149	Q0	19:77-87	4	0.4458778202533722	SimCSE
149	Q0	3:45-51	5	0.4079008102416992	SimCSE
149	Q0	4:176-176	6	0.4009675681591034	SimCSE
149	Q0	4:97-100	7	0.40043339133262634	SimCSE
149	Q0	19:34-40	8	0.39941954612731934	SimCSE
149	Q0	2:247-248	9	0.3945886492729187	SimCSE
149	Q0	36:69-70	10	0.3944626450538635	SimCSE
151	Q0	2:3-5	1	0.5554192066192627	SimCSE
151	Q0	70:36-39	2	0.4482238292694092	SimCSE
151	Q0	9:69-70	3	0.44063830375671387	SimCSE
151	Q0	12:1-3	4	0.43636178970336914	SimCSE
151	Q0	12:108-111	5	0.428142786026001	SimCSE
151	Q0	40:5-6	6	0.41691887378692627	SimCSE
151	Q0	77:16-19	7	0.4165719449520111	SimCSE
151	Q0	11:15-17	8	0.41356754302978516	SimCSE
151	Q0	56:41-56	9	0.4074402451515198	SimCSE
151	Q0	1:5-6	10	0.3988751173019409	SimCSE
152	Q0	76:27-28	1	0.5595574378967285	SimCSE
152	Q0	23:12-16	2	0.5183810591697693	SimCSE
152	Q0	4:116-116	3	0.41401588916778564	SimCSE
152	Q0	7:54-56	4	0.4117893576622009	SimCSE
152	Q0	112:1-4	5	0.4112173020839691	SimCSE
152	Q0	75:20-25	6	0.4070904850959778	SimCSE
152	Q0	82:13-19	7	0.40493714809417725	SimCSE
152	Q0	77:20-28	8	0.38354456424713135	SimCSE
152	Q0	16:80-83	9	0.3827800154685974	SimCSE
152	Q0	54:47-50	10	0.38276803493499756	SimCSE
153	Q0	1:7-7	1	0.3459378778934479	SimCSE
153	Q0	100:1-5	2	0.33612990379333496	SimCSE
153	Q0	9:69-70	3	0.33437657356262207	SimCSE
153	Q0	2:1-2	4	0.33319467306137085	SimCSE
153	Q0	21:42-44	5	0.29539722204208374	SimCSE
153	Q0	9:75-80	6	0.2944876551628113	SimCSE
153	Q0	34:10-13	7	0.29121291637420654	SimCSE
153	Q0	15:78-79	8	0.2895503342151642	SimCSE
153	Q0	4:113-113	9	0.2837636172771454	SimCSE
153	Q0	66:9-9	10	0.2836710512638092	SimCSE
154	Q0	6:154-158	1	0.6199303865432739	SimCSE
154	Q0	2:1-2	2	0.6075340509414673	SimCSE
154	Q0	2:53-57	3	0.5616220235824585	SimCSE
154	Q0	41:45-46	4	0.5530217289924622	SimCSE
154	Q0	28:47-50	5	0.550593376159668	SimCSE
154	Q0	37:114-122	6	0.4995778799057007	SimCSE
154	Q0	7:144-145	7	0.4952426552772522	SimCSE
154	Q0	5:20-26	8	0.48843783140182495	SimCSE
154	Q0	6:91-92	9	0.4882950186729431	SimCSE
154	Q0	4:153-161	10	0.4869537949562073	SimCSE
155	Q0	2:1-2	1	0.705125093460083	SimCSE
155	Q0	2:99-101	2	0.5179734230041504	SimCSE
155	Q0	39:41-41	3	0.5137780904769897	SimCSE
155	Q0	3:118-120	4	0.482819527387619	SimCSE
155	Q0	4:113-113	5	0.478679358959198	SimCSE
155	Q0	27:38-44	6	0.4682946801185608	SimCSE
155	Q0	4:105-105	7	0.46149107813835144	SimCSE
155	Q0	98:1-5	8	0.4585173428058624	SimCSE
155	Q0	3:164-165	9	0.45260608196258545	SimCSE
155	Q0	16:63-64	10	0.4470110535621643	SimCSE
159	Q0	75:16-19	1	0.5216855406761169	SimCSE
159	Q0	1:7-7	2	0.3727579116821289	SimCSE
159	Q0	82:9-12	3	0.36115574836730957	SimCSE
159	Q0	17:88-89	4	0.3556572198867798	SimCSE
159	Q0	78:31-37	5	0.35066813230514526	SimCSE
159	Q0	2:188-188	6	0.3364664316177368	SimCSE
159	Q0	19:96-98	7	0.33168452978134155	SimCSE
159	Q0	16:103-109	8	0.3310650885105133	SimCSE
159	Q0	12:1-3	9	0.3309994339942932	SimCSE
159	Q0	41:25-29	10	0.32143115997314453	SimCSE
160	Q0	1:7-7	1	0.599362313747406	SimCSE
160	Q0	107:4-7	2	0.37448975443840027	SimCSE
160	Q0	15:78-79	3	0.3725537061691284	SimCSE
160	Q0	79:1-5	4	0.370198518037796	SimCSE
160	Q0	2:1-2	5	0.3616259694099426	SimCSE
160	Q0	107:1-3	6	0.3581107556819916	SimCSE
160	Q0	67:12-12	7	0.35668861865997314	SimCSE
160	Q0	66:9-9	8	0.34824055433273315	SimCSE
160	Q0	100:1-5	9	0.3265588879585266	SimCSE
160	Q0	10:74-78	10	0.31192150712013245	SimCSE
163	Q0	90:1-4	1	0.5219274759292603	SimCSE
163	Q0	82:6-8	2	0.48014453053474426	SimCSE
163	Q0	102:5-8	3	0.3679649233818054	SimCSE
163	Q0	3:92-94	4	0.36255544424057007	SimCSE
163	Q0	37:149-157	5	0.3612378239631653	SimCSE
163	Q0	32:23-27	6	0.35469821095466614	SimCSE
163	Q0	107:4-7	7	0.3530505299568176	SimCSE
163	Q0	67:1-5	8	0.34429314732551575	SimCSE
163	Q0	18:7-8	9	0.341255247592926	SimCSE
163	Q0	35:12-14	10	0.33850231766700745	SimCSE
164	Q0	48:8-9	1	0.48849666118621826	SimCSE
164	Q0	62:1-4	2	0.3905985951423645	SimCSE
164	Q0	13:12-13	3	0.38713645935058594	SimCSE
164	Q0	42:1-6	4	0.3740154802799225	SimCSE
164	Q0	52:48-49	5	0.36900436878204346	SimCSE
164	Q0	79:1-5	6	0.3582558035850525	SimCSE
164	Q0	40:7-9	7	0.35655057430267334	SimCSE
164	Q0	64:1-4	8	0.3456812798976898	SimCSE
164	Q0	87:1-5	9	0.3443745970726013	SimCSE
164	Q0	39:32-37	10	0.3339308202266693	SimCSE
201	Q0	66:9-9	1	0.422104150056839	SimCSE
201	Q0	15:78-79	2	0.3780328035354614	SimCSE
201	Q0	88:8-16	3	0.3358548879623413	SimCSE
201	Q0	53:57-62	4	0.33090853691101074	SimCSE
201	Q0	29:8-9	5	0.3244539499282837	SimCSE
201	Q0	100:1-5	6	0.31686609983444214	SimCSE
201	Q0	75:16-19	7	0.30063217878341675	SimCSE
201	Q0	111:1-5	8	0.29856735467910767	SimCSE
201	Q0	103:1-3	9	0.2944956421852112	SimCSE
201	Q0	13:28-29	10	0.2921201288700104	SimCSE
202	Q0	66:9-9	1	0.46503782272338867	SimCSE
202	Q0	72:14-17	2	0.4264103174209595	SimCSE
202	Q0	67:28-30	3	0.409941166639328	SimCSE
202	Q0	11:41-44	4	0.40653669834136963	SimCSE
202	Q0	13:14-17	5	0.38974177837371826	SimCSE
202	Q0	18:29-31	6	0.38904404640197754	SimCSE
202	Q0	107:4-7	7	0.3837829828262329	SimCSE
202	Q0	15:78-79	8	0.38262736797332764	SimCSE
202	Q0	21:30-35	9	0.38257235288619995	SimCSE
202	Q0	75:16-19	10	0.3759080767631531	SimCSE
204	Q0	6:161-163	1	0.5493903756141663	SimCSE
204	Q0	51:24-37	2	0.5293249487876892	SimCSE
204	Q0	2:130-134	3	0.4974209666252136	SimCSE
204	Q0	4:163-166	4	0.4873158931732178	SimCSE
204	Q0	16:120-124	5	0.4793241322040558	SimCSE
204	Q0	15:45-50	6	0.44474565982818604	SimCSE
204	Q0	9:113-116	7	0.43410491943359375	SimCSE
204	Q0	11:69-76	8	0.4229874014854431	SimCSE
204	Q0	107:4-7	9	0.39251983165740967	SimCSE
204	Q0	2:258-258	10	0.3925165832042694	SimCSE
205	Q0	64:5-6	1	0.4505355656147003	SimCSE
205	Q0	101:6-11	2	0.36779361963272095	SimCSE
205	Q0	78:21-30	3	0.3507575988769531	SimCSE
205	Q0	2:1-2	4	0.34917283058166504	SimCSE
205	Q0	26:1-9	5	0.34916815161705017	SimCSE
205	Q0	7:180-180	6	0.3427456319332123	SimCSE
205	Q0	4:167-169	7	0.33708810806274414	SimCSE
205	Q0	9:23-24	8	0.3368018865585327	SimCSE
205	Q0	18:107-108	9	0.3344050645828247	SimCSE
205	Q0	2:102-103	10	0.332683801651001	SimCSE
208	Q0	1:7-7	1	0.45189833641052246	SimCSE
208	Q0	41:25-29	2	0.37248241901397705	SimCSE
208	Q0	75:16-19	3	0.3686109781265259	SimCSE
208	Q0	20:114-114	4	0.3630129098892212	SimCSE
208	Q0	86:1-4	5	0.36249056458473206	SimCSE
208	Q0	36:69-70	6	0.35365256667137146	SimCSE
208	Q0	25:7-10	7	0.35029351711273193	SimCSE
208	Q0	2:1-2	8	0.34825044870376587	SimCSE
208	Q0	2:6-7	9	0.3468548655509949	SimCSE
208	Q0	74:8-10	10	0.3463638722896576	SimCSE
209	Q0	1:7-7	1	0.41043800115585327	SimCSE
209	Q0	11:12-12	2	0.37016940116882324	SimCSE
209	Q0	107:4-7	3	0.3564603924751282	SimCSE
209	Q0	82:9-12	4	0.35480162501335144	SimCSE
209	Q0	15:80-84	5	0.35039299726486206	SimCSE
209	Q0	2:1-2	6	0.3438035249710083	SimCSE
209	Q0	78:1-5	7	0.33467361330986023	SimCSE
209	Q0	70:36-39	8	0.334291934967041	SimCSE
209	Q0	26:1-9	9	0.3270450532436371	SimCSE
209	Q0	64:5-6	10	0.32399868965148926	SimCSE
211	Q0	10:87-89	1	0.49571770429611206	SimCSE
211	Q0	37:114-122	2	0.4615340232849121	SimCSE
211	Q0	20:83-85	3	0.4588049054145813	SimCSE
211	Q0	27:7-14	4	0.45295822620391846	SimCSE
211	Q0	10:79-86	5	0.45037126541137695	SimCSE
211	Q0	7:159-162	6	0.4485228955745697	SimCSE
211	Q0	79:15-26	7	0.4440452456474304	SimCSE
211	Q0	2:60-62	8	0.4294336140155792	SimCSE
211	Q0	26:41-51	9	0.4291619062423706	SimCSE
211	Q0	26:52-68	10	0.41598042845726013	SimCSE
212	Q0	75:16-19	1	0.3705773949623108	SimCSE
212	Q0	85:17-22	2	0.33384090662002563	SimCSE
212	Q0	15:78-79	3	0.3277839422225952	SimCSE
212	Q0	2:1-2	4	0.31883275508880615	SimCSE
212	Q0	1:7-7	5	0.3147739768028259	SimCSE
212	Q0	107:4-7	6	0.30690470337867737	SimCSE
212	Q0	107:1-3	7	0.3013365864753723	SimCSE
212	Q0	79:1-5	8	0.29943031072616577	SimCSE
212	Q0	7:148-149	9	0.2929203510284424	SimCSE
212	Q0	67:12-12	10	0.28953200578689575	SimCSE
216	Q0	107:4-7	1	0.3713763654232025	SimCSE
216	Q0	21:78-82	2	0.35278818011283875	SimCSE
216	Q0	27:15-19	3	0.35072463750839233	SimCSE
216	Q0	45:36-37	4	0.34830600023269653	SimCSE
216	Q0	34:14-14	5	0.30041855573654175	SimCSE
216	Q0	34:10-13	6	0.3000866174697876	SimCSE
216	Q0	2:1-2	7	0.29546022415161133	SimCSE
216	Q0	79:1-5	8	0.2911785840988159	SimCSE
216	Q0	1:1-4	9	0.28438901901245117	SimCSE
216	Q0	95:7-8	10	0.2794066071510315	SimCSE
217	Q0	70:36-39	1	0.41072267293930054	SimCSE
217	Q0	1:7-7	2	0.40934520959854126	SimCSE
217	Q0	101:1-5	3	0.37779754400253296	SimCSE
217	Q0	2:257-257	4	0.3769460618495941	SimCSE
217	Q0	74:8-10	5	0.3719039261341095	SimCSE
217	Q0	22:42-46	6	0.36973947286605835	SimCSE
217	Q0	47:12-15	7	0.3655092716217041	SimCSE
217	Q0	10:26-27	8	0.36401987075805664	SimCSE
217	Q0	76:23-26	9	0.3494911789894104	SimCSE
217	Q0	107:4-7	10	0.3486705422401428	SimCSE
219	Q0	45:36-37	1	0.46720051765441895	SimCSE
219	Q0	6:84-90	2	0.4483232796192169	SimCSE
219	Q0	107:4-7	3	0.44137242436408997	SimCSE
219	Q0	1:5-6	4	0.4140850305557251	SimCSE
219	Q0	27:15-19	5	0.3795667290687561	SimCSE
219	Q0	4:163-166	6	0.3785935044288635	SimCSE
219	Q0	26:213-227	7	0.35012584924697876	SimCSE
219	Q0	15:78-79	8	0.34460610151290894	SimCSE
219	Q0	15:45-50	9	0.3307090401649475	SimCSE
219	Q0	34:10-13	10	0.32819288969039917	SimCSE
220	Q0	18:54-56	1	0.39314308762550354	SimCSE
220	Q0	30:46-53	2	0.38992369174957275	SimCSE
220	Q0	23:42-44	3	0.36714476346969604	SimCSE
220	Q0	15:10-15	4	0.3433223068714142	SimCSE
220	Q0	15:61-77	5	0.33921125531196594	SimCSE
220	Q0	15:80-84	6	0.33045053482055664	SimCSE
220	Q0	48:8-9	7	0.3252953886985779	SimCSE
220	Q0	37:133-138	8	0.3244616389274597	SimCSE
220	Q0	40:5-6	9	0.323284775018692	SimCSE
220	Q0	43:29-35	10	0.31853610277175903	SimCSE
225	Q0	107:4-7	1	0.45148518681526184	SimCSE
225	Q0	45:36-37	2	0.37899285554885864	SimCSE
225	Q0	40:36-37	3	0.3637434244155884	SimCSE
225	Q0	1:7-7	4	0.35061249136924744	SimCSE
225	Q0	95:7-8	5	0.33088499307632446	SimCSE
225	Q0	18:83-89	6	0.3292157053947449	SimCSE
225	Q0	15:78-79	7	0.32645148038864136	SimCSE
225	Q0	100:1-5	8	0.3233726918697357	SimCSE
225	Q0	66:9-9	9	0.3200191259384155	SimCSE
225	Q0	104:1-9	10	0.3178255558013916	SimCSE
227	Q0	10:87-89	1	0.5280731916427612	SimCSE
227	Q0	20:83-85	2	0.5083296298980713	SimCSE
227	Q0	28:29-32	3	0.4843754172325134	SimCSE
227	Q0	6:154-158	4	0.4554542899131775	SimCSE
227	Q0	26:41-51	5	0.4511410892009735	SimCSE
227	Q0	7:159-162	6	0.45030149817466736	SimCSE
227	Q0	79:15-26	7	0.4406849145889282	SimCSE
227	Q0	20:17-24	8	0.43992653489112854	SimCSE
227	Q0	26:52-68	9	0.4297041893005371	SimCSE
227	Q0	2:60-62	10	0.4194156527519226	SimCSE
230	Q0	1:5-6	1	0.48873889446258545	SimCSE
230	Q0	107:4-7	2	0.4364332854747772	SimCSE
230	Q0	1:7-7	3	0.42639774084091187	SimCSE
230	Q0	74:8-10	4	0.4200216233730316	SimCSE
230	Q0	9:124-127	5	0.40776652097702026	SimCSE
230	Q0	15:78-79	6	0.397166907787323	SimCSE
230	Q0	78:17-20	7	0.38862478733062744	SimCSE
230	Q0	2:3-5	8	0.38076066970825195	SimCSE
230	Q0	6:42-45	9	0.3589993417263031	SimCSE
230	Q0	75:16-19	10	0.3560838997364044	SimCSE
231	Q0	1:7-7	1	0.42957380414009094	SimCSE
231	Q0	75:16-19	2	0.3456442654132843	SimCSE
231	Q0	3:86-91	3	0.3301178216934204	SimCSE
231	Q0	107:4-7	4	0.32848280668258667	SimCSE
231	Q0	94:1-4	5	0.326596736907959	SimCSE
231	Q0	23:1-11	6	0.31044864654541016	SimCSE
231	Q0	6:143-144	7	0.2959228456020355	SimCSE
231	Q0	25:7-10	8	0.289949893951416	SimCSE
231	Q0	13:28-29	9	0.2881610095500946	SimCSE
231	Q0	2:25-25	10	0.28811055421829224	SimCSE
232	Q0	7:180-180	1	0.4194434881210327	SimCSE
232	Q0	36:69-70	2	0.37750059366226196	SimCSE
232	Q0	1:7-7	3	0.36666977405548096	SimCSE
232	Q0	66:9-9	4	0.33842480182647705	SimCSE
232	Q0	4:31-31	5	0.33820289373397827	SimCSE
232	Q0	22:42-46	6	0.33723291754722595	SimCSE
232	Q0	76:23-26	7	0.3177487552165985	SimCSE
232	Q0	17:88-89	8	0.3139446973800659	SimCSE
232	Q0	12:102-107	9	0.3139118552207947	SimCSE
232	Q0	94:1-4	10	0.31222718954086304	SimCSE
233	Q0	38:21-26	1	0.5532483458518982	SimCSE
233	Q0	74:27-31	2	0.4295904040336609	SimCSE
233	Q0	1:7-7	3	0.4147440493106842	SimCSE
233	Q0	18:25-26	4	0.40867453813552856	SimCSE
233	Q0	24:4-5	5	0.3754161298274994	SimCSE
233	Q0	2:1-2	6	0.37238550186157227	SimCSE
233	Q0	100:1-5	7	0.36620810627937317	SimCSE
233	Q0	17:101-104	8	0.3586854338645935	SimCSE
233	Q0	1:5-6	9	0.32563430070877075	SimCSE
233	Q0	75:16-19	10	0.3227044641971588	SimCSE
235	Q0	15:78-79	1	0.3772585988044739	SimCSE
235	Q0	15:87-89	2	0.34172070026397705	SimCSE
235	Q0	28:60-67	3	0.3329009413719177	SimCSE
235	Q0	79:1-5	4	0.3280958831310272	SimCSE
235	Q0	10:98-103	5	0.3148774802684784	SimCSE
235	Q0	44:51-59	6	0.31395775079727173	SimCSE
235	Q0	1:5-6	7	0.3104087710380554	SimCSE
235	Q0	27:38-44	8	0.29262226819992065	SimCSE
235	Q0	41:53-54	9	0.2917405068874359	SimCSE
235	Q0	10:24-25	10	0.2884252965450287	SimCSE
236	Q0	10:57-60	1	0.2523881793022156	SimCSE
236	Q0	3:52-53	2	0.2429768443107605	SimCSE
236	Q0	22:49-51	3	0.22753360867500305	SimCSE
236	Q0	12:108-111	4	0.22710610926151276	SimCSE
236	Q0	4:113-113	5	0.22604064643383026	SimCSE
236	Q0	37:158-166	6	0.2238222062587738	SimCSE
236	Q0	59:8-10	7	0.22059619426727295	SimCSE
236	Q0	14:9-12	8	0.22016504406929016	SimCSE
236	Q0	34:10-13	9	0.21832489967346191	SimCSE
236	Q0	37:167-170	10	0.21738415956497192	SimCSE
237	Q0	114:1-6	1	0.35395193099975586	SimCSE
237	Q0	12:33-35	2	0.3390563726425171	SimCSE
237	Q0	51:24-37	3	0.3370364308357239	SimCSE
237	Q0	6:84-90	4	0.32778406143188477	SimCSE
237	Q0	40:34-35	5	0.3274649977684021	SimCSE
237	Q0	12:69-76	6	0.3262995779514313	SimCSE
237	Q0	38:30-40	7	0.3123493790626526	SimCSE
237	Q0	78:17-20	8	0.3121263086795807	SimCSE
237	Q0	12:7-10	9	0.30811411142349243	SimCSE
237	Q0	94:5-8	10	0.30724501609802246	SimCSE
238	Q0	10:57-60	1	0.30683523416519165	SimCSE
238	Q0	1:7-7	2	0.2820384204387665	SimCSE
238	Q0	3:52-53	3	0.2785710096359253	SimCSE
238	Q0	4:32-33	4	0.2700790762901306	SimCSE
238	Q0	3:159-160	5	0.26393067836761475	SimCSE
238	Q0	39:53-59	6	0.2575903832912445	SimCSE
238	Q0	49:14-18	7	0.25348734855651855	SimCSE
238	Q0	4:113-113	8	0.24905386567115784	SimCSE
238	Q0	109:1-6	9	0.2474706918001175	SimCSE
238	Q0	14:9-12	10	0.24548541009426117	SimCSE
240	Q0	1:7-7	1	0.44109928607940674	SimCSE
240	Q0	3:86-91	2	0.3489028215408325	SimCSE
240	Q0	4:167-169	3	0.3295513093471527	SimCSE
240	Q0	95:7-8	4	0.31477561593055725	SimCSE
240	Q0	112:1-4	5	0.30576831102371216	SimCSE
240	Q0	3:1-7	6	0.29739832878112793	SimCSE
240	Q0	2:1-2	7	0.2937358319759369	SimCSE
240	Q0	22:52-57	8	0.2933347523212433	SimCSE
240	Q0	3:10-13	9	0.29305630922317505	SimCSE
240	Q0	8:52-54	10	0.2886344790458679	SimCSE
243	Q0	1:7-7	1	0.40819811820983887	SimCSE
243	Q0	75:16-19	2	0.38810911774635315	SimCSE
243	Q0	3:52-53	3	0.38625451922416687	SimCSE
243	Q0	38:17-20	4	0.37587428092956543	SimCSE
243	Q0	85:17-22	5	0.3675742745399475	SimCSE
243	Q0	66:9-9	6	0.36558103561401367	SimCSE
243	Q0	107:4-7	7	0.3589075803756714	SimCSE
243	Q0	2:1-2	8	0.3409525156021118	SimCSE
243	Q0	1:5-6	9	0.3362760543823242	SimCSE
243	Q0	7:148-149	10	0.32746368646621704	SimCSE
244	Q0	79:15-26	1	0.5218133330345154	SimCSE
244	Q0	21:48-50	2	0.49965620040893555	SimCSE
244	Q0	20:83-85	3	0.48900556564331055	SimCSE
244	Q0	28:76-80	4	0.4714526832103729	SimCSE
244	Q0	10:87-89	5	0.4676920473575592	SimCSE
244	Q0	20:17-24	6	0.4586641788482666	SimCSE
244	Q0	7:159-162	7	0.45426347851753235	SimCSE
244	Q0	11:15-17	8	0.4528200626373291	SimCSE
244	Q0	6:154-158	9	0.45102694630622864	SimCSE
244	Q0	11:96-99	10	0.4498903155326843	SimCSE
248	Q0	15:78-79	1	0.5441856980323792	SimCSE
248	Q0	1:7-7	2	0.5094312429428101	SimCSE
248	Q0	2:1-2	3	0.40863585472106934	SimCSE
248	Q0	114:1-6	4	0.4057406187057495	SimCSE
248	Q0	107:4-7	5	0.3950234055519104	SimCSE
248	Q0	15:80-84	6	0.3823716342449188	SimCSE
248	Q0	100:1-5	7	0.35913658142089844	SimCSE
248	Q0	1:5-6	8	0.35874152183532715	SimCSE
248	Q0	67:12-12	9	0.33310621976852417	SimCSE
248	Q0	41:53-54	10	0.3275834619998932	SimCSE
249	Q0	21:30-35	1	0.4090844690799713	SimCSE
249	Q0	36:77-83	2	0.38496047258377075	SimCSE
249	Q0	1:5-6	3	0.37805116176605225	SimCSE
249	Q0	21:91-91	4	0.3780466318130493	SimCSE
249	Q0	107:4-7	5	0.36578601598739624	SimCSE
249	Q0	80:17-23	6	0.3649377226829529	SimCSE
249	Q0	112:1-4	7	0.36427029967308044	SimCSE
249	Q0	12:4-6	8	0.35125818848609924	SimCSE
249	Q0	15:80-84	9	0.34760046005249023	SimCSE
249	Q0	15:78-79	10	0.3405347168445587	SimCSE
251	Q0	107:4-7	1	0.47996121644973755	SimCSE
251	Q0	37:75-82	2	0.4486294686794281	SimCSE
251	Q0	37:114-122	3	0.43327319622039795	SimCSE
251	Q0	15:45-50	4	0.43281814455986023	SimCSE
251	Q0	51:24-37	5	0.4153876006603241	SimCSE
251	Q0	97:1-5	6	0.41407984495162964	SimCSE
251	Q0	33:42-48	7	0.41164934635162354	SimCSE
251	Q0	2:257-257	8	0.40281400084495544	SimCSE
251	Q0	5:15-17	9	0.39459240436553955	SimCSE
251	Q0	21:91-91	10	0.37541985511779785	SimCSE
252	Q0	1:5-6	1	0.49962317943573	SimCSE
252	Q0	15:78-79	2	0.4423922598361969	SimCSE
252	Q0	1:7-7	3	0.4142398238182068	SimCSE
252	Q0	100:1-5	4	0.39977121353149414	SimCSE
252	Q0	103:1-3	5	0.39840924739837646	SimCSE
252	Q0	75:16-19	6	0.3943912982940674	SimCSE
252	Q0	107:1-3	7	0.3800274431705475	SimCSE
252	Q0	7:146-147	8	0.37710314989089966	SimCSE
252	Q0	107:4-7	9	0.36121803522109985	SimCSE
252	Q0	13:35-35	10	0.3586156368255615	SimCSE
253	Q0	20:83-85	1	0.5040318369865417	SimCSE
253	Q0	11:96-99	2	0.49685102701187134	SimCSE
253	Q0	7:144-145	3	0.4475150406360626	SimCSE
253	Q0	6:154-158	4	0.4393569827079773	SimCSE
253	Q0	26:41-51	5	0.42953628301620483	SimCSE
253	Q0	2:60-62	6	0.4199211895465851	SimCSE
253	Q0	20:17-24	7	0.41747674345970154	SimCSE
253	Q0	17:101-104	8	0.410317599773407	SimCSE
253	Q0	79:15-26	9	0.40932655334472656	SimCSE
253	Q0	15:78-79	10	0.4046807289123535	SimCSE
255	Q0	1:5-6	1	0.42425212264060974	SimCSE
255	Q0	107:4-7	2	0.3779183626174927	SimCSE
255	Q0	21:91-91	3	0.33888423442840576	SimCSE
255	Q0	37:75-82	4	0.3271438777446747	SimCSE
255	Q0	6:84-90	5	0.31566283106803894	SimCSE
255	Q0	60:8-9	6	0.31483107805252075	SimCSE
255	Q0	15:78-79	7	0.3140285611152649	SimCSE
255	Q0	45:1-6	8	0.31152990460395813	SimCSE
255	Q0	2:1-2	9	0.30562329292297363	SimCSE
255	Q0	1:7-7	10	0.29890215396881104	SimCSE
257	Q0	107:4-7	1	0.5421990752220154	SimCSE
257	Q0	1:7-7	2	0.5394043922424316	SimCSE
257	Q0	18:83-89	3	0.444113165140152	SimCSE
257	Q0	94:5-8	4	0.4154597520828247	SimCSE
257	Q0	4:31-31	5	0.41357728838920593	SimCSE
257	Q0	40:36-37	6	0.40333011746406555	SimCSE
257	Q0	100:1-5	7	0.3911900222301483	SimCSE
257	Q0	67:12-12	8	0.389120876789093	SimCSE
257	Q0	59:1-5	9	0.387671560049057	SimCSE
257	Q0	108:1-3	10	0.378679484128952	SimCSE
258	Q0	1:7-7	1	0.5559112429618835	SimCSE
258	Q0	1:5-6	2	0.45335713028907776	SimCSE
258	Q0	107:4-7	3	0.4375336170196533	SimCSE
258	Q0	86:1-4	4	0.4180212914943695	SimCSE
258	Q0	66:9-9	5	0.40576446056365967	SimCSE
258	Q0	2:1-2	6	0.39483198523521423	SimCSE
258	Q0	107:1-3	7	0.3652482032775879	SimCSE
258	Q0	75:16-19	8	0.3558140993118286	SimCSE
258	Q0	34:10-13	9	0.3390007019042969	SimCSE
258	Q0	85:17-22	10	0.3290610611438751	SimCSE
265	Q0	3:121-129	1	0.4458548426628113	SimCSE
265	Q0	25:1-2	2	0.39326637983322144	SimCSE
265	Q0	107:4-7	3	0.38909098505973816	SimCSE
265	Q0	79:1-5	4	0.36173778772354126	SimCSE
265	Q0	7:137-137	5	0.36027395725250244	SimCSE
265	Q0	22:3-4	6	0.3584146797657013	SimCSE
265	Q0	52:48-49	7	0.3520216941833496	SimCSE
265	Q0	1:7-7	8	0.3409818410873413	SimCSE
265	Q0	59:1-5	9	0.33688944578170776	SimCSE
265	Q0	13:12-13	10	0.3347542881965637	SimCSE
266	Q0	1:7-7	1	0.5752750635147095	SimCSE
266	Q0	107:4-7	2	0.42850854992866516	SimCSE
266	Q0	2:1-2	3	0.42278754711151123	SimCSE
266	Q0	66:9-9	4	0.4154357314109802	SimCSE
266	Q0	13:35-35	5	0.38652271032333374	SimCSE
266	Q0	1:5-6	6	0.3762562572956085	SimCSE
266	Q0	15:78-79	7	0.3728294372558594	SimCSE
266	Q0	4:31-31	8	0.3712307810783386	SimCSE
266	Q0	41:25-29	9	0.36435019969940186	SimCSE
266	Q0	36:69-70	10	0.3564997613430023	SimCSE
268	Q0	9:107-110	1	0.40912672877311707	SimCSE
268	Q0	2:246-246	2	0.39627110958099365	SimCSE
268	Q0	107:4-7	3	0.3873004615306854	SimCSE
268	Q0	48:27-29	4	0.38538944721221924	SimCSE
268	Q0	7:159-162	5	0.379935622215271	SimCSE
268	Q0	37:114-122	6	0.37016910314559937	SimCSE
268	Q0	20:83-85	7	0.3673722743988037	SimCSE
268	Q0	28:7-13	8	0.35476353764533997	SimCSE
268	Q0	7:103-108	9	0.347442626953125	SimCSE
268	Q0	28:47-50	10	0.346477210521698	SimCSE
301	Q0	1:7-7	1	0.5921873450279236	SimCSE
301	Q0	107:4-7	2	0.48276156187057495	SimCSE
301	Q0	2:1-2	3	0.42858657240867615	SimCSE
301	Q0	101:6-11	4	0.3952949047088623	SimCSE
301	Q0	7:180-180	5	0.37328189611434937	SimCSE
301	Q0	18:107-108	6	0.34627068042755127	SimCSE
301	Q0	45:36-37	7	0.3440215289592743	SimCSE
301	Q0	64:5-6	8	0.342394083738327	SimCSE
301	Q0	66:9-9	9	0.34093356132507324	SimCSE
301	Q0	1:5-6	10	0.32738417387008667	SimCSE
302	Q0	1:7-7	1	0.47851771116256714	SimCSE
302	Q0	2:1-2	2	0.3675087094306946	SimCSE
302	Q0	79:1-5	3	0.36042720079421997	SimCSE
302	Q0	7:180-180	4	0.34243977069854736	SimCSE
302	Q0	107:1-3	5	0.329332172870636	SimCSE
302	Q0	100:1-5	6	0.3263598084449768	SimCSE
302	Q0	67:12-12	7	0.30968141555786133	SimCSE
302	Q0	107:4-7	8	0.30357176065444946	SimCSE
302	Q0	24:4-5	9	0.2972963750362396	SimCSE
302	Q0	86:1-4	10	0.295805424451828	SimCSE
303	Q0	1:7-7	1	0.5319579839706421	SimCSE
303	Q0	107:4-7	2	0.4415697455406189	SimCSE
303	Q0	2:1-2	3	0.3577611446380615	SimCSE
303	Q0	95:7-8	4	0.35224688053131104	SimCSE
303	Q0	20:114-114	5	0.30370813608169556	SimCSE
303	Q0	4:104-104	6	0.290269672870636	SimCSE
303	Q0	21:91-91	7	0.286421537399292	SimCSE
303	Q0	4:167-169	8	0.28637033700942993	SimCSE
303	Q0	18:107-108	9	0.27940165996551514	SimCSE
303	Q0	13:28-29	10	0.2776574492454529	SimCSE
304	Q0	1:7-7	1	0.6288720965385437	SimCSE
304	Q0	107:4-7	2	0.5740430355072021	SimCSE
304	Q0	79:1-5	3	0.37398871779441833	SimCSE
304	Q0	2:1-2	4	0.3631212115287781	SimCSE
304	Q0	67:12-12	5	0.35031935572624207	SimCSE
304	Q0	86:1-4	6	0.34087443351745605	SimCSE
304	Q0	103:1-3	7	0.32559847831726074	SimCSE
304	Q0	4:31-31	8	0.3175959885120392	SimCSE
304	Q0	15:78-79	9	0.31427788734436035	SimCSE
304	Q0	13:35-35	10	0.30763721466064453	SimCSE
306	Q0	66:9-9	1	0.38589757680892944	SimCSE
306	Q0	7:180-180	2	0.3842250108718872	SimCSE
306	Q0	38:49-54	3	0.347049355506897	SimCSE
306	Q0	72:18-24	4	0.34215104579925537	SimCSE
306	Q0	70:22-35	5	0.3381243348121643	SimCSE
306	Q0	6:118-121	6	0.3335838317871094	SimCSE
306	Q0	79:1-5	7	0.33217108249664307	SimCSE
306	Q0	2:30-33	8	0.3299717903137207	SimCSE
306	Q0	23:31-41	9	0.3293459415435791	SimCSE
306	Q0	18:29-31	10	0.32373639941215515	SimCSE
307	Q0	2:215-215	1	0.5163611173629761	SimCSE
307	Q0	2:195-195	2	0.44053661823272705	SimCSE
307	Q0	42:23-26	3	0.4377252459526062	SimCSE
307	Q0	2:272-274	4	0.4201336205005646	SimCSE
307	Q0	6:159-160	5	0.41965019702911377	SimCSE
307	Q0	22:58-66	6	0.4070781171321869	SimCSE
307	Q0	9:60-61	7	0.38194334506988525	SimCSE
307	Q0	41:33-36	8	0.3664388954639435	SimCSE
307	Q0	2:168-169	9	0.36061230301856995	SimCSE
307	Q0	4:148-149	10	0.35755836963653564	SimCSE
308	Q0	95:7-8	1	0.3410264849662781	SimCSE
308	Q0	3:116-117	2	0.33807820081710815	SimCSE
308	Q0	60:8-9	3	0.3273147940635681	SimCSE
308	Q0	4:106-109	4	0.32480067014694214	SimCSE
308	Q0	18:45-46	5	0.3101702928543091	SimCSE
308	Q0	34:14-14	6	0.3060682415962219	SimCSE
308	Q0	28:60-67	7	0.29157066345214844	SimCSE
308	Q0	13:25-27	8	0.28428250551223755	SimCSE
308	Q0	2:204-207	9	0.2825697660446167	SimCSE
308	Q0	9:38-40	10	0.27887725830078125	SimCSE
310	Q0	9:67-68	1	0.4052203297615051	SimCSE
310	Q0	13:35-35	2	0.3759651482105255	SimCSE
310	Q0	48:5-7	3	0.37303560972213745	SimCSE
310	Q0	1:7-7	4	0.3704412877559662	SimCSE
310	Q0	107:4-7	5	0.3562683165073395	SimCSE
310	Q0	2:1-2	6	0.32790589332580566	SimCSE
310	Q0	18:107-108	7	0.3246855139732361	SimCSE
310	Q0	2:25-25	8	0.30157607793807983	SimCSE
310	Q0	51:1-6	9	0.2975009083747864	SimCSE
310	Q0	41:53-54	10	0.29539936780929565	SimCSE
311	Q0	4:31-31	1	0.41399484872817993	SimCSE
311	Q0	6:159-160	2	0.37430596351623535	SimCSE
311	Q0	48:5-7	3	0.35781705379486084	SimCSE
311	Q0	14:24-27	4	0.3492116928100586	SimCSE
311	Q0	3:196-198	5	0.3455970585346222	SimCSE
311	Q0	10:26-27	6	0.34446680545806885	SimCSE
311	Q0	17:9-11	7	0.33404412865638733	SimCSE
311	Q0	34:15-19	8	0.3333457112312317	SimCSE
311	Q0	100:1-5	9	0.33329153060913086	SimCSE
311	Q0	111:1-5	10	0.32875752449035645	SimCSE
313	Q0	1:7-7	1	0.4413161873817444	SimCSE
313	Q0	107:4-7	2	0.3866382837295532	SimCSE
313	Q0	15:78-79	3	0.3636126220226288	SimCSE
313	Q0	18:60-77	4	0.3560517430305481	SimCSE
313	Q0	100:1-5	5	0.3407275676727295	SimCSE
313	Q0	2:1-2	6	0.33623871207237244	SimCSE
313	Q0	34:24-27	7	0.3273557424545288	SimCSE
313	Q0	79:1-5	8	0.3267168402671814	SimCSE
313	Q0	2:255-255	9	0.31222808361053467	SimCSE
313	Q0	103:1-3	10	0.30748769640922546	SimCSE
314	Q0	77:41-44	1	0.41909343004226685	SimCSE
314	Q0	4:128-130	2	0.4098815619945526	SimCSE
314	Q0	51:15-23	3	0.3720294237136841	SimCSE
314	Q0	21:76-77	4	0.3613629937171936	SimCSE
314	Q0	53:31-41	5	0.35923898220062256	SimCSE
314	Q0	4:31-31	6	0.35844945907592773	SimCSE
314	Q0	39:49-52	7	0.3514653444290161	SimCSE
314	Q0	35:42-45	8	0.351375013589859	SimCSE
314	Q0	2:195-195	9	0.3458114266395569	SimCSE
314	Q0	15:87-89	10	0.3401418924331665	SimCSE
316	Q0	1:7-7	1	0.4701593816280365	SimCSE
316	Q0	2:1-2	2	0.4301122725009918	SimCSE
316	Q0	26:1-9	3	0.3667565882205963	SimCSE
316	Q0	79:1-5	4	0.3493897318840027	SimCSE
316	Q0	20:114-114	5	0.34252697229385376	SimCSE
316	Q0	54:51-55	6	0.3378886878490448	SimCSE
316	Q0	107:4-7	7	0.33120718598365784	SimCSE
316	Q0	11:15-17	8	0.3245319426059723	SimCSE
316	Q0	85:17-22	9	0.3198973536491394	SimCSE
316	Q0	9:69-70	10	0.3150593638420105	SimCSE
317	Q0	95:7-8	1	0.5005003213882446	SimCSE
317	Q0	51:1-6	2	0.45644375681877136	SimCSE
317	Q0	33:35-35	3	0.43823015689849854	SimCSE
317	Q0	39:32-37	4	0.42204195261001587	SimCSE
317	Q0	6:4-7	5	0.4096965789794922	SimCSE
317	Q0	107:1-3	6	0.39790135622024536	SimCSE
317	Q0	55:46-78	7	0.3941560983657837	SimCSE
317	Q0	82:9-12	8	0.3884841799736023	SimCSE
317	Q0	34:20-23	9	0.3880600929260254	SimCSE
317	Q0	5:9-10	10	0.3861325979232788	SimCSE
323	Q0	9:117-121	1	0.4940055012702942	SimCSE
323	Q0	13:28-29	2	0.4826758801937103	SimCSE
323	Q0	33:9-17	3	0.445342093706131	SimCSE
323	Q0	22:52-57	4	0.4385993778705597	SimCSE
323	Q0	9:75-80	5	0.43783655762672424	SimCSE
323	Q0	33:60-62	6	0.4258232116699219	SimCSE
323	Q0	3:8-9	7	0.4225046634674072	SimCSE
323	Q0	15:10-15	8	0.41700029373168945	SimCSE
323	Q0	75:16-19	9	0.41633176803588867	SimCSE
323	Q0	94:1-4	10	0.41123926639556885	SimCSE
324	Q0	1:7-7	1	0.5716140270233154	SimCSE
324	Q0	107:4-7	2	0.4618864059448242	SimCSE
324	Q0	13:35-35	3	0.4091780185699463	SimCSE
324	Q0	11:100-102	4	0.3932279348373413	SimCSE
324	Q0	2:1-2	5	0.37072867155075073	SimCSE
324	Q0	66:9-9	6	0.36013156175613403	SimCSE
324	Q0	4:31-31	7	0.3562427759170532	SimCSE
324	Q0	28:85-88	8	0.3557282090187073	SimCSE
324	Q0	11:116-117	9	0.3491074740886688	SimCSE
324	Q0	15:78-79	10	0.3259389400482178	SimCSE
325	Q0	1:7-7	1	0.39648258686065674	SimCSE
325	Q0	17:1-1	2	0.3693082928657532	SimCSE
325	Q0	7:137-137	3	0.35640448331832886	SimCSE
325	Q0	67:12-12	4	0.3556828200817108	SimCSE
325	Q0	94:1-4	5	0.33668002486228943	SimCSE
325	Q0	8:50-51	6	0.326532781124115	SimCSE
325	Q0	86:1-4	7	0.31673699617385864	SimCSE
325	Q0	15:78-79	8	0.31222614645957947	SimCSE
325	Q0	79:1-5	9	0.3050428628921509	SimCSE
325	Q0	6:59-59	10	0.30017614364624023	SimCSE
326	Q0	1:7-7	1	0.41915374994277954	SimCSE
326	Q0	18:60-77	2	0.40433603525161743	SimCSE
326	Q0	94:1-4	3	0.3497636914253235	SimCSE
326	Q0	107:4-7	4	0.3465035855770111	SimCSE
326	Q0	15:78-79	5	0.3417177200317383	SimCSE
326	Q0	100:1-5	6	0.3350803852081299	SimCSE
326	Q0	17:1-1	7	0.33493268489837646	SimCSE
326	Q0	34:24-27	8	0.3293076455593109	SimCSE
326	Q0	6:63-67	9	0.3253936469554901	SimCSE
326	Q0	67:12-12	10	0.3210846185684204	SimCSE
327	Q0	1:7-7	1	0.4145462214946747	SimCSE
327	Q0	83:18-28	2	0.40423792600631714	SimCSE
327	Q0	107:1-3	3	0.40208762884140015	SimCSE
327	Q0	107:4-7	4	0.34677809476852417	SimCSE
327	Q0	43:26-28	5	0.34483304619789124	SimCSE
327	Q0	1:5-6	6	0.34273409843444824	SimCSE
327	Q0	86:1-4	7	0.34075745940208435	SimCSE
327	Q0	70:36-39	8	0.3352535367012024	SimCSE
327	Q0	67:28-30	9	0.3285462260246277	SimCSE
327	Q0	9:113-116	10	0.3179599642753601	SimCSE
328	Q0	20:99-101	1	0.5392813086509705	SimCSE
328	Q0	75:20-25	2	0.4975217580795288	SimCSE
328	Q0	82:13-19	3	0.4776460826396942	SimCSE
328	Q0	74:8-10	4	0.44750750064849854	SimCSE
328	Q0	7:163-163	5	0.4360101819038391	SimCSE
328	Q0	102:5-8	6	0.4318859279155731	SimCSE
328	Q0	80:33-42	7	0.4112839698791504	SimCSE
328	Q0	77:16-19	8	0.4069880247116089	SimCSE
328	Q0	25:21-29	9	0.40409907698631287	SimCSE
328	Q0	20:123-127	10	0.4038580656051636	SimCSE
332	Q0	15:78-79	1	0.582937479019165	SimCSE
332	Q0	66:9-9	2	0.5165339708328247	SimCSE
332	Q0	100:1-5	3	0.48571187257766724	SimCSE
332	Q0	107:4-7	4	0.4510696530342102	SimCSE
332	Q0	1:7-7	5	0.44586658477783203	SimCSE
332	Q0	6:63-67	6	0.4110438823699951	SimCSE
332	Q0	1:5-6	7	0.4062190055847168	SimCSE
332	Q0	74:1-7	8	0.3948775827884674	SimCSE
332	Q0	86:1-4	9	0.3818362057209015	SimCSE
332	Q0	8:50-51	10	0.3791993260383606	SimCSE
334	Q0	2:246-246	1	0.4700118899345398	SimCSE
334	Q0	98:1-5	2	0.4614095985889435	SimCSE
334	Q0	27:1-6	3	0.442300021648407	SimCSE
334	Q0	3:164-165	4	0.43808621168136597	SimCSE
334	Q0	31:1-5	5	0.43796250224113464	SimCSE
334	Q0	40:53-58	6	0.408491849899292	SimCSE
334	Q0	2:120-121	7	0.40824705362319946	SimCSE
334	Q0	2:159-162	8	0.4071272611618042	SimCSE
334	Q0	2:1-2	9	0.40142005681991577	SimCSE
334	Q0	2:190-194	10	0.39861416816711426	SimCSE
338	Q0	1:7-7	1	0.49154308438301086	SimCSE
338	Q0	15:78-79	2	0.48390913009643555	SimCSE
338	Q0	41:53-54	3	0.40235280990600586	SimCSE
338	Q0	66:9-9	4	0.3840494751930237	SimCSE
338	Q0	34:20-23	5	0.37814006209373474	SimCSE
338	Q0	4:36-40	6	0.3774416744709015	SimCSE
338	Q0	100:1-5	7	0.37514644861221313	SimCSE
338	Q0	107:1-3	8	0.3679830729961395	SimCSE
338	Q0	95:7-8	9	0.3675333559513092	SimCSE
338	Q0	2:208-210	10	0.3645683526992798	SimCSE
339	Q0	1:7-7	1	0.5273643732070923	SimCSE
339	Q0	15:78-79	2	0.39330780506134033	SimCSE
339	Q0	37:133-138	3	0.35647881031036377	SimCSE
339	Q0	66:9-9	4	0.3467809855937958	SimCSE
339	Q0	6:42-45	5	0.3405263423919678	SimCSE
339	Q0	23:62-77	6	0.3298550546169281	SimCSE
339	Q0	78:31-37	7	0.32747554779052734	SimCSE
339	Q0	100:1-5	8	0.3262779414653778	SimCSE
339	Q0	20:114-114	9	0.3216894268989563	SimCSE
339	Q0	30:28-32	10	0.31148865818977356	SimCSE
341	Q0	2:25-25	1	0.46011191606521606	SimCSE
341	Q0	4:31-31	2	0.4216008186340332	SimCSE
341	Q0	103:1-3	3	0.4207659363746643	SimCSE
341	Q0	7:148-149	4	0.40171176195144653	SimCSE
341	Q0	111:1-5	5	0.380059152841568	SimCSE
341	Q0	77:41-44	6	0.37974387407302856	SimCSE
341	Q0	13:35-35	7	0.37337279319763184	SimCSE
341	Q0	66:9-9	8	0.37214940786361694	SimCSE
341	Q0	42:37-43	9	0.36345142126083374	SimCSE
341	Q0	15:78-79	10	0.3580300807952881	SimCSE
343	Q0	2:257-257	1	0.5536277294158936	SimCSE
343	Q0	24:35-38	2	0.5122188329696655	SimCSE
343	Q0	2:17-20	3	0.47940701246261597	SimCSE
343	Q0	70:36-39	4	0.4180784821510315	SimCSE
343	Q0	56:41-56	5	0.4033384919166565	SimCSE
343	Q0	33:42-48	6	0.3979410231113434	SimCSE
343	Q0	6:122-124	7	0.39667022228240967	SimCSE
343	Q0	2:114-115	8	0.3840707540512085	SimCSE
343	Q0	43:36-39	9	0.38338297605514526	SimCSE
343	Q0	13:35-35	10	0.3832700848579407	SimCSE
344	Q0	2:219-219	1	0.46617916226387024	SimCSE
344	Q0	4:31-31	2	0.4078919589519501	SimCSE
344	Q0	10:26-27	3	0.37817811965942383	SimCSE
344	Q0	73:1-9	4	0.374889612197876	SimCSE
344	Q0	6:141-142	5	0.36961907148361206	SimCSE
344	Q0	74:8-10	6	0.36716511845588684	SimCSE
344	Q0	39:49-52	7	0.36322012543678284	SimCSE
344	Q0	2:122-123	8	0.36189791560173035	SimCSE
344	Q0	28:60-67	9	0.36145615577697754	SimCSE
344	Q0	107:4-7	10	0.36094874143600464	SimCSE
345	Q0	94:1-4	1	0.425434410572052	SimCSE
345	Q0	2:1-2	2	0.374692440032959	SimCSE
345	Q0	1:5-6	3	0.35632097721099854	SimCSE
345	Q0	1:7-7	4	0.35546156764030457	SimCSE
345	Q0	75:16-19	5	0.3398771286010742	SimCSE
345	Q0	2:255-255	6	0.32790133357048035	SimCSE
345	Q0	107:4-7	7	0.3241746127605438	SimCSE
345	Q0	15:80-84	8	0.3224799335002899	SimCSE
345	Q0	95:7-8	9	0.308546781539917	SimCSE
345	Q0	17:1-1	10	0.30640333890914917	SimCSE
347	Q0	35:39-41	1	0.5117186307907104	SimCSE
347	Q0	11:116-117	2	0.4268193244934082	SimCSE
347	Q0	45:36-37	3	0.40880805253982544	SimCSE
347	Q0	1:7-7	4	0.408572793006897	SimCSE
347	Q0	40:21-22	5	0.402276873588562	SimCSE
347	Q0	12:102-107	6	0.3907681703567505	SimCSE
347	Q0	2:1-2	7	0.3901917338371277	SimCSE
347	Q0	17:88-89	8	0.3833865225315094	SimCSE
347	Q0	21:30-35	9	0.3763514757156372	SimCSE
347	Q0	2:255-255	10	0.36386772990226746	SimCSE
348	Q0	40:36-37	1	0.4201754629611969	SimCSE
348	Q0	1:7-7	2	0.36464405059814453	SimCSE
348	Q0	7:159-162	3	0.35583776235580444	SimCSE
348	Q0	17:1-1	4	0.3517143726348877	SimCSE
348	Q0	107:4-7	5	0.3442213535308838	SimCSE
348	Q0	2:1-2	6	0.338697612285614	SimCSE
348	Q0	72:14-17	7	0.3356417417526245	SimCSE
348	Q0	78:21-30	8	0.31935882568359375	SimCSE
348	Q0	24:4-5	9	0.3157300055027008	SimCSE
348	Q0	21:48-50	10	0.3127865791320801	SimCSE
349	Q0	7:141-141	1	0.6021944880485535	SimCSE
349	Q0	4:74-76	2	0.5071688294410706	SimCSE
349	Q0	4:66-70	3	0.49136990308761597	SimCSE
349	Q0	22:58-66	4	0.46229615807533264	SimCSE
349	Q0	6:136-137	5	0.45955559611320496	SimCSE
349	Q0	33:25-27	6	0.4557470679283142	SimCSE
349	Q0	60:12-13	7	0.4458303153514862	SimCSE
349	Q0	2:178-179	8	0.44072073698043823	SimCSE
349	Q0	4:92-93	9	0.43566417694091797	SimCSE
349	Q0	3:156-158	10	0.42865458130836487	SimCSE
350	Q0	1:7-7	1	0.43560725450515747	SimCSE
350	Q0	107:4-7	2	0.4214901924133301	SimCSE
350	Q0	94:1-4	3	0.3985483944416046	SimCSE
350	Q0	67:12-12	4	0.3602468967437744	SimCSE
350	Q0	15:78-79	5	0.33980125188827515	SimCSE
350	Q0	79:1-5	6	0.333139032125473	SimCSE
350	Q0	21:48-50	7	0.33304888010025024	SimCSE
350	Q0	2:222-223	8	0.3281911611557007	SimCSE
350	Q0	13:35-35	9	0.31551593542099	SimCSE
350	Q0	7:180-180	10	0.3109810948371887	SimCSE
351	Q0	95:7-8	1	0.5132887959480286	SimCSE
351	Q0	4:104-104	2	0.4353734850883484	SimCSE
351	Q0	1:7-7	3	0.4200230836868286	SimCSE
351	Q0	4:110-112	4	0.36252325773239136	SimCSE
351	Q0	66:1-5	5	0.34723737835884094	SimCSE
351	Q0	107:4-7	6	0.34532201290130615	SimCSE
351	Q0	1:5-6	7	0.3419356942176819	SimCSE
351	Q0	27:76-78	8	0.33578580617904663	SimCSE
351	Q0	6:159-160	9	0.33041462302207947	SimCSE
351	Q0	41:53-54	10	0.3188494145870209	SimCSE
354	Q0	1:7-7	1	0.38930994272232056	SimCSE
354	Q0	78:31-37	2	0.38509970903396606	SimCSE
354	Q0	2:6-7	3	0.352744996547699	SimCSE
354	Q0	29:14-15	4	0.3321104645729065	SimCSE
354	Q0	17:45-48	5	0.33131155371665955	SimCSE
354	Q0	107:4-7	6	0.33012914657592773	SimCSE
354	Q0	46:26-28	7	0.3128790259361267	SimCSE
354	Q0	41:25-29	8	0.303628146648407	SimCSE
354	Q0	19:96-98	9	0.302528440952301	SimCSE
354	Q0	75:16-19	10	0.3013506233692169	SimCSE
356	Q0	1:7-7	1	0.48078426718711853	SimCSE
356	Q0	18:107-108	2	0.35654905438423157	SimCSE
356	Q0	2:25-25	3	0.3389447033405304	SimCSE
356	Q0	10:61-61	4	0.33770325779914856	SimCSE
356	Q0	2:1-2	5	0.3323814272880554	SimCSE
356	Q0	7:180-180	6	0.3305322527885437	SimCSE
356	Q0	79:1-5	7	0.3115452826023102	SimCSE
356	Q0	54:51-55	8	0.3029269576072693	SimCSE
356	Q0	103:1-3	9	0.29444336891174316	SimCSE
356	Q0	48:5-7	10	0.2832065224647522	SimCSE
357	Q0	4:113-113	1	0.3757718801498413	SimCSE
357	Q0	10:57-60	2	0.34258681535720825	SimCSE
357	Q0	59:8-10	3	0.3267022669315338	SimCSE
357	Q0	1:7-7	4	0.31996840238571167	SimCSE
357	Q0	2:1-2	5	0.31979089975357056	SimCSE
357	Q0	9:69-70	6	0.3173064589500427	SimCSE
357	Q0	10:26-27	7	0.3093935549259186	SimCSE
357	Q0	1:1-4	8	0.3055584728717804	SimCSE
357	Q0	31:12-13	9	0.3038070797920227	SimCSE
357	Q0	9:75-80	10	0.3004441261291504	SimCSE
358	Q0	1:7-7	1	0.4825272560119629	SimCSE
358	Q0	107:4-7	2	0.4189856946468353	SimCSE
358	Q0	15:78-79	3	0.40932148694992065	SimCSE
358	Q0	75:16-19	4	0.4058455228805542	SimCSE
358	Q0	66:9-9	5	0.38880401849746704	SimCSE
358	Q0	19:73-76	6	0.3391447365283966	SimCSE
358	Q0	2:1-2	7	0.33669495582580566	SimCSE
358	Q0	3:86-91	8	0.33489036560058594	SimCSE
358	Q0	13:35-35	9	0.3307725489139557	SimCSE
358	Q0	1:5-6	10	0.3298228979110718	SimCSE
361	Q0	72:25-28	1	0.45907604694366455	SimCSE
361	Q0	78:1-5	2	0.40488746762275696	SimCSE
361	Q0	3:52-53	3	0.3947167694568634	SimCSE
361	Q0	24:62-64	4	0.3903455138206482	SimCSE
361	Q0	4:80-84	5	0.38984769582748413	SimCSE
361	Q0	48:8-9	6	0.3843873143196106	SimCSE
361	Q0	4:64-65	7	0.36514291167259216	SimCSE
361	Q0	3:86-91	8	0.3621025085449219	SimCSE
361	Q0	33:36-40	9	0.354736328125	SimCSE
361	Q0	3:164-165	10	0.35232973098754883	SimCSE
362	Q0	1:7-7	1	0.467915415763855	SimCSE
362	Q0	78:31-37	2	0.37910646200180054	SimCSE
362	Q0	70:36-39	3	0.37014591693878174	SimCSE
362	Q0	16:24-29	4	0.35818660259246826	SimCSE
362	Q0	4:31-31	5	0.3571280241012573	SimCSE
362	Q0	66:9-9	6	0.3507022261619568	SimCSE
362	Q0	107:4-7	7	0.35022372007369995	SimCSE
362	Q0	17:45-48	8	0.3494485914707184	SimCSE
362	Q0	102:1-4	9	0.3395034074783325	SimCSE
362	Q0	75:16-19	10	0.3384823203086853	SimCSE
363	Q0	56:11-26	1	0.43026086688041687	SimCSE
363	Q0	35:12-14	2	0.4272829294204712	SimCSE
363	Q0	5:51-53	3	0.4114148020744324	SimCSE
363	Q0	2:183-186	4	0.39580637216567993	SimCSE
363	Q0	88:8-16	5	0.3904212713241577	SimCSE
363	Q0	5:4-5	6	0.3896664083003998	SimCSE
363	Q0	5:89-89	7	0.37337422370910645	SimCSE
363	Q0	38:49-54	8	0.36923128366470337	SimCSE
363	Q0	76:5-11	9	0.3669620752334595	SimCSE
363	Q0	24:39-40	10	0.3585987985134125	SimCSE
364	Q0	11:8-11	1	0.4989410936832428	SimCSE
364	Q0	20:123-127	2	0.43173983693122864	SimCSE
364	Q0	23:99-114	3	0.4147975444793701	SimCSE
364	Q0	14:47-52	4	0.4049147367477417	SimCSE
364	Q0	75:1-15	5	0.39982837438583374	SimCSE
364	Q0	20:102-113	6	0.3873358368873596	SimCSE
364	Q0	102:5-8	7	0.3871743679046631	SimCSE
364	Q0	17:61-65	8	0.38626018166542053	SimCSE
364	Q0	43:36-39	9	0.3774084448814392	SimCSE
364	Q0	41:47-48	10	0.37658995389938354	SimCSE
365	Q0	102:1-4	1	0.4529115557670593	SimCSE
365	Q0	11:49-49	2	0.433990478515625	SimCSE
365	Q0	12:1-3	3	0.43006250262260437	SimCSE
365	Q0	7:19-25	4	0.4150869846343994	SimCSE
365	Q0	12:102-107	5	0.41148754954338074	SimCSE
365	Q0	34:24-27	6	0.4024994969367981	SimCSE
365	Q0	1:7-7	7	0.40074479579925537	SimCSE
365	Q0	78:31-37	8	0.39951884746551514	SimCSE
365	Q0	74:8-10	9	0.3874734342098236	SimCSE
365	Q0	45:36-37	10	0.3779188394546509	SimCSE
367	Q0	1:7-7	1	0.5459939241409302	SimCSE
367	Q0	107:4-7	2	0.42785534262657166	SimCSE
367	Q0	2:1-2	3	0.390531063079834	SimCSE
367	Q0	23:1-11	4	0.35405606031417847	SimCSE
367	Q0	79:1-5	5	0.35167059302330017	SimCSE
367	Q0	15:78-79	6	0.34251365065574646	SimCSE
367	Q0	86:1-4	7	0.33960142731666565	SimCSE
367	Q0	100:1-5	8	0.3377625048160553	SimCSE
367	Q0	67:12-12	9	0.33096569776535034	SimCSE
367	Q0	26:1-9	10	0.307062029838562	SimCSE
368	Q0	15:78-79	1	0.43496641516685486	SimCSE
368	Q0	2:113-113	2	0.3836106061935425	SimCSE
368	Q0	102:1-4	3	0.37847405672073364	SimCSE
368	Q0	44:9-16	4	0.36894285678863525	SimCSE
368	Q0	78:1-5	5	0.3582664132118225	SimCSE
368	Q0	18:9-16	6	0.34130826592445374	SimCSE
368	Q0	74:8-10	7	0.340038537979126	SimCSE
368	Q0	2:1-2	8	0.33399781584739685	SimCSE
368	Q0	12:88-92	9	0.33232784271240234	SimCSE
368	Q0	4:163-166	10	0.3268273174762726	SimCSE
369	Q0	1:7-7	1	0.5267565250396729	SimCSE
369	Q0	107:4-7	2	0.406170517206192	SimCSE
369	Q0	95:7-8	3	0.366421103477478	SimCSE
369	Q0	2:1-2	4	0.36564165353775024	SimCSE
369	Q0	6:8-11	5	0.3533284068107605	SimCSE
369	Q0	15:78-79	6	0.3483175039291382	SimCSE
369	Q0	2:208-210	7	0.34815311431884766	SimCSE
369	Q0	48:1-4	8	0.33011460304260254	SimCSE
369	Q0	37:50-61	9	0.32783663272857666	SimCSE
369	Q0	94:1-4	10	0.32407236099243164	SimCSE
370	Q0	1:7-7	1	0.3572567105293274	SimCSE
370	Q0	107:4-7	2	0.3529599905014038	SimCSE
370	Q0	9:67-68	3	0.33443230390548706	SimCSE
370	Q0	2:1-2	4	0.3328135013580322	SimCSE
370	Q0	13:35-35	5	0.32977789640426636	SimCSE
370	Q0	18:107-108	6	0.32365474104881287	SimCSE
370	Q0	48:5-7	7	0.31320324540138245	SimCSE
370	Q0	20:114-114	8	0.2972533702850342	SimCSE
370	Q0	100:1-5	9	0.2949715852737427	SimCSE
370	Q0	2:188-188	10	0.293320894241333	SimCSE
371	Q0	6:84-90	1	0.3231911361217499	SimCSE
371	Q0	40:34-35	2	0.310732364654541	SimCSE
371	Q0	4:163-166	3	0.30869776010513306	SimCSE
371	Q0	114:1-6	4	0.3003389835357666	SimCSE
371	Q0	26:141-159	5	0.29669827222824097	SimCSE
371	Q0	1:5-6	6	0.29624080657958984	SimCSE
371	Q0	5:82-86	7	0.2910246253013611	SimCSE
371	Q0	51:24-37	8	0.28858864307403564	SimCSE
371	Q0	7:144-145	9	0.285916268825531	SimCSE
371	Q0	15:78-79	10	0.282695472240448	SimCSE
372	Q0	86:1-4	1	0.4171064496040344	SimCSE
372	Q0	17:1-1	2	0.40837112069129944	SimCSE
372	Q0	7:142-143	3	0.39572200179100037	SimCSE
372	Q0	20:83-85	4	0.394869863986969	SimCSE
372	Q0	7:144-145	5	0.39385902881622314	SimCSE
372	Q0	4:153-161	6	0.3936545252799988	SimCSE
372	Q0	28:14-19	7	0.38906192779541016	SimCSE
372	Q0	27:7-14	8	0.3822673261165619	SimCSE
372	Q0	20:49-55	9	0.38196951150894165	SimCSE
372	Q0	2:60-62	10	0.3813590109348297	SimCSE
373	Q0	17:1-1	1	0.4931868314743042	SimCSE
373	Q0	3:84-85	2	0.41286060214042664	SimCSE
373	Q0	6:161-163	3	0.4100740849971771	SimCSE
373	Q0	20:83-85	4	0.4094679653644562	SimCSE
373	Q0	72:14-17	5	0.4040399193763733	SimCSE
373	Q0	27:7-14	6	0.4018160104751587	SimCSE
373	Q0	17:101-104	7	0.40127116441726685	SimCSE
373	Q0	37:114-122	8	0.38866180181503296	SimCSE
373	Q0	4:95-96	9	0.38133344054222107	SimCSE
373	Q0	9:107-110	10	0.37817415595054626	SimCSE
374	Q0	6:161-163	1	0.5167587995529175	SimCSE
374	Q0	3:84-85	2	0.4392886161804199	SimCSE
374	Q0	87:14-19	3	0.43906599283218384	SimCSE
374	Q0	42:13-15	4	0.43168383836746216	SimCSE
374	Q0	2:3-5	5	0.41313478350639343	SimCSE
374	Q0	17:1-1	6	0.4012957811355591	SimCSE
374	Q0	39:11-20	7	0.3987806439399719	SimCSE
374	Q0	12:108-111	8	0.38812124729156494	SimCSE
374	Q0	2:130-134	9	0.38576793670654297	SimCSE
374	Q0	22:77-78	10	0.38305529952049255	SimCSE
375	Q0	12:1-3	1	0.41939210891723633	SimCSE
375	Q0	72:14-17	2	0.41481053829193115	SimCSE
375	Q0	80:24-32	3	0.41075146198272705	SimCSE
375	Q0	2:226-227	4	0.393085777759552	SimCSE
375	Q0	82:6-8	5	0.383932501077652	SimCSE
375	Q0	33:59-59	6	0.3836815357208252	SimCSE
375	Q0	4:19-21	7	0.37382587790489197	SimCSE
375	Q0	33:35-35	8	0.36919105052948	SimCSE
375	Q0	23:1-11	9	0.3646962642669678	SimCSE
375	Q0	4:56-57	10	0.356380432844162	SimCSE
376	Q0	2:188-188	1	0.4252766966819763	SimCSE
376	Q0	4:2-6	2	0.4212275743484497	SimCSE
376	Q0	25:7-10	3	0.40171676874160767	SimCSE
376	Q0	70:22-35	4	0.39952853322029114	SimCSE
376	Q0	2:265-266	5	0.39634865522384644	SimCSE
376	Q0	42:20-22	6	0.3818351626396179	SimCSE
376	Q0	4:135-136	7	0.3785194158554077	SimCSE
376	Q0	40:36-37	8	0.3764328956604004	SimCSE
376	Q0	9:23-24	9	0.36140549182891846	SimCSE
376	Q0	23:1-11	10	0.3586094379425049	SimCSE
378	Q0	4:2-6	1	0.5929042100906372	SimCSE
378	Q0	24:6-10	2	0.547217845916748	SimCSE
378	Q0	2:234-237	3	0.5380184650421143	SimCSE
378	Q0	4:15-16	4	0.4815848171710968	SimCSE
378	Q0	2:226-227	5	0.4791509807109833	SimCSE
378	Q0	25:7-10	6	0.4756441116333008	SimCSE
378	Q0	4:12-14	7	0.4564582407474518	SimCSE
378	Q0	6:63-67	8	0.432756632566452	SimCSE
378	Q0	70:22-35	9	0.4034510850906372	SimCSE
378	Q0	23:1-11	10	0.40291842818260193	SimCSE
379	Q0	8:55-61	1	0.3080034852027893	SimCSE
379	Q0	82:9-12	2	0.30449339747428894	SimCSE
379	Q0	3:176-180	3	0.3015953302383423	SimCSE
379	Q0	40:38-46	4	0.30044862627983093	SimCSE
379	Q0	95:7-8	5	0.2997622489929199	SimCSE
379	Q0	88:21-26	6	0.29961538314819336	SimCSE
379	Q0	13:28-29	7	0.2959446310997009	SimCSE
379	Q0	104:1-9	8	0.29397478699684143	SimCSE
379	Q0	79:1-5	9	0.293063223361969	SimCSE
379	Q0	8:42-44	10	0.292296826839447	SimCSE
380	Q0	40:36-37	1	0.40533196926116943	SimCSE
380	Q0	1:7-7	2	0.3880433142185211	SimCSE
380	Q0	33:35-35	3	0.3832363486289978	SimCSE
380	Q0	72:14-17	4	0.35612595081329346	SimCSE
380	Q0	2:1-2	5	0.3495959937572479	SimCSE
380	Q0	17:1-1	6	0.3409014344215393	SimCSE
380	Q0	107:4-7	7	0.3381057679653168	SimCSE
380	Q0	4:49-50	8	0.3319288194179535	SimCSE
380	Q0	95:7-8	9	0.3269158899784088	SimCSE
380	Q0	22:14-15	10	0.3126649856567383	SimCSE
381	Q0	2:114-115	1	0.3988468647003174	SimCSE
381	Q0	2:177-177	2	0.36796703934669495	SimCSE
381	Q0	2:17-20	3	0.33855342864990234	SimCSE
381	Q0	19:59-65	4	0.3310832977294922	SimCSE
381	Q0	13:14-17	5	0.33058109879493713	SimCSE
381	Q0	51:15-23	6	0.3226248621940613	SimCSE
381	Q0	24:35-38	7	0.32122400403022766	SimCSE
381	Q0	95:7-8	8	0.3197019696235657	SimCSE
381	Q0	18:99-106	9	0.31191855669021606	SimCSE
381	Q0	5:90-93	10	0.3111802041530609	SimCSE
382	Q0	48:16-17	1	0.4821016788482666	SimCSE
382	Q0	17:90-96	2	0.421994686126709	SimCSE
382	Q0	10:24-25	3	0.4168541133403778	SimCSE
382	Q0	23:1-11	4	0.41002634167671204	SimCSE
382	Q0	100:1-5	5	0.3992082476615906	SimCSE
382	Q0	2:158-158	6	0.3904927670955658	SimCSE
382	Q0	21:91-91	7	0.37464505434036255	SimCSE
382	Q0	2:28-29	8	0.37273746728897095	SimCSE
382	Q0	45:36-37	9	0.368269681930542	SimCSE
382	Q0	107:4-7	10	0.36614835262298584	SimCSE
385	Q0	85:12-16	1	0.40353718400001526	SimCSE
385	Q0	2:114-115	2	0.4028244912624359	SimCSE
385	Q0	2:1-2	3	0.3816074728965759	SimCSE
385	Q0	2:257-257	4	0.3805519640445709	SimCSE
385	Q0	2:17-20	5	0.3718206286430359	SimCSE
385	Q0	6:122-124	6	0.36667442321777344	SimCSE
385	Q0	22:19-22	7	0.36660951375961304	SimCSE
385	Q0	51:15-23	8	0.36034995317459106	SimCSE
385	Q0	2:3-5	9	0.3597223460674286	SimCSE
385	Q0	96:6-8	10	0.348897248506546	SimCSE
387	Q0	67:28-30	1	0.4190075695514679	SimCSE
387	Q0	2:261-264	2	0.386488139629364	SimCSE
387	Q0	54:9-17	3	0.38088029623031616	SimCSE
387	Q0	78:1-5	4	0.37830349802970886	SimCSE
387	Q0	72:14-17	5	0.37385106086730957	SimCSE
387	Q0	21:30-35	6	0.37263232469558716	SimCSE
387	Q0	4:43-43	7	0.37116456031799316	SimCSE
387	Q0	78:6-16	8	0.3663225769996643	SimCSE
387	Q0	18:25-26	9	0.3638276159763336	SimCSE
387	Q0	39:21-26	10	0.3635474443435669	SimCSE
388	Q0	12:108-111	1	0.3587765097618103	SimCSE
388	Q0	2:3-5	2	0.3506966829299927	SimCSE
388	Q0	6:159-160	3	0.3429943025112152	SimCSE
388	Q0	7:159-162	4	0.3341423273086548	SimCSE
388	Q0	70:36-39	5	0.33024129271507263	SimCSE
388	Q0	4:31-31	6	0.32616689801216125	SimCSE
388	Q0	107:1-3	7	0.32245761156082153	SimCSE
388	Q0	107:4-7	8	0.32199305295944214	SimCSE
388	Q0	36:69-70	9	0.32021135091781616	SimCSE
388	Q0	17:1-1	10	0.31596922874450684	SimCSE
389	Q0	7:187-187	1	0.4491122364997864	SimCSE
389	Q0	29:41-43	2	0.42623522877693176	SimCSE
389	Q0	16:103-109	3	0.4218064248561859	SimCSE
389	Q0	2:30-33	4	0.39574581384658813	SimCSE
389	Q0	33:59-59	5	0.39147958159446716	SimCSE
389	Q0	37:167-170	6	0.38585978746414185	SimCSE
389	Q0	2:240-242	7	0.37029674649238586	SimCSE
389	Q0	6:71-73	8	0.3684709072113037	SimCSE
389	Q0	10:54-56	9	0.36659544706344604	SimCSE
389	Q0	6:118-121	10	0.36649444699287415	SimCSE
391	Q0	34:31-33	1	0.41052451729774475	SimCSE
391	Q0	4:31-31	2	0.3968195915222168	SimCSE
391	Q0	56:75-80	3	0.3781875669956207	SimCSE
391	Q0	16:98-102	4	0.3720586895942688	SimCSE
391	Q0	13:35-35	5	0.3601433038711548	SimCSE
391	Q0	7:94-95	6	0.35962826013565063	SimCSE
391	Q0	28:85-88	7	0.34888020157814026	SimCSE
391	Q0	36:69-70	8	0.33983153104782104	SimCSE
391	Q0	17:45-48	9	0.33740511536598206	SimCSE
391	Q0	111:1-5	10	0.32223960757255554	SimCSE
392	Q0	28:1-6	1	0.44108647108078003	SimCSE
392	Q0	72:14-17	2	0.4281315505504608	SimCSE
392	Q0	12:1-3	3	0.4266579747200012	SimCSE
392	Q0	80:24-32	4	0.4036875367164612	SimCSE
392	Q0	4:92-93	5	0.4030407667160034	SimCSE
392	Q0	30:28-32	6	0.400701642036438	SimCSE
392	Q0	7:141-141	7	0.398272305727005	SimCSE
392	Q0	4:56-57	8	0.3971187472343445	SimCSE
392	Q0	21:76-77	9	0.38903966546058655	SimCSE
392	Q0	4:31-31	10	0.38773271441459656	SimCSE
393	Q0	13:35-35	1	0.44789552688598633	SimCSE
393	Q0	12:1-3	2	0.42654427886009216	SimCSE
393	Q0	3:10-13	3	0.4262227416038513	SimCSE
393	Q0	3:116-117	4	0.41157782077789307	SimCSE
393	Q0	30:28-32	5	0.40874916315078735	SimCSE
393	Q0	2:257-257	6	0.4010966718196869	SimCSE
393	Q0	72:14-17	7	0.3978273868560791	SimCSE
393	Q0	3:149-151	8	0.39422088861465454	SimCSE
393	Q0	4:29-30	9	0.3819315433502197	SimCSE
393	Q0	21:76-77	10	0.3787880837917328	SimCSE
394	Q0	33:35-35	1	0.45979368686676025	SimCSE
394	Q0	72:14-17	2	0.4380033016204834	SimCSE
394	Q0	17:1-1	3	0.43474674224853516	SimCSE
394	Q0	12:1-3	4	0.41029027104377747	SimCSE
394	Q0	4:92-93	5	0.4008740782737732	SimCSE
394	Q0	4:49-50	6	0.39946287870407104	SimCSE
394	Q0	27:89-93	7	0.39586663246154785	SimCSE
394	Q0	11:13-14	8	0.38482287526130676	SimCSE
394	Q0	40:36-37	9	0.38359764218330383	SimCSE
394	Q0	66:1-5	10	0.37591812014579773	SimCSE
395	Q0	1:7-7	1	0.35587382316589355	SimCSE
395	Q0	107:4-7	2	0.33815836906433105	SimCSE
395	Q0	95:7-8	3	0.33796226978302	SimCSE
395	Q0	2:1-2	4	0.33566439151763916	SimCSE
395	Q0	22:14-15	5	0.29381638765335083	SimCSE
395	Q0	18:83-89	6	0.2852081060409546	SimCSE
395	Q0	4:49-50	7	0.2828770875930786	SimCSE
395	Q0	104:1-9	8	0.2772289514541626	SimCSE
395	Q0	40:36-37	9	0.27406662702560425	SimCSE
395	Q0	13:28-29	10	0.26842814683914185	SimCSE
396	Q0	1:7-7	1	0.39127612113952637	SimCSE
396	Q0	107:4-7	2	0.365664541721344	SimCSE
396	Q0	40:36-37	3	0.35914161801338196	SimCSE
396	Q0	2:1-2	4	0.3522331714630127	SimCSE
396	Q0	2:233-233	5	0.3354322612285614	SimCSE
396	Q0	106:1-4	6	0.33405184745788574	SimCSE
396	Q0	9:23-24	7	0.32144033908843994	SimCSE
396	Q0	11:116-117	8	0.31931132078170776	SimCSE
396	Q0	18:83-89	9	0.3190745413303375	SimCSE
396	Q0	111:1-5	10	0.31862884759902954	SimCSE
398	Q0	28:20-21	1	0.4597015976905823	SimCSE
398	Q0	18:60-77	2	0.45547688007354736	SimCSE
398	Q0	18:50-53	3	0.4347565174102783	SimCSE
398	Q0	12:33-35	4	0.42935746908187866	SimCSE
398	Q0	17:1-1	5	0.4256824254989624	SimCSE
398	Q0	21:48-50	6	0.4114707112312317	SimCSE
398	Q0	40:23-27	7	0.4111796021461487	SimCSE
398	Q0	27:7-14	8	0.4100399315357208	SimCSE
398	Q0	20:70-76	9	0.40976548194885254	SimCSE
398	Q0	20:77-79	10	0.4050379991531372	SimCSE
399	Q0	20:83-85	1	0.49260908365249634	SimCSE
399	Q0	7:144-145	2	0.43948808312416077	SimCSE
399	Q0	17:101-104	3	0.4340071678161621	SimCSE
399	Q0	26:41-51	4	0.42719608545303345	SimCSE
399	Q0	28:7-13	5	0.4189419150352478	SimCSE
399	Q0	7:142-143	6	0.40668073296546936	SimCSE
399	Q0	7:148-149	7	0.40661996603012085	SimCSE
399	Q0	17:1-1	8	0.4028204679489136	SimCSE
399	Q0	28:36-43	9	0.4021132290363312	SimCSE
399	Q0	2:60-62	10	0.40138882398605347	SimCSE
400	Q0	6:145-147	1	0.435133159160614	SimCSE
400	Q0	8:9-14	2	0.41495275497436523	SimCSE
400	Q0	66:1-5	3	0.3980446457862854	SimCSE
400	Q0	5:3-3	4	0.38610967993736267	SimCSE
400	Q0	4:92-93	5	0.3833758234977722	SimCSE
400	Q0	8:15-16	6	0.3631966710090637	SimCSE
400	Q0	68:1-4	7	0.3531213402748108	SimCSE
400	Q0	16:114-119	8	0.34760886430740356	SimCSE
400	Q0	14:24-27	9	0.3472714424133301	SimCSE
400	Q0	3:21-22	10	0.346643328666687	SimCSE
401	Q0	15:90-99	1	0.42760252952575684	SimCSE
401	Q0	11:49-49	2	0.4268645644187927	SimCSE
401	Q0	102:1-4	3	0.4264354407787323	SimCSE
401	Q0	17:45-48	4	0.41198205947875977	SimCSE
401	Q0	74:8-10	5	0.40559065341949463	SimCSE
401	Q0	82:9-12	6	0.3984071612358093	SimCSE
401	Q0	47:30-32	7	0.38408219814300537	SimCSE
401	Q0	41:25-29	8	0.38203179836273193	SimCSE
401	Q0	36:69-70	9	0.3671633005142212	SimCSE
401	Q0	32:28-30	10	0.3586258292198181	SimCSE
402	Q0	94:1-4	1	0.4469985067844391	SimCSE
402	Q0	36:69-70	2	0.43324387073516846	SimCSE
402	Q0	1:7-7	3	0.4198111295700073	SimCSE
402	Q0	107:4-7	4	0.4170207977294922	SimCSE
402	Q0	75:16-19	5	0.39897018671035767	SimCSE
402	Q0	10:1-2	6	0.37023505568504333	SimCSE
402	Q0	6:8-11	7	0.3685140013694763	SimCSE
402	Q0	2:222-223	8	0.36239272356033325	SimCSE
402	Q0	13:35-35	9	0.36085110902786255	SimCSE
402	Q0	4:176-176	10	0.35988742113113403	SimCSE
404	Q0	2:1-2	1	0.42135265469551086	SimCSE
404	Q0	34:14-14	2	0.41110143065452576	SimCSE
404	Q0	1:7-7	3	0.3940724730491638	SimCSE
404	Q0	35:36-38	4	0.39058852195739746	SimCSE
404	Q0	3:26-27	5	0.3879571855068207	SimCSE
404	Q0	67:1-5	6	0.37565863132476807	SimCSE
404	Q0	39:42-44	7	0.3719683289527893	SimCSE
404	Q0	17:31-35	8	0.36763739585876465	SimCSE
404	Q0	4:17-18	9	0.3404674530029297	SimCSE
404	Q0	3:156-158	10	0.33778464794158936	SimCSE
405	Q0	1:7-7	1	0.5531149506568909	SimCSE
405	Q0	107:4-7	2	0.4089161455631256	SimCSE
405	Q0	4:31-31	3	0.37979841232299805	SimCSE
405	Q0	102:1-4	4	0.37677550315856934	SimCSE
405	Q0	11:100-102	5	0.3660687804222107	SimCSE
405	Q0	2:1-2	6	0.3630461096763611	SimCSE
405	Q0	66:9-9	7	0.36183661222457886	SimCSE
405	Q0	15:87-89	8	0.359907865524292	SimCSE
405	Q0	11:49-49	9	0.354815810918808	SimCSE
405	Q0	45:36-37	10	0.3375881314277649	SimCSE
407	Q0	1:7-7	1	0.46752363443374634	SimCSE
407	Q0	86:1-4	2	0.4122103452682495	SimCSE
407	Q0	12:36-42	3	0.40980929136276245	SimCSE
407	Q0	2:1-2	4	0.3939867615699768	SimCSE
407	Q0	94:1-4	5	0.3939504325389862	SimCSE
407	Q0	107:4-7	6	0.3885853886604309	SimCSE
407	Q0	3:92-94	7	0.37943553924560547	SimCSE
407	Q0	6:138-140	8	0.37741321325302124	SimCSE
407	Q0	11:12-12	9	0.36259251832962036	SimCSE
407	Q0	25:1-2	10	0.36172062158584595	SimCSE
408	Q0	95:7-8	1	0.41910994052886963	SimCSE
408	Q0	39:1-5	2	0.3991062641143799	SimCSE
408	Q0	4:92-93	3	0.3908569812774658	SimCSE
408	Q0	1:7-7	4	0.3881140649318695	SimCSE
408	Q0	4:49-50	5	0.3762621283531189	SimCSE
408	Q0	20:114-114	6	0.363051176071167	SimCSE
408	Q0	11:13-14	7	0.36063989996910095	SimCSE
408	Q0	3:18-20	8	0.35109812021255493	SimCSE
408	Q0	72:14-17	9	0.34929484128952026	SimCSE
408	Q0	4:104-104	10	0.3486659526824951	SimCSE
409	Q0	1:7-7	1	0.4346701502799988	SimCSE
409	Q0	75:16-19	2	0.39011430740356445	SimCSE
409	Q0	107:4-7	3	0.3737775683403015	SimCSE
409	Q0	3:86-91	4	0.35031867027282715	SimCSE
409	Q0	3:52-53	5	0.33012014627456665	SimCSE
409	Q0	6:145-147	6	0.32100993394851685	SimCSE
409	Q0	56:11-26	7	0.29982900619506836	SimCSE
409	Q0	2:1-2	8	0.29832276701927185	SimCSE
409	Q0	46:6-8	9	0.29727989435195923	SimCSE
409	Q0	13:35-35	10	0.29511141777038574	SimCSE
410	Q0	3:98-101	1	0.5848915576934814	SimCSE
410	Q0	2:1-2	2	0.5809144973754883	SimCSE
410	Q0	98:6-8	3	0.5179761648178101	SimCSE
410	Q0	3:69-74	4	0.5087372660636902	SimCSE
410	Q0	84:6-15	5	0.5079833269119263	SimCSE
410	Q0	39:41-41	6	0.505837082862854	SimCSE
410	Q0	28:85-88	7	0.5008316040039062	SimCSE
410	Q0	4:47-48	8	0.4950840175151825	SimCSE
410	Q0	5:65-66	9	0.49235719442367554	SimCSE
410	Q0	98:1-5	10	0.4887256622314453	SimCSE
411	Q0	82:6-8	1	0.3773469924926758	SimCSE
411	Q0	35:39-41	2	0.3657565712928772	SimCSE
411	Q0	13:35-35	3	0.3480798006057739	SimCSE
411	Q0	113:1-5	4	0.32110458612442017	SimCSE
411	Q0	78:1-5	5	0.32091784477233887	SimCSE
411	Q0	34:10-13	6	0.3167484998703003	SimCSE
411	Q0	47:12-15	7	0.3076487183570862	SimCSE
411	Q0	21:30-35	8	0.3071401119232178	SimCSE
411	Q0	106:1-4	9	0.3038356900215149	SimCSE
411	Q0	25:1-2	10	0.3013532757759094	SimCSE
412	Q0	40:36-37	1	0.4294065833091736	SimCSE
412	Q0	107:4-7	2	0.41647976636886597	SimCSE
412	Q0	72:14-17	3	0.35991472005844116	SimCSE
412	Q0	17:1-1	4	0.3521976172924042	SimCSE
412	Q0	15:78-79	5	0.3508940637111664	SimCSE
412	Q0	45:36-37	6	0.34436941146850586	SimCSE
412	Q0	23:1-11	7	0.33503466844558716	SimCSE
412	Q0	48:24-26	8	0.334997296333313	SimCSE
412	Q0	94:1-4	9	0.3166927099227905	SimCSE
412	Q0	21:48-50	10	0.3099465072154999	SimCSE
413	Q0	2:226-227	1	0.44740545749664307	SimCSE
413	Q0	48:24-26	2	0.43485915660858154	SimCSE
413	Q0	4:56-57	3	0.4187977612018585	SimCSE
413	Q0	72:14-17	4	0.4156757593154907	SimCSE
413	Q0	2:222-223	5	0.4075014591217041	SimCSE
413	Q0	4:128-130	6	0.39978206157684326	SimCSE
413	Q0	66:10-12	7	0.3969271183013916	SimCSE
413	Q0	75:36-40	8	0.3918304145336151	SimCSE
413	Q0	33:59-59	9	0.3851381242275238	SimCSE
413	Q0	2:234-237	10	0.37960025668144226	SimCSE
414	Q0	82:6-8	1	0.5358865261077881	SimCSE
414	Q0	4:31-31	2	0.48777589201927185	SimCSE
414	Q0	22:49-51	3	0.48419904708862305	SimCSE
414	Q0	17:1-1	4	0.42354822158813477	SimCSE
414	Q0	33:41-44	5	0.41229248046875	SimCSE
414	Q0	27:29-37	6	0.4060187339782715	SimCSE
414	Q0	26:52-68	7	0.40384751558303833	SimCSE
414	Q0	31:10-11	8	0.3972518742084503	SimCSE
414	Q0	33:42-48	9	0.39050307869911194	SimCSE
414	Q0	107:4-7	10	0.39039233326911926	SimCSE
415	Q0	2:1-2	1	0.4280732572078705	SimCSE
415	Q0	17:1-1	2	0.40655601024627686	SimCSE
415	Q0	15:16-25	3	0.35697871446609497	SimCSE
415	Q0	100:1-5	4	0.34176963567733765	SimCSE
415	Q0	85:17-22	5	0.3311630189418793	SimCSE
415	Q0	10:61-61	6	0.32143357396125793	SimCSE
415	Q0	78:17-20	7	0.31992828845977783	SimCSE
415	Q0	7:137-137	8	0.30868566036224365	SimCSE
415	Q0	68:34-41	9	0.306463360786438	SimCSE
415	Q0	12:1-3	10	0.30591881275177	SimCSE
416	Q0	33:35-35	1	0.43358826637268066	SimCSE
416	Q0	95:7-8	2	0.37112027406692505	SimCSE
416	Q0	6:125-127	3	0.3604174852371216	SimCSE
416	Q0	4:49-50	4	0.3466525077819824	SimCSE
416	Q0	39:1-5	5	0.3446581959724426	SimCSE
416	Q0	59:21-24	6	0.33829212188720703	SimCSE
416	Q0	98:1-5	7	0.3289751410484314	SimCSE
416	Q0	2:208-210	8	0.32590770721435547	SimCSE
416	Q0	22:14-15	9	0.32489341497421265	SimCSE
416	Q0	6:161-163	10	0.3111598789691925	SimCSE
417	Q0	68:34-41	1	0.40305519104003906	SimCSE
417	Q0	72:14-17	2	0.38413554430007935	SimCSE
417	Q0	42:13-15	3	0.37488728761672974	SimCSE
417	Q0	39:11-20	4	0.3572238087654114	SimCSE
417	Q0	4:49-50	5	0.35515308380126953	SimCSE
417	Q0	2:109-110	6	0.34082329273223877	SimCSE
417	Q0	6:63-67	7	0.33908605575561523	SimCSE
417	Q0	39:1-5	8	0.3373669385910034	SimCSE
417	Q0	70:22-35	9	0.33350855112075806	SimCSE
417	Q0	22:14-15	10	0.3327473998069763	SimCSE
418	Q0	39:11-20	1	0.45087411999702454	SimCSE
418	Q0	72:14-17	2	0.44586074352264404	SimCSE
418	Q0	27:89-93	3	0.4214491546154022	SimCSE
418	Q0	13:36-37	4	0.4120347499847412	SimCSE
418	Q0	82:13-19	5	0.4106263518333435	SimCSE
418	Q0	39:1-5	6	0.4048669934272766	SimCSE
418	Q0	68:34-41	7	0.3881993293762207	SimCSE
418	Q0	11:13-14	8	0.38445478677749634	SimCSE
418	Q0	2:109-110	9	0.38135388493537903	SimCSE
418	Q0	98:1-5	10	0.3792819380760193	SimCSE
421	Q0	7:204-206	1	0.39132219552993774	SimCSE
421	Q0	24:32-34	2	0.38758331537246704	SimCSE
421	Q0	2:1-2	3	0.37614697217941284	SimCSE
421	Q0	78:1-5	4	0.3723873198032379	SimCSE
421	Q0	15:1-9	5	0.35008206963539124	SimCSE
421	Q0	75:16-19	6	0.33813047409057617	SimCSE
421	Q0	41:45-46	7	0.3249512314796448	SimCSE
421	Q0	45:16-20	8	0.3235343098640442	SimCSE
421	Q0	2:113-113	9	0.31927043199539185	SimCSE
421	Q0	3:69-74	10	0.3186587989330292	SimCSE
422	Q0	1:7-7	1	0.426665723323822	SimCSE
422	Q0	75:16-19	2	0.40091925859451294	SimCSE
422	Q0	15:80-84	3	0.39331042766571045	SimCSE
422	Q0	2:1-2	4	0.391493558883667	SimCSE
422	Q0	94:1-4	5	0.38734111189842224	SimCSE
422	Q0	17:88-89	6	0.37853628396987915	SimCSE
422	Q0	85:17-22	7	0.3717348277568817	SimCSE
422	Q0	12:102-107	8	0.35572341084480286	SimCSE
422	Q0	25:7-10	9	0.35034117102622986	SimCSE
422	Q0	36:69-70	10	0.34795528650283813	SimCSE
423	Q0	11:116-117	1	0.44474050402641296	SimCSE
423	Q0	70:36-39	2	0.37182044982910156	SimCSE
423	Q0	4:31-31	3	0.3681606948375702	SimCSE
423	Q0	107:4-7	4	0.3670990765094757	SimCSE
423	Q0	2:1-2	5	0.3533525764942169	SimCSE
423	Q0	78:1-5	6	0.3419458866119385	SimCSE
423	Q0	9:23-24	7	0.34146398305892944	SimCSE
423	Q0	35:39-41	8	0.33779335021972656	SimCSE
423	Q0	13:35-35	9	0.33732300996780396	SimCSE
423	Q0	40:36-37	10	0.332663893699646	SimCSE
425	Q0	6:84-90	1	0.4437793791294098	SimCSE
425	Q0	20:83-85	2	0.40170854330062866	SimCSE
425	Q0	21:48-50	3	0.3981208801269531	SimCSE
425	Q0	37:114-122	4	0.3957195281982422	SimCSE
425	Q0	4:153-161	5	0.3936760425567627	SimCSE
425	Q0	32:23-27	6	0.38018959760665894	SimCSE
425	Q0	78:17-20	7	0.37656205892562866	SimCSE
425	Q0	17:101-104	8	0.3762539029121399	SimCSE
425	Q0	7:144-145	9	0.37466537952423096	SimCSE
425	Q0	15:87-89	10	0.37430381774902344	SimCSE
426	Q0	39:41-41	1	0.5524111986160278	SimCSE
426	Q0	2:1-2	2	0.5409988164901733	SimCSE
426	Q0	32:1-3	3	0.4847530126571655	SimCSE
426	Q0	3:69-74	4	0.47128647565841675	SimCSE
426	Q0	5:65-66	5	0.45480474829673767	SimCSE
426	Q0	7:1-3	6	0.45387881994247437	SimCSE
426	Q0	98:6-8	7	0.4502292275428772	SimCSE
426	Q0	84:6-15	8	0.44897812604904175	SimCSE
426	Q0	28:85-88	9	0.4459238052368164	SimCSE
426	Q0	74:27-31	10	0.4457637667655945	SimCSE
427	Q0	2:1-2	1	0.5835461020469666	SimCSE
427	Q0	39:41-41	2	0.5264655351638794	SimCSE
427	Q0	28:85-88	3	0.48014771938323975	SimCSE
427	Q0	69:19-24	4	0.4639126658439636	SimCSE
427	Q0	74:8-10	5	0.455212265253067	SimCSE
427	Q0	5:48-50	6	0.450563907623291	SimCSE
427	Q0	15:1-9	7	0.448967307806015	SimCSE
427	Q0	12:1-3	8	0.44737112522125244	SimCSE
427	Q0	3:69-74	9	0.4446171820163727	SimCSE
427	Q0	5:15-17	10	0.4401577413082123	SimCSE
