101	Q0	2:216-218	1	0.9995703	SimCSE_cross
101	Q0	6:93-94	2	0.9995702	SimCSE_cross
101	Q0	26:176-191	3	0.99956995	SimCSE_cross
101	Q0	71:25-28	4	0.9995697	SimCSE_cross
101	Q0	47:25-29	5	0.9995697	SimCSE_cross
101	Q0	62:9-11	6	0.99956936	SimCSE_cross
101	Q0	14:24-27	7	0.99956936	SimCSE_cross
101	Q0	9:42-49	8	0.99956924	SimCSE_cross
101	Q0	17:12-17	9	0.9995691	SimCSE_cross
101	Q0	53:31-41	10	0.9995691	SimCSE_cross
102	Q0	2:83-86	1	0.99957067	SimCSE_cross
102	Q0	7:54-56	2	0.99957055	SimCSE_cross
102	Q0	4:36-40	3	0.9995704	SimCSE_cross
102	Q0	5:12-13	4	0.9995703	SimCSE_cross
102	Q0	40:53-58	5	0.9995701	SimCSE_cross
102	Q0	46:21-25	6	0.9995701	SimCSE_cross
102	Q0	58:1-4	7	0.99956983	SimCSE_cross
102	Q0	11:41-44	8	0.99956983	SimCSE_cross
102	Q0	64:14-18	9	0.99956983	SimCSE_cross
102	Q0	31:29-32	10	0.99956983	SimCSE_cross
103	Q0	26:160-175	1	0.9995702	SimCSE_cross
103	Q0	26:52-68	2	0.99956995	SimCSE_cross
103	Q0	5:110-111	3	0.9995697	SimCSE_cross
103	Q0	9:107-110	4	0.9995697	SimCSE_cross
103	Q0	7:199-203	5	0.9995697	SimCSE_cross
103	Q0	9:69-70	6	0.9995696	SimCSE_cross
103	Q0	23:17-22	7	0.9995695	SimCSE_cross
103	Q0	12:69-76	8	0.9995695	SimCSE_cross
103	Q0	2:124-129	9	0.99956936	SimCSE_cross
103	Q0	31:20-26	10	0.99956924	SimCSE_cross
105	Q0	57:18-21	1	0.99957055	SimCSE_cross
105	Q0	2:60-62	2	0.9995702	SimCSE_cross
105	Q0	15:61-77	3	0.9995702	SimCSE_cross
105	Q0	26:160-175	4	0.9995702	SimCSE_cross
105	Q0	5:110-111	5	0.9995701	SimCSE_cross
105	Q0	21:30-35	6	0.9995701	SimCSE_cross
105	Q0	2:34-39	7	0.9995701	SimCSE_cross
105	Q0	23:17-22	8	0.99956983	SimCSE_cross
105	Q0	8:30-37	9	0.99956983	SimCSE_cross
105	Q0	35:42-45	10	0.9995695	SimCSE_cross
106	Q0	7:142-143	1	0.99956983	SimCSE_cross
106	Q0	34:31-33	2	0.9995696	SimCSE_cross
106	Q0	34:15-19	3	0.9995695	SimCSE_cross
106	Q0	24:35-38	4	0.99956936	SimCSE_cross
106	Q0	3:86-91	5	0.99956924	SimCSE_cross
106	Q0	54:23-32	6	0.99956924	SimCSE_cross
106	Q0	3:33-41	7	0.99956924	SimCSE_cross
106	Q0	33:32-34	8	0.9995691	SimCSE_cross
106	Q0	33:4-6	9	0.9995691	SimCSE_cross
106	Q0	17:40-44	10	0.9995691	SimCSE_cross
107	Q0	41:9-12	1	0.9995701	SimCSE_cross
107	Q0	9:97-99	2	0.99956995	SimCSE_cross
107	Q0	2:243-245	3	0.9995697	SimCSE_cross
107	Q0	16:10-13	4	0.9995697	SimCSE_cross
107	Q0	16:65-69	5	0.9995697	SimCSE_cross
107	Q0	7:167-171	6	0.9995696	SimCSE_cross
107	Q0	17:101-104	7	0.9995696	SimCSE_cross
107	Q0	37:62-74	8	0.9995695	SimCSE_cross
107	Q0	59:8-10	9	0.9995695	SimCSE_cross
107	Q0	8:45-49	10	0.99956936	SimCSE_cross
108	Q0	6:93-94	1	0.9995703	SimCSE_cross
108	Q0	2:216-218	2	0.9995702	SimCSE_cross
108	Q0	3:145-148	3	0.99956995	SimCSE_cross
108	Q0	22:25-29	4	0.9995697	SimCSE_cross
108	Q0	14:24-27	5	0.9995696	SimCSE_cross
108	Q0	71:25-28	6	0.9995696	SimCSE_cross
108	Q0	24:11-18	7	0.9995696	SimCSE_cross
108	Q0	5:38-40	8	0.99956936	SimCSE_cross
108	Q0	9:42-49	9	0.99956936	SimCSE_cross
108	Q0	22:30-37	10	0.99956936	SimCSE_cross
109	Q0	57:18-21	1	0.9995704	SimCSE_cross
109	Q0	2:60-62	2	0.9995702	SimCSE_cross
109	Q0	2:34-39	3	0.9995701	SimCSE_cross
109	Q0	21:30-35	4	0.99956983	SimCSE_cross
109	Q0	8:30-37	5	0.99956983	SimCSE_cross
109	Q0	15:61-77	6	0.99956983	SimCSE_cross
109	Q0	6:145-147	7	0.9995696	SimCSE_cross
109	Q0	34:3-5	8	0.9995695	SimCSE_cross
109	Q0	23:99-114	9	0.99956924	SimCSE_cross
109	Q0	2:275-276	10	0.9995691	SimCSE_cross
110	Q0	2:60-62	1	0.9995702	SimCSE_cross
110	Q0	12:19-22	2	0.9995702	SimCSE_cross
110	Q0	16:77-79	3	0.9995701	SimCSE_cross
110	Q0	21:30-35	4	0.99956983	SimCSE_cross
110	Q0	5:6-6	5	0.99956983	SimCSE_cross
110	Q0	8:30-37	6	0.99956983	SimCSE_cross
110	Q0	37:99-113	7	0.99956983	SimCSE_cross
110	Q0	71:5-12	8	0.9995697	SimCSE_cross
110	Q0	6:36-41	9	0.9995696	SimCSE_cross
110	Q0	4:92-93	10	0.9995696	SimCSE_cross
111	Q0	7:54-56	1	0.99957067	SimCSE_cross
111	Q0	2:83-86	2	0.99957055	SimCSE_cross
111	Q0	4:36-40	3	0.9995703	SimCSE_cross
111	Q0	5:12-13	4	0.9995702	SimCSE_cross
111	Q0	11:41-44	5	0.9995701	SimCSE_cross
111	Q0	46:21-25	6	0.99956995	SimCSE_cross
111	Q0	64:14-18	7	0.99956983	SimCSE_cross
111	Q0	40:53-58	8	0.99956983	SimCSE_cross
111	Q0	31:29-32	9	0.99956983	SimCSE_cross
111	Q0	58:1-4	10	0.99956983	SimCSE_cross
112	Q0	2:83-86	1	0.99957055	SimCSE_cross
112	Q0	4:36-40	2	0.9995703	SimCSE_cross
112	Q0	5:12-13	3	0.9995703	SimCSE_cross
112	Q0	27:82-88	4	0.9995703	SimCSE_cross
112	Q0	40:53-58	5	0.99956995	SimCSE_cross
112	Q0	11:41-44	6	0.99956995	SimCSE_cross
112	Q0	64:14-18	7	0.99956983	SimCSE_cross
112	Q0	54:1-8	8	0.9995697	SimCSE_cross
112	Q0	31:29-32	9	0.9995697	SimCSE_cross
112	Q0	61:10-14	10	0.9995697	SimCSE_cross
115	Q0	14:47-52	1	0.9995703	SimCSE_cross
115	Q0	18:29-31	2	0.99956983	SimCSE_cross
115	Q0	7:73-79	3	0.9995697	SimCSE_cross
115	Q0	34:15-19	4	0.9995696	SimCSE_cross
115	Q0	3:86-91	5	0.9995695	SimCSE_cross
115	Q0	9:19-22	6	0.9995695	SimCSE_cross
115	Q0	17:78-82	7	0.99956936	SimCSE_cross
115	Q0	53:31-41	8	0.99956936	SimCSE_cross
115	Q0	30:38-41	9	0.99956936	SimCSE_cross
115	Q0	67:1-5	10	0.99956924	SimCSE_cross
116	Q0	2:60-62	1	0.9995702	SimCSE_cross
116	Q0	16:77-79	2	0.9995702	SimCSE_cross
116	Q0	12:19-22	3	0.9995702	SimCSE_cross
116	Q0	5:6-6	4	0.9995701	SimCSE_cross
116	Q0	37:99-113	5	0.99956995	SimCSE_cross
116	Q0	21:30-35	6	0.99956983	SimCSE_cross
116	Q0	8:30-37	7	0.99956983	SimCSE_cross
116	Q0	71:5-12	8	0.9995696	SimCSE_cross
116	Q0	6:145-147	9	0.9995695	SimCSE_cross
116	Q0	17:90-96	10	0.99956936	SimCSE_cross
118	Q0	16:1-9	1	0.9995703	SimCSE_cross
118	Q0	37:62-74	2	0.99956995	SimCSE_cross
118	Q0	32:4-9	3	0.99956983	SimCSE_cross
118	Q0	16:65-69	4	0.99956983	SimCSE_cross
118	Q0	41:19-24	5	0.99956983	SimCSE_cross
118	Q0	2:267-269	6	0.9995697	SimCSE_cross
118	Q0	35:12-14	7	0.9995697	SimCSE_cross
118	Q0	12:97-101	8	0.9995697	SimCSE_cross
118	Q0	25:45-55	9	0.9995696	SimCSE_cross
118	Q0	8:45-49	10	0.9995695	SimCSE_cross
119	Q0	41:9-12	1	0.9995703	SimCSE_cross
119	Q0	9:97-99	2	0.99956995	SimCSE_cross
119	Q0	16:65-69	3	0.9995696	SimCSE_cross
119	Q0	2:243-245	4	0.9995696	SimCSE_cross
119	Q0	16:10-13	5	0.9995695	SimCSE_cross
119	Q0	7:167-171	6	0.9995695	SimCSE_cross
119	Q0	18:78-82	7	0.99956936	SimCSE_cross
119	Q0	8:45-49	8	0.99956936	SimCSE_cross
119	Q0	37:62-74	9	0.99956936	SimCSE_cross
119	Q0	7:103-108	10	0.99956924	SimCSE_cross
120	Q0	5:12-13	1	0.99957055	SimCSE_cross
120	Q0	46:21-25	2	0.9995704	SimCSE_cross
120	Q0	11:41-44	3	0.9995704	SimCSE_cross
120	Q0	7:54-56	4	0.9995703	SimCSE_cross
120	Q0	40:53-58	5	0.9995702	SimCSE_cross
120	Q0	3:145-148	6	0.9995702	SimCSE_cross
120	Q0	22:25-29	7	0.99956995	SimCSE_cross
120	Q0	5:82-86	8	0.9995697	SimCSE_cross
120	Q0	31:29-32	9	0.9995697	SimCSE_cross
120	Q0	2:284-286	10	0.9995697	SimCSE_cross
121	Q0	7:54-56	1	0.99957055	SimCSE_cross
121	Q0	5:12-13	2	0.9995704	SimCSE_cross
121	Q0	40:53-58	3	0.9995702	SimCSE_cross
121	Q0	11:41-44	4	0.9995702	SimCSE_cross
121	Q0	46:21-25	5	0.9995701	SimCSE_cross
121	Q0	22:25-29	6	0.99956983	SimCSE_cross
121	Q0	89:1-14	7	0.99956983	SimCSE_cross
121	Q0	31:29-32	8	0.9995697	SimCSE_cross
121	Q0	5:82-86	9	0.9995697	SimCSE_cross
121	Q0	25:56-62	10	0.9995697	SimCSE_cross
122	Q0	17:45-48	1	0.99957055	SimCSE_cross
122	Q0	73:20-20	2	0.9995703	SimCSE_cross
122	Q0	39:45-48	3	0.9995702	SimCSE_cross
122	Q0	6:95-99	4	0.9995701	SimCSE_cross
122	Q0	12:108-111	5	0.99956995	SimCSE_cross
122	Q0	6:138-140	6	0.99956995	SimCSE_cross
122	Q0	48:27-29	7	0.99956995	SimCSE_cross
122	Q0	34:31-33	8	0.99956983	SimCSE_cross
122	Q0	10:21-23	9	0.99956983	SimCSE_cross
122	Q0	38:1-11	10	0.99956983	SimCSE_cross
123	Q0	46:1-5	1	0.9995703	SimCSE_cross
123	Q0	22:5-7	2	0.9995697	SimCSE_cross
123	Q0	47:12-15	3	0.99956936	SimCSE_cross
123	Q0	46:29-32	4	0.99956924	SimCSE_cross
123	Q0	11:112-115	5	0.9995691	SimCSE_cross
123	Q0	17:71-77	6	0.9995691	SimCSE_cross
123	Q0	65:4-7	7	0.999569	SimCSE_cross
123	Q0	4:43-43	8	0.999569	SimCSE_cross
123	Q0	25:17-20	9	0.999569	SimCSE_cross
123	Q0	11:103-108	10	0.999569	SimCSE_cross
125	Q0	5:12-13	1	0.99957055	SimCSE_cross
125	Q0	7:54-56	2	0.99957055	SimCSE_cross
125	Q0	11:41-44	3	0.9995702	SimCSE_cross
125	Q0	40:53-58	4	0.9995701	SimCSE_cross
125	Q0	46:21-25	5	0.9995701	SimCSE_cross
125	Q0	31:29-32	6	0.99956995	SimCSE_cross
125	Q0	22:25-29	7	0.99956983	SimCSE_cross
125	Q0	58:1-4	8	0.99956983	SimCSE_cross
125	Q0	2:284-286	9	0.9995697	SimCSE_cross
125	Q0	5:82-86	10	0.9995697	SimCSE_cross
127	Q0	16:1-9	1	0.9995704	SimCSE_cross
127	Q0	32:4-9	2	0.9995701	SimCSE_cross
127	Q0	35:12-14	3	0.99956995	SimCSE_cross
127	Q0	12:97-101	4	0.9995697	SimCSE_cross
127	Q0	41:19-24	5	0.9995697	SimCSE_cross
127	Q0	6:36-41	6	0.9995697	SimCSE_cross
127	Q0	2:267-269	7	0.9995696	SimCSE_cross
127	Q0	8:45-49	8	0.9995695	SimCSE_cross
127	Q0	25:45-55	9	0.99956936	SimCSE_cross
127	Q0	10:87-89	10	0.99956936	SimCSE_cross
128	Q0	7:54-56	1	0.99957067	SimCSE_cross
128	Q0	5:12-13	2	0.99957055	SimCSE_cross
128	Q0	2:83-86	3	0.9995704	SimCSE_cross
128	Q0	27:82-88	4	0.9995704	SimCSE_cross
128	Q0	4:36-40	5	0.9995704	SimCSE_cross
128	Q0	11:41-44	6	0.9995703	SimCSE_cross
128	Q0	31:29-32	7	0.9995701	SimCSE_cross
128	Q0	40:53-58	8	0.9995701	SimCSE_cross
128	Q0	64:14-18	9	0.99956995	SimCSE_cross
128	Q0	2:17-20	10	0.99956983	SimCSE_cross
129	Q0	7:54-56	1	0.99957055	SimCSE_cross
129	Q0	2:83-86	2	0.9995704	SimCSE_cross
129	Q0	4:36-40	3	0.9995704	SimCSE_cross
129	Q0	5:12-13	4	0.9995703	SimCSE_cross
129	Q0	40:53-58	5	0.9995702	SimCSE_cross
129	Q0	31:29-32	6	0.9995702	SimCSE_cross
129	Q0	27:82-88	7	0.9995701	SimCSE_cross
129	Q0	11:41-44	8	0.9995701	SimCSE_cross
129	Q0	5:4-5	9	0.99956995	SimCSE_cross
129	Q0	64:14-18	10	0.99956983	SimCSE_cross
132	Q0	57:18-21	1	0.9995703	SimCSE_cross
132	Q0	15:61-77	2	0.9995702	SimCSE_cross
132	Q0	5:110-111	3	0.9995701	SimCSE_cross
132	Q0	2:34-39	4	0.9995701	SimCSE_cross
132	Q0	26:160-175	5	0.9995701	SimCSE_cross
132	Q0	23:17-22	6	0.99956983	SimCSE_cross
132	Q0	35:42-45	7	0.99956936	SimCSE_cross
132	Q0	31:20-26	8	0.99956924	SimCSE_cross
132	Q0	28:29-32	9	0.99956924	SimCSE_cross
132	Q0	26:41-51	10	0.99956924	SimCSE_cross
133	Q0	46:21-25	1	0.9995703	SimCSE_cross
133	Q0	3:145-148	2	0.9995702	SimCSE_cross
133	Q0	22:25-29	3	0.9995701	SimCSE_cross
133	Q0	2:284-286	4	0.99956995	SimCSE_cross
133	Q0	24:55-57	5	0.99956983	SimCSE_cross
133	Q0	5:82-86	6	0.9995697	SimCSE_cross
133	Q0	25:56-62	7	0.9995697	SimCSE_cross
133	Q0	24:11-18	8	0.9995697	SimCSE_cross
133	Q0	22:30-37	9	0.9995696	SimCSE_cross
133	Q0	58:1-4	10	0.9995696	SimCSE_cross
136	Q0	16:1-9	1	0.9995702	SimCSE_cross
136	Q0	37:62-74	2	0.9995697	SimCSE_cross
136	Q0	35:12-14	3	0.9995697	SimCSE_cross
136	Q0	16:65-69	4	0.9995697	SimCSE_cross
136	Q0	32:4-9	5	0.9995696	SimCSE_cross
136	Q0	12:97-101	6	0.9995695	SimCSE_cross
136	Q0	41:19-24	7	0.9995695	SimCSE_cross
136	Q0	27:45-53	8	0.9995695	SimCSE_cross
136	Q0	2:267-269	9	0.99956936	SimCSE_cross
136	Q0	2:272-274	10	0.99956936	SimCSE_cross
137	Q0	7:73-79	1	0.9995697	SimCSE_cross
137	Q0	14:47-52	2	0.9995697	SimCSE_cross
137	Q0	30:38-41	3	0.9995696	SimCSE_cross
137	Q0	18:29-31	4	0.9995696	SimCSE_cross
137	Q0	62:9-11	5	0.99956936	SimCSE_cross
137	Q0	9:19-22	6	0.99956924	SimCSE_cross
137	Q0	17:12-17	7	0.99956924	SimCSE_cross
137	Q0	53:31-41	8	0.99956924	SimCSE_cross
137	Q0	11:61-68	9	0.9995691	SimCSE_cross
137	Q0	12:23-29	10	0.999569	SimCSE_cross
138	Q0	7:142-143	1	0.9995703	SimCSE_cross
138	Q0	7:73-79	2	0.99956983	SimCSE_cross
138	Q0	34:15-19	3	0.99956983	SimCSE_cross
138	Q0	33:32-34	4	0.9995697	SimCSE_cross
138	Q0	24:35-38	5	0.9995696	SimCSE_cross
138	Q0	33:4-6	6	0.9995696	SimCSE_cross
138	Q0	3:86-91	7	0.9995696	SimCSE_cross
138	Q0	54:23-32	8	0.9995695	SimCSE_cross
138	Q0	17:78-82	9	0.99956936	SimCSE_cross
138	Q0	7:157-158	10	0.99956936	SimCSE_cross
139	Q0	5:6-6	1	0.9995704	SimCSE_cross
139	Q0	2:60-62	2	0.9995703	SimCSE_cross
139	Q0	12:19-22	3	0.9995703	SimCSE_cross
139	Q0	16:77-79	4	0.9995703	SimCSE_cross
139	Q0	21:30-35	5	0.9995702	SimCSE_cross
139	Q0	4:92-93	6	0.9995702	SimCSE_cross
139	Q0	37:99-113	7	0.99956995	SimCSE_cross
139	Q0	8:30-37	8	0.99956995	SimCSE_cross
139	Q0	71:5-12	9	0.99956983	SimCSE_cross
139	Q0	17:90-96	10	0.9995697	SimCSE_cross
140	Q0	16:1-9	1	0.9995702	SimCSE_cross
140	Q0	12:19-22	2	0.9995701	SimCSE_cross
140	Q0	4:92-93	3	0.99956995	SimCSE_cross
140	Q0	32:4-9	4	0.9995697	SimCSE_cross
140	Q0	6:36-41	5	0.9995696	SimCSE_cross
140	Q0	12:97-101	6	0.9995696	SimCSE_cross
140	Q0	2:267-269	7	0.9995696	SimCSE_cross
140	Q0	35:12-14	8	0.9995696	SimCSE_cross
140	Q0	25:45-55	9	0.9995695	SimCSE_cross
140	Q0	41:19-24	10	0.9995695	SimCSE_cross
141	Q0	16:10-13	1	0.9995701	SimCSE_cross
141	Q0	41:9-12	2	0.9995701	SimCSE_cross
141	Q0	9:97-99	3	0.99956983	SimCSE_cross
141	Q0	2:243-245	4	0.9995697	SimCSE_cross
141	Q0	37:62-74	5	0.9995697	SimCSE_cross
141	Q0	16:65-69	6	0.9995697	SimCSE_cross
141	Q0	7:167-171	7	0.9995697	SimCSE_cross
141	Q0	3:28-30	8	0.9995695	SimCSE_cross
141	Q0	59:8-10	9	0.9995695	SimCSE_cross
141	Q0	8:45-49	10	0.99956936	SimCSE_cross
142	Q0	7:73-79	1	0.9995697	SimCSE_cross
142	Q0	14:47-52	2	0.9995697	SimCSE_cross
142	Q0	34:15-19	3	0.9995695	SimCSE_cross
142	Q0	18:29-31	4	0.99956936	SimCSE_cross
142	Q0	3:86-91	5	0.99956924	SimCSE_cross
142	Q0	30:38-41	6	0.9995691	SimCSE_cross
142	Q0	12:23-29	7	0.999569	SimCSE_cross
142	Q0	4:66-70	8	0.999569	SimCSE_cross
142	Q0	17:59-60	9	0.999569	SimCSE_cross
142	Q0	11:61-68	10	0.999569	SimCSE_cross
143	Q0	16:1-9	1	0.9995701	SimCSE_cross
143	Q0	4:92-93	2	0.99956983	SimCSE_cross
143	Q0	12:19-22	3	0.99956983	SimCSE_cross
143	Q0	35:12-14	4	0.9995697	SimCSE_cross
143	Q0	6:36-41	5	0.9995697	SimCSE_cross
143	Q0	2:267-269	6	0.9995696	SimCSE_cross
143	Q0	32:4-9	7	0.9995696	SimCSE_cross
143	Q0	12:97-101	8	0.9995695	SimCSE_cross
143	Q0	25:45-55	9	0.9995695	SimCSE_cross
143	Q0	27:45-53	10	0.9995695	SimCSE_cross
144	Q0	16:1-9	1	0.9995703	SimCSE_cross
144	Q0	35:12-14	2	0.9995697	SimCSE_cross
144	Q0	32:4-9	3	0.9995696	SimCSE_cross
144	Q0	16:65-69	4	0.9995696	SimCSE_cross
144	Q0	41:19-24	5	0.9995696	SimCSE_cross
144	Q0	12:97-101	6	0.9995695	SimCSE_cross
144	Q0	37:62-74	7	0.99956936	SimCSE_cross
144	Q0	25:45-55	8	0.99956936	SimCSE_cross
144	Q0	17:101-104	9	0.99956936	SimCSE_cross
144	Q0	27:45-53	10	0.99956936	SimCSE_cross
145	Q0	7:54-56	1	0.99957067	SimCSE_cross
145	Q0	2:83-86	2	0.99957055	SimCSE_cross
145	Q0	4:36-40	3	0.9995704	SimCSE_cross
145	Q0	5:12-13	4	0.9995702	SimCSE_cross
145	Q0	11:41-44	5	0.9995701	SimCSE_cross
145	Q0	40:53-58	6	0.99956995	SimCSE_cross
145	Q0	58:1-4	7	0.99956995	SimCSE_cross
145	Q0	46:21-25	8	0.99956995	SimCSE_cross
145	Q0	31:29-32	9	0.99956983	SimCSE_cross
145	Q0	64:14-18	10	0.99956983	SimCSE_cross
146	Q0	7:54-56	1	0.9995709	SimCSE_cross
146	Q0	5:12-13	2	0.99957067	SimCSE_cross
146	Q0	40:53-58	3	0.9995703	SimCSE_cross
146	Q0	11:41-44	4	0.9995703	SimCSE_cross
146	Q0	46:21-25	5	0.9995702	SimCSE_cross
146	Q0	58:1-4	6	0.9995702	SimCSE_cross
146	Q0	31:29-32	7	0.9995702	SimCSE_cross
146	Q0	22:25-29	8	0.99956995	SimCSE_cross
146	Q0	5:82-86	9	0.99956983	SimCSE_cross
146	Q0	2:284-286	10	0.99956983	SimCSE_cross
147	Q0	7:54-56	1	0.9995708	SimCSE_cross
147	Q0	46:21-25	2	0.9995702	SimCSE_cross
147	Q0	58:1-4	3	0.9995701	SimCSE_cross
147	Q0	3:145-148	4	0.9995701	SimCSE_cross
147	Q0	5:82-86	5	0.99956995	SimCSE_cross
147	Q0	22:25-29	6	0.99956983	SimCSE_cross
147	Q0	24:11-18	7	0.99956983	SimCSE_cross
147	Q0	25:56-62	8	0.9995697	SimCSE_cross
147	Q0	47:1-6	9	0.9995697	SimCSE_cross
147	Q0	2:284-286	10	0.9995696	SimCSE_cross
149	Q0	7:73-79	1	0.99956995	SimCSE_cross
149	Q0	67:1-5	2	0.99956983	SimCSE_cross
149	Q0	30:38-41	3	0.9995697	SimCSE_cross
149	Q0	14:47-52	4	0.9995697	SimCSE_cross
149	Q0	11:61-68	5	0.99956936	SimCSE_cross
149	Q0	54:23-32	6	0.99956936	SimCSE_cross
149	Q0	3:86-91	7	0.99956936	SimCSE_cross
149	Q0	9:19-22	8	0.99956924	SimCSE_cross
149	Q0	34:15-19	9	0.99956924	SimCSE_cross
149	Q0	6:148-150	10	0.999569	SimCSE_cross
151	Q0	7:54-56	1	0.9995708	SimCSE_cross
151	Q0	2:83-86	2	0.99957055	SimCSE_cross
151	Q0	5:12-13	3	0.99957055	SimCSE_cross
151	Q0	4:36-40	4	0.9995703	SimCSE_cross
151	Q0	46:21-25	5	0.9995702	SimCSE_cross
151	Q0	40:53-58	6	0.9995702	SimCSE_cross
151	Q0	31:29-32	7	0.9995701	SimCSE_cross
151	Q0	64:14-18	8	0.9995701	SimCSE_cross
151	Q0	5:82-86	9	0.99956995	SimCSE_cross
151	Q0	11:41-44	10	0.99956995	SimCSE_cross
152	Q0	7:54-56	1	0.9995708	SimCSE_cross
152	Q0	2:83-86	2	0.9995704	SimCSE_cross
152	Q0	4:36-40	3	0.9995703	SimCSE_cross
152	Q0	5:12-13	4	0.9995703	SimCSE_cross
152	Q0	11:41-44	5	0.9995702	SimCSE_cross
152	Q0	46:21-25	6	0.9995701	SimCSE_cross
152	Q0	40:53-58	7	0.99956995	SimCSE_cross
152	Q0	64:14-18	8	0.99956995	SimCSE_cross
152	Q0	31:29-32	9	0.99956983	SimCSE_cross
152	Q0	5:82-86	10	0.99956983	SimCSE_cross
153	Q0	7:142-143	1	0.9995702	SimCSE_cross
153	Q0	33:4-6	2	0.99956983	SimCSE_cross
153	Q0	34:15-19	3	0.9995695	SimCSE_cross
153	Q0	33:32-34	4	0.9995695	SimCSE_cross
153	Q0	24:35-38	5	0.99956936	SimCSE_cross
153	Q0	3:33-41	6	0.99956936	SimCSE_cross
153	Q0	33:36-40	7	0.99956924	SimCSE_cross
153	Q0	7:157-158	8	0.99956924	SimCSE_cross
153	Q0	30:55-60	9	0.9995691	SimCSE_cross
153	Q0	3:86-91	10	0.9995691	SimCSE_cross
154	Q0	7:73-79	1	0.9995701	SimCSE_cross
154	Q0	7:142-143	2	0.9995701	SimCSE_cross
154	Q0	34:15-19	3	0.9995697	SimCSE_cross
154	Q0	3:86-91	4	0.9995696	SimCSE_cross
154	Q0	24:35-38	5	0.9995696	SimCSE_cross
154	Q0	33:32-34	6	0.9995695	SimCSE_cross
154	Q0	33:4-6	7	0.99956936	SimCSE_cross
154	Q0	54:23-32	8	0.99956936	SimCSE_cross
154	Q0	11:61-68	9	0.99956936	SimCSE_cross
154	Q0	17:78-82	10	0.99956924	SimCSE_cross
155	Q0	57:18-21	1	0.9995704	SimCSE_cross
155	Q0	26:160-175	2	0.9995701	SimCSE_cross
155	Q0	15:61-77	3	0.9995701	SimCSE_cross
155	Q0	5:110-111	4	0.99956995	SimCSE_cross
155	Q0	9:107-110	5	0.99956995	SimCSE_cross
155	Q0	2:34-39	6	0.99956995	SimCSE_cross
155	Q0	26:52-68	7	0.99956995	SimCSE_cross
155	Q0	23:17-22	8	0.99956983	SimCSE_cross
155	Q0	2:124-129	9	0.9995695	SimCSE_cross
155	Q0	31:20-26	10	0.99956936	SimCSE_cross
159	Q0	16:1-9	1	0.9995704	SimCSE_cross
159	Q0	41:19-24	2	0.99956995	SimCSE_cross
159	Q0	32:4-9	3	0.99956995	SimCSE_cross
159	Q0	6:36-41	4	0.99956983	SimCSE_cross
159	Q0	12:97-101	5	0.99956983	SimCSE_cross
159	Q0	27:45-53	6	0.9995697	SimCSE_cross
159	Q0	25:45-55	7	0.9995697	SimCSE_cross
159	Q0	4:92-93	8	0.9995697	SimCSE_cross
159	Q0	2:267-269	9	0.9995696	SimCSE_cross
159	Q0	17:101-104	10	0.9995696	SimCSE_cross
160	Q0	7:73-79	1	0.99956983	SimCSE_cross
160	Q0	14:47-52	2	0.99956983	SimCSE_cross
160	Q0	34:15-19	3	0.9995696	SimCSE_cross
160	Q0	30:38-41	4	0.9995695	SimCSE_cross
160	Q0	30:55-60	5	0.9995695	SimCSE_cross
160	Q0	54:23-32	6	0.99956924	SimCSE_cross
160	Q0	11:61-68	7	0.99956924	SimCSE_cross
160	Q0	3:86-91	8	0.99956924	SimCSE_cross
160	Q0	9:19-22	9	0.9995691	SimCSE_cross
160	Q0	17:78-82	10	0.9995691	SimCSE_cross
163	Q0	21:30-35	1	0.9995702	SimCSE_cross
163	Q0	2:60-62	2	0.9995702	SimCSE_cross
163	Q0	4:92-93	3	0.9995701	SimCSE_cross
163	Q0	12:19-22	4	0.9995701	SimCSE_cross
163	Q0	16:77-79	5	0.9995701	SimCSE_cross
163	Q0	5:6-6	6	0.99956995	SimCSE_cross
163	Q0	71:5-12	7	0.99956995	SimCSE_cross
163	Q0	17:90-96	8	0.9995697	SimCSE_cross
163	Q0	37:99-113	9	0.9995697	SimCSE_cross
163	Q0	8:30-37	10	0.9995695	SimCSE_cross
164	Q0	17:45-48	1	0.99957067	SimCSE_cross
164	Q0	73:20-20	2	0.99957055	SimCSE_cross
164	Q0	39:45-48	3	0.9995703	SimCSE_cross
164	Q0	34:31-33	4	0.9995702	SimCSE_cross
164	Q0	6:138-140	5	0.9995702	SimCSE_cross
164	Q0	12:108-111	6	0.9995701	SimCSE_cross
164	Q0	6:95-99	7	0.99956995	SimCSE_cross
164	Q0	38:1-11	8	0.99956983	SimCSE_cross
164	Q0	43:29-35	9	0.99956983	SimCSE_cross
164	Q0	30:8-16	10	0.99956983	SimCSE_cross
201	Q0	5:12-13	1	0.9995704	SimCSE_cross
201	Q0	2:83-86	2	0.9995703	SimCSE_cross
201	Q0	4:36-40	3	0.9995703	SimCSE_cross
201	Q0	7:54-56	4	0.9995703	SimCSE_cross
201	Q0	40:53-58	5	0.9995703	SimCSE_cross
201	Q0	46:21-25	6	0.9995702	SimCSE_cross
201	Q0	11:41-44	7	0.9995701	SimCSE_cross
201	Q0	31:29-32	8	0.99956995	SimCSE_cross
201	Q0	5:82-86	9	0.99956983	SimCSE_cross
201	Q0	2:284-286	10	0.99956983	SimCSE_cross
202	Q0	7:54-56	1	0.9995703	SimCSE_cross
202	Q0	4:36-40	2	0.9995702	SimCSE_cross
202	Q0	40:53-58	3	0.9995702	SimCSE_cross
202	Q0	5:12-13	4	0.9995702	SimCSE_cross
202	Q0	27:82-88	5	0.9995701	SimCSE_cross
202	Q0	54:1-8	6	0.9995701	SimCSE_cross
202	Q0	2:83-86	7	0.99956995	SimCSE_cross
202	Q0	11:41-44	8	0.99956995	SimCSE_cross
202	Q0	31:29-32	9	0.99956983	SimCSE_cross
202	Q0	64:14-18	10	0.9995697	SimCSE_cross
204	Q0	57:18-21	1	0.9995703	SimCSE_cross
204	Q0	26:160-175	2	0.9995702	SimCSE_cross
204	Q0	2:60-62	3	0.9995702	SimCSE_cross
204	Q0	15:61-77	4	0.9995702	SimCSE_cross
204	Q0	21:30-35	5	0.9995701	SimCSE_cross
204	Q0	5:110-111	6	0.99956983	SimCSE_cross
204	Q0	23:17-22	7	0.99956983	SimCSE_cross
204	Q0	8:30-37	8	0.9995697	SimCSE_cross
204	Q0	2:34-39	9	0.9995697	SimCSE_cross
204	Q0	34:3-5	10	0.9995696	SimCSE_cross
205	Q0	7:54-56	1	0.999571	SimCSE_cross
205	Q0	5:12-13	2	0.9995703	SimCSE_cross
205	Q0	11:41-44	3	0.9995702	SimCSE_cross
205	Q0	40:53-58	4	0.9995702	SimCSE_cross
205	Q0	46:21-25	5	0.9995702	SimCSE_cross
205	Q0	31:29-32	6	0.99956995	SimCSE_cross
205	Q0	3:145-148	7	0.99956995	SimCSE_cross
205	Q0	5:82-86	8	0.99956983	SimCSE_cross
205	Q0	22:25-29	9	0.99956983	SimCSE_cross
205	Q0	2:284-286	10	0.99956983	SimCSE_cross
208	Q0	7:54-56	1	0.99957055	SimCSE_cross
208	Q0	2:83-86	2	0.9995704	SimCSE_cross
208	Q0	4:36-40	3	0.9995702	SimCSE_cross
208	Q0	5:12-13	4	0.9995702	SimCSE_cross
208	Q0	11:41-44	5	0.9995701	SimCSE_cross
208	Q0	40:53-58	6	0.99956983	SimCSE_cross
208	Q0	31:29-32	7	0.99956983	SimCSE_cross
208	Q0	46:21-25	8	0.99956983	SimCSE_cross
208	Q0	64:14-18	9	0.9995697	SimCSE_cross
208	Q0	2:284-286	10	0.9995696	SimCSE_cross
209	Q0	6:93-94	1	0.99957067	SimCSE_cross
209	Q0	2:216-218	2	0.9995701	SimCSE_cross
209	Q0	71:25-28	3	0.9995701	SimCSE_cross
209	Q0	3:145-148	4	0.99956983	SimCSE_cross
209	Q0	22:25-29	5	0.9995697	SimCSE_cross
209	Q0	24:11-18	6	0.9995696	SimCSE_cross
209	Q0	17:22-30	7	0.9995695	SimCSE_cross
209	Q0	22:30-37	8	0.9995695	SimCSE_cross
209	Q0	2:277-281	9	0.99956936	SimCSE_cross
209	Q0	5:38-40	10	0.99956936	SimCSE_cross
211	Q0	2:60-62	1	0.9995702	SimCSE_cross
211	Q0	5:6-6	2	0.9995701	SimCSE_cross
211	Q0	21:30-35	3	0.9995701	SimCSE_cross
211	Q0	12:19-22	4	0.99956995	SimCSE_cross
211	Q0	71:5-12	5	0.99956995	SimCSE_cross
211	Q0	8:30-37	6	0.99956983	SimCSE_cross
211	Q0	16:77-79	7	0.99956983	SimCSE_cross
211	Q0	4:92-93	8	0.9995697	SimCSE_cross
211	Q0	37:99-113	9	0.9995697	SimCSE_cross
211	Q0	17:31-35	10	0.9995697	SimCSE_cross
212	Q0	6:93-94	1	0.9995703	SimCSE_cross
212	Q0	2:216-218	2	0.9995703	SimCSE_cross
212	Q0	26:176-191	3	0.9995701	SimCSE_cross
212	Q0	47:25-29	4	0.99956995	SimCSE_cross
212	Q0	24:11-18	5	0.99956995	SimCSE_cross
212	Q0	14:24-27	6	0.9995697	SimCSE_cross
212	Q0	3:121-129	7	0.9995696	SimCSE_cross
212	Q0	5:38-40	8	0.9995695	SimCSE_cross
212	Q0	9:42-49	9	0.9995695	SimCSE_cross
212	Q0	62:9-11	10	0.9995695	SimCSE_cross
216	Q0	6:93-94	1	0.99957067	SimCSE_cross
216	Q0	71:25-28	2	0.9995702	SimCSE_cross
216	Q0	14:24-27	3	0.9995701	SimCSE_cross
216	Q0	47:25-29	4	0.9995701	SimCSE_cross
216	Q0	2:216-218	5	0.9995701	SimCSE_cross
216	Q0	26:176-191	6	0.9995697	SimCSE_cross
216	Q0	62:9-11	7	0.9995696	SimCSE_cross
216	Q0	9:42-49	8	0.9995695	SimCSE_cross
216	Q0	24:55-57	9	0.9995695	SimCSE_cross
216	Q0	42:27-31	10	0.9995695	SimCSE_cross
217	Q0	7:54-56	1	0.9995708	SimCSE_cross
217	Q0	5:12-13	2	0.9995704	SimCSE_cross
217	Q0	2:83-86	3	0.9995703	SimCSE_cross
217	Q0	4:36-40	4	0.9995702	SimCSE_cross
217	Q0	11:41-44	5	0.9995702	SimCSE_cross
217	Q0	40:53-58	6	0.9995701	SimCSE_cross
217	Q0	46:21-25	7	0.99956995	SimCSE_cross
217	Q0	54:1-8	8	0.99956983	SimCSE_cross
217	Q0	2:17-20	9	0.9995697	SimCSE_cross
217	Q0	31:29-32	10	0.9995697	SimCSE_cross
219	Q0	16:1-9	1	0.9995701	SimCSE_cross
219	Q0	35:12-14	2	0.9995697	SimCSE_cross
219	Q0	16:65-69	3	0.9995695	SimCSE_cross
219	Q0	41:19-24	4	0.99956936	SimCSE_cross
219	Q0	17:101-104	5	0.99956924	SimCSE_cross
219	Q0	27:45-53	6	0.99956924	SimCSE_cross
219	Q0	20:17-24	7	0.99956924	SimCSE_cross
219	Q0	2:267-269	8	0.99956924	SimCSE_cross
219	Q0	32:4-9	9	0.99956924	SimCSE_cross
219	Q0	18:78-82	10	0.99956924	SimCSE_cross
220	Q0	2:60-62	1	0.9995702	SimCSE_cross
220	Q0	16:77-79	2	0.9995701	SimCSE_cross
220	Q0	5:6-6	3	0.9995701	SimCSE_cross
220	Q0	12:19-22	4	0.99956995	SimCSE_cross
220	Q0	4:92-93	5	0.99956983	SimCSE_cross
220	Q0	37:99-113	6	0.99956983	SimCSE_cross
220	Q0	8:30-37	7	0.99956983	SimCSE_cross
220	Q0	6:36-41	8	0.9995697	SimCSE_cross
220	Q0	27:45-53	9	0.9995696	SimCSE_cross
220	Q0	71:5-12	10	0.9995696	SimCSE_cross
225	Q0	7:73-79	1	0.99956983	SimCSE_cross
225	Q0	7:142-143	2	0.99956983	SimCSE_cross
225	Q0	33:32-34	3	0.9995697	SimCSE_cross
225	Q0	33:4-6	4	0.9995696	SimCSE_cross
225	Q0	24:35-38	5	0.9995696	SimCSE_cross
225	Q0	7:96-102	6	0.99956936	SimCSE_cross
225	Q0	3:86-91	7	0.99956936	SimCSE_cross
225	Q0	34:15-19	8	0.99956924	SimCSE_cross
225	Q0	6:148-150	9	0.99956924	SimCSE_cross
225	Q0	54:23-32	10	0.99956924	SimCSE_cross
227	Q0	41:9-12	1	0.99956983	SimCSE_cross
227	Q0	9:97-99	2	0.9995697	SimCSE_cross
227	Q0	16:65-69	3	0.9995695	SimCSE_cross
227	Q0	16:10-13	4	0.9995695	SimCSE_cross
227	Q0	2:243-245	5	0.9995695	SimCSE_cross
227	Q0	5:4-5	6	0.99956936	SimCSE_cross
227	Q0	7:167-171	7	0.99956936	SimCSE_cross
227	Q0	37:62-74	8	0.99956936	SimCSE_cross
227	Q0	8:45-49	9	0.99956924	SimCSE_cross
227	Q0	18:78-82	10	0.99956924	SimCSE_cross
230	Q0	27:82-88	1	0.9995702	SimCSE_cross
230	Q0	16:10-13	2	0.99956995	SimCSE_cross
230	Q0	5:4-5	3	0.99956983	SimCSE_cross
230	Q0	9:97-99	4	0.99956983	SimCSE_cross
230	Q0	54:1-8	5	0.9995697	SimCSE_cross
230	Q0	41:9-12	6	0.9995697	SimCSE_cross
230	Q0	10:3-6	7	0.99956936	SimCSE_cross
230	Q0	2:243-245	8	0.99956936	SimCSE_cross
230	Q0	2:17-20	9	0.99956936	SimCSE_cross
230	Q0	61:10-14	10	0.99956936	SimCSE_cross
231	Q0	35:12-14	1	0.9995701	SimCSE_cross
231	Q0	9:97-99	2	0.99956995	SimCSE_cross
231	Q0	16:10-13	3	0.99956995	SimCSE_cross
231	Q0	41:9-12	4	0.99956995	SimCSE_cross
231	Q0	17:101-104	5	0.9995696	SimCSE_cross
231	Q0	18:78-82	6	0.9995696	SimCSE_cross
231	Q0	16:65-69	7	0.9995696	SimCSE_cross
231	Q0	20:17-24	8	0.9995695	SimCSE_cross
231	Q0	35:27-28	9	0.9995695	SimCSE_cross
231	Q0	10:3-6	10	0.9995695	SimCSE_cross
232	Q0	35:12-14	1	0.9995701	SimCSE_cross
232	Q0	12:97-101	2	0.99956983	SimCSE_cross
232	Q0	16:65-69	3	0.99956983	SimCSE_cross
232	Q0	18:78-82	4	0.9995697	SimCSE_cross
232	Q0	17:101-104	5	0.9995697	SimCSE_cross
232	Q0	59:8-10	6	0.9995696	SimCSE_cross
232	Q0	20:17-24	7	0.9995696	SimCSE_cross
232	Q0	37:62-74	8	0.9995695	SimCSE_cross
232	Q0	16:114-119	9	0.9995695	SimCSE_cross
232	Q0	7:167-171	10	0.9995695	SimCSE_cross
233	Q0	16:1-9	1	0.9995702	SimCSE_cross
233	Q0	35:12-14	2	0.99956983	SimCSE_cross
233	Q0	12:97-101	3	0.9995697	SimCSE_cross
233	Q0	6:36-41	4	0.9995697	SimCSE_cross
233	Q0	41:19-24	5	0.9995697	SimCSE_cross
233	Q0	2:267-269	6	0.9995697	SimCSE_cross
233	Q0	32:4-9	7	0.9995697	SimCSE_cross
233	Q0	27:45-53	8	0.9995696	SimCSE_cross
233	Q0	17:101-104	9	0.9995696	SimCSE_cross
233	Q0	25:45-55	10	0.9995696	SimCSE_cross
235	Q0	7:54-56	1	0.99957067	SimCSE_cross
235	Q0	5:12-13	2	0.9995704	SimCSE_cross
235	Q0	2:83-86	3	0.9995702	SimCSE_cross
235	Q0	4:36-40	4	0.9995702	SimCSE_cross
235	Q0	40:53-58	5	0.99956995	SimCSE_cross
235	Q0	11:41-44	6	0.99956983	SimCSE_cross
235	Q0	31:29-32	7	0.99956983	SimCSE_cross
235	Q0	58:1-4	8	0.9995697	SimCSE_cross
235	Q0	46:21-25	9	0.9995697	SimCSE_cross
235	Q0	2:284-286	10	0.9995695	SimCSE_cross
236	Q0	2:216-218	1	0.9995702	SimCSE_cross
236	Q0	6:93-94	2	0.9995702	SimCSE_cross
236	Q0	18:29-31	3	0.99956983	SimCSE_cross
236	Q0	26:176-191	4	0.99956983	SimCSE_cross
236	Q0	71:25-28	5	0.99956983	SimCSE_cross
236	Q0	47:25-29	6	0.9995696	SimCSE_cross
236	Q0	14:24-27	7	0.9995695	SimCSE_cross
236	Q0	9:42-49	8	0.99956924	SimCSE_cross
236	Q0	30:38-41	9	0.99956924	SimCSE_cross
236	Q0	6:100-105	10	0.9995691	SimCSE_cross
237	Q0	6:93-94	1	0.9995703	SimCSE_cross
237	Q0	3:145-148	2	0.99956995	SimCSE_cross
237	Q0	71:25-28	3	0.9995697	SimCSE_cross
237	Q0	22:25-29	4	0.9995696	SimCSE_cross
237	Q0	22:30-37	5	0.9995695	SimCSE_cross
237	Q0	2:130-134	6	0.99956936	SimCSE_cross
237	Q0	2:277-281	7	0.99956936	SimCSE_cross
237	Q0	58:1-4	8	0.99956924	SimCSE_cross
237	Q0	17:22-30	9	0.99956924	SimCSE_cross
237	Q0	6:27-32	10	0.99956924	SimCSE_cross
238	Q0	6:93-94	1	0.9995704	SimCSE_cross
238	Q0	71:25-28	2	0.9995702	SimCSE_cross
238	Q0	2:216-218	3	0.99956995	SimCSE_cross
238	Q0	26:176-191	4	0.9995697	SimCSE_cross
238	Q0	14:24-27	5	0.9995696	SimCSE_cross
238	Q0	47:25-29	6	0.9995695	SimCSE_cross
238	Q0	9:42-49	7	0.99956924	SimCSE_cross
238	Q0	22:30-37	8	0.99956924	SimCSE_cross
238	Q0	6:27-32	9	0.99956924	SimCSE_cross
238	Q0	17:12-17	10	0.99956924	SimCSE_cross
240	Q0	41:9-12	1	0.9995704	SimCSE_cross
240	Q0	16:65-69	2	0.99956995	SimCSE_cross
240	Q0	37:62-74	3	0.99956983	SimCSE_cross
240	Q0	35:12-14	4	0.9995697	SimCSE_cross
240	Q0	7:167-171	5	0.9995696	SimCSE_cross
240	Q0	18:78-82	6	0.9995696	SimCSE_cross
240	Q0	2:272-274	7	0.9995695	SimCSE_cross
240	Q0	59:8-10	8	0.9995695	SimCSE_cross
240	Q0	17:101-104	9	0.9995695	SimCSE_cross
240	Q0	8:45-49	10	0.99956936	SimCSE_cross
243	Q0	7:54-56	1	0.9995708	SimCSE_cross
243	Q0	5:12-13	2	0.99957055	SimCSE_cross
243	Q0	2:83-86	3	0.9995704	SimCSE_cross
243	Q0	27:82-88	4	0.9995703	SimCSE_cross
243	Q0	11:41-44	5	0.9995703	SimCSE_cross
243	Q0	4:36-40	6	0.9995703	SimCSE_cross
243	Q0	46:21-25	7	0.9995701	SimCSE_cross
243	Q0	40:53-58	8	0.9995701	SimCSE_cross
243	Q0	54:1-8	9	0.99956995	SimCSE_cross
243	Q0	64:14-18	10	0.99956995	SimCSE_cross
244	Q0	35:12-14	1	0.99956983	SimCSE_cross
244	Q0	16:65-69	2	0.9995696	SimCSE_cross
244	Q0	32:4-9	3	0.9995695	SimCSE_cross
244	Q0	18:78-82	4	0.9995695	SimCSE_cross
244	Q0	17:101-104	5	0.9995695	SimCSE_cross
244	Q0	12:97-101	6	0.99956936	SimCSE_cross
244	Q0	59:8-10	7	0.99956936	SimCSE_cross
244	Q0	25:45-55	8	0.99956924	SimCSE_cross
244	Q0	20:17-24	9	0.99956924	SimCSE_cross
244	Q0	2:272-274	10	0.9995691	SimCSE_cross
248	Q0	16:10-13	1	0.9995701	SimCSE_cross
248	Q0	9:97-99	2	0.99956995	SimCSE_cross
248	Q0	16:65-69	3	0.99956983	SimCSE_cross
248	Q0	41:9-12	4	0.99956983	SimCSE_cross
248	Q0	37:62-74	5	0.9995697	SimCSE_cross
248	Q0	2:243-245	6	0.9995696	SimCSE_cross
248	Q0	3:28-30	7	0.9995696	SimCSE_cross
248	Q0	7:167-171	8	0.9995695	SimCSE_cross
248	Q0	20:17-24	9	0.9995695	SimCSE_cross
248	Q0	18:78-82	10	0.9995695	SimCSE_cross
249	Q0	7:73-79	1	0.99956983	SimCSE_cross
249	Q0	7:142-143	2	0.9995696	SimCSE_cross
249	Q0	24:35-38	3	0.9995696	SimCSE_cross
249	Q0	33:32-34	4	0.9995695	SimCSE_cross
249	Q0	67:1-5	5	0.99956924	SimCSE_cross
249	Q0	33:4-6	6	0.9995691	SimCSE_cross
249	Q0	6:148-150	7	0.9995691	SimCSE_cross
249	Q0	7:96-102	8	0.9995691	SimCSE_cross
249	Q0	3:86-91	9	0.9995691	SimCSE_cross
249	Q0	11:61-68	10	0.999569	SimCSE_cross
251	Q0	7:54-56	1	0.9995704	SimCSE_cross
251	Q0	4:36-40	2	0.9995701	SimCSE_cross
251	Q0	5:12-13	3	0.99956995	SimCSE_cross
251	Q0	40:53-58	4	0.99956983	SimCSE_cross
251	Q0	2:83-86	5	0.99956983	SimCSE_cross
251	Q0	31:29-32	6	0.99956983	SimCSE_cross
251	Q0	46:21-25	7	0.9995697	SimCSE_cross
251	Q0	54:1-8	8	0.9995696	SimCSE_cross
251	Q0	11:41-44	9	0.9995696	SimCSE_cross
251	Q0	64:14-18	10	0.9995695	SimCSE_cross
252	Q0	5:12-13	1	0.9995704	SimCSE_cross
252	Q0	4:36-40	2	0.9995703	SimCSE_cross
252	Q0	2:83-86	3	0.9995703	SimCSE_cross
252	Q0	27:82-88	4	0.9995703	SimCSE_cross
252	Q0	40:53-58	5	0.9995701	SimCSE_cross
252	Q0	11:41-44	6	0.9995701	SimCSE_cross
252	Q0	31:29-32	7	0.99956995	SimCSE_cross
252	Q0	64:14-18	8	0.9995697	SimCSE_cross
252	Q0	2:17-20	9	0.9995696	SimCSE_cross
252	Q0	61:10-14	10	0.9995696	SimCSE_cross
253	Q0	5:12-13	1	0.99957055	SimCSE_cross
253	Q0	4:36-40	2	0.9995704	SimCSE_cross
253	Q0	7:54-56	3	0.9995704	SimCSE_cross
253	Q0	46:21-25	4	0.9995703	SimCSE_cross
253	Q0	31:29-32	5	0.9995703	SimCSE_cross
253	Q0	11:41-44	6	0.9995703	SimCSE_cross
253	Q0	40:53-58	7	0.9995703	SimCSE_cross
253	Q0	2:83-86	8	0.9995702	SimCSE_cross
253	Q0	2:284-286	9	0.99956995	SimCSE_cross
253	Q0	5:32-34	10	0.99956995	SimCSE_cross
255	Q0	5:12-13	1	0.9995708	SimCSE_cross
255	Q0	7:54-56	2	0.9995708	SimCSE_cross
255	Q0	2:83-86	3	0.99957055	SimCSE_cross
255	Q0	4:36-40	4	0.99957055	SimCSE_cross
255	Q0	11:41-44	5	0.9995703	SimCSE_cross
255	Q0	40:53-58	6	0.9995703	SimCSE_cross
255	Q0	27:82-88	7	0.9995703	SimCSE_cross
255	Q0	54:1-8	8	0.9995703	SimCSE_cross
255	Q0	31:29-32	9	0.9995702	SimCSE_cross
255	Q0	64:14-18	10	0.9995701	SimCSE_cross
257	Q0	9:69-70	1	0.9995704	SimCSE_cross
257	Q0	26:160-175	2	0.9995701	SimCSE_cross
257	Q0	26:52-68	3	0.99956995	SimCSE_cross
257	Q0	5:110-111	4	0.99956995	SimCSE_cross
257	Q0	40:69-77	5	0.99956983	SimCSE_cross
257	Q0	23:17-22	6	0.99956983	SimCSE_cross
257	Q0	9:107-110	7	0.9995697	SimCSE_cross
257	Q0	34:20-23	8	0.9995695	SimCSE_cross
257	Q0	31:20-26	9	0.9995695	SimCSE_cross
257	Q0	12:69-76	10	0.9995695	SimCSE_cross
258	Q0	7:54-56	1	0.99957067	SimCSE_cross
258	Q0	5:12-13	2	0.99957055	SimCSE_cross
258	Q0	4:36-40	3	0.9995704	SimCSE_cross
258	Q0	2:83-86	4	0.9995704	SimCSE_cross
258	Q0	27:82-88	5	0.9995704	SimCSE_cross
258	Q0	11:41-44	6	0.9995703	SimCSE_cross
258	Q0	40:53-58	7	0.9995702	SimCSE_cross
258	Q0	31:29-32	8	0.9995701	SimCSE_cross
258	Q0	64:14-18	9	0.99956983	SimCSE_cross
258	Q0	54:1-8	10	0.99956983	SimCSE_cross
265	Q0	37:62-74	1	0.99956983	SimCSE_cross
265	Q0	16:65-69	2	0.99956983	SimCSE_cross
265	Q0	35:12-14	3	0.99956983	SimCSE_cross
265	Q0	2:272-274	4	0.9995697	SimCSE_cross
265	Q0	12:97-101	5	0.9995696	SimCSE_cross
265	Q0	8:45-49	6	0.9995696	SimCSE_cross
265	Q0	7:167-171	7	0.9995696	SimCSE_cross
265	Q0	16:114-119	8	0.9995696	SimCSE_cross
265	Q0	17:101-104	9	0.9995695	SimCSE_cross
265	Q0	18:78-82	10	0.99956936	SimCSE_cross
266	Q0	4:36-40	1	0.99957055	SimCSE_cross
266	Q0	27:82-88	2	0.99957055	SimCSE_cross
266	Q0	9:97-99	3	0.9995702	SimCSE_cross
266	Q0	5:4-5	4	0.9995702	SimCSE_cross
266	Q0	64:14-18	5	0.9995702	SimCSE_cross
266	Q0	41:9-12	6	0.9995702	SimCSE_cross
266	Q0	16:10-13	7	0.9995701	SimCSE_cross
266	Q0	3:28-30	8	0.9995701	SimCSE_cross
266	Q0	54:1-8	9	0.99956995	SimCSE_cross
266	Q0	2:249-252	10	0.9995697	SimCSE_cross
268	Q0	41:9-12	1	0.9995703	SimCSE_cross
268	Q0	54:1-8	2	0.9995701	SimCSE_cross
268	Q0	9:97-99	3	0.99956995	SimCSE_cross
268	Q0	27:82-88	4	0.99956995	SimCSE_cross
268	Q0	16:10-13	5	0.9995697	SimCSE_cross
268	Q0	2:243-245	6	0.9995697	SimCSE_cross
268	Q0	2:17-20	7	0.9995696	SimCSE_cross
268	Q0	7:167-171	8	0.9995696	SimCSE_cross
268	Q0	5:4-5	9	0.99956936	SimCSE_cross
268	Q0	3:28-30	10	0.99956936	SimCSE_cross
301	Q0	14:47-52	1	0.9995701	SimCSE_cross
301	Q0	7:73-79	2	0.9995701	SimCSE_cross
301	Q0	34:15-19	3	0.99956983	SimCSE_cross
301	Q0	3:86-91	4	0.9995697	SimCSE_cross
301	Q0	33:4-6	5	0.9995697	SimCSE_cross
301	Q0	17:59-60	6	0.9995695	SimCSE_cross
301	Q0	30:55-60	7	0.9995695	SimCSE_cross
301	Q0	4:66-70	8	0.9995695	SimCSE_cross
301	Q0	11:61-68	9	0.99956936	SimCSE_cross
301	Q0	17:78-82	10	0.99956936	SimCSE_cross
302	Q0	7:73-79	1	0.99956995	SimCSE_cross
302	Q0	14:47-52	2	0.99956983	SimCSE_cross
302	Q0	18:29-31	3	0.9995697	SimCSE_cross
302	Q0	3:121-129	4	0.9995696	SimCSE_cross
302	Q0	30:38-41	5	0.9995696	SimCSE_cross
302	Q0	62:9-11	6	0.9995695	SimCSE_cross
302	Q0	17:12-17	7	0.9995695	SimCSE_cross
302	Q0	53:31-41	8	0.99956936	SimCSE_cross
302	Q0	9:19-22	9	0.99956924	SimCSE_cross
302	Q0	51:38-46	10	0.99956924	SimCSE_cross
303	Q0	6:93-94	1	0.99957067	SimCSE_cross
303	Q0	71:25-28	2	0.99957055	SimCSE_cross
303	Q0	18:29-31	3	0.9995702	SimCSE_cross
303	Q0	47:25-29	4	0.9995702	SimCSE_cross
303	Q0	2:216-218	5	0.9995702	SimCSE_cross
303	Q0	26:176-191	6	0.9995702	SimCSE_cross
303	Q0	14:24-27	7	0.99956983	SimCSE_cross
303	Q0	30:38-41	8	0.99956983	SimCSE_cross
303	Q0	51:38-46	9	0.9995697	SimCSE_cross
303	Q0	62:9-11	10	0.9995696	SimCSE_cross
304	Q0	6:93-94	1	0.9995708	SimCSE_cross
304	Q0	2:216-218	2	0.9995704	SimCSE_cross
304	Q0	3:145-148	3	0.9995702	SimCSE_cross
304	Q0	22:25-29	4	0.99956995	SimCSE_cross
304	Q0	24:11-18	5	0.99956983	SimCSE_cross
304	Q0	71:25-28	6	0.99956983	SimCSE_cross
304	Q0	5:38-40	7	0.99956983	SimCSE_cross
304	Q0	22:30-37	8	0.9995697	SimCSE_cross
304	Q0	9:42-49	9	0.9995697	SimCSE_cross
304	Q0	2:277-281	10	0.9995696	SimCSE_cross
306	Q0	6:93-94	1	0.999571	SimCSE_cross
306	Q0	71:25-28	2	0.9995709	SimCSE_cross
306	Q0	47:25-29	3	0.9995708	SimCSE_cross
306	Q0	3:145-148	4	0.99957055	SimCSE_cross
306	Q0	2:216-218	5	0.9995703	SimCSE_cross
306	Q0	14:24-27	6	0.9995702	SimCSE_cross
306	Q0	26:176-191	7	0.9995702	SimCSE_cross
306	Q0	5:51-53	8	0.9995701	SimCSE_cross
306	Q0	42:27-31	9	0.99956995	SimCSE_cross
306	Q0	2:277-281	10	0.99956995	SimCSE_cross
307	Q0	35:12-14	1	0.9995701	SimCSE_cross
307	Q0	17:101-104	2	0.99956983	SimCSE_cross
307	Q0	12:97-101	3	0.99956983	SimCSE_cross
307	Q0	18:78-82	4	0.99956983	SimCSE_cross
307	Q0	16:65-69	5	0.99956983	SimCSE_cross
307	Q0	20:17-24	6	0.9995697	SimCSE_cross
307	Q0	59:8-10	7	0.9995697	SimCSE_cross
307	Q0	37:62-74	8	0.9995696	SimCSE_cross
307	Q0	8:45-49	9	0.9995695	SimCSE_cross
307	Q0	6:141-142	10	0.9995695	SimCSE_cross
308	Q0	9:69-70	1	0.9995702	SimCSE_cross
308	Q0	2:91-93	2	0.99956995	SimCSE_cross
308	Q0	26:52-68	3	0.99956983	SimCSE_cross
308	Q0	9:107-110	4	0.9995697	SimCSE_cross
308	Q0	7:199-203	5	0.9995697	SimCSE_cross
308	Q0	12:69-76	6	0.9995696	SimCSE_cross
308	Q0	9:62-66	7	0.9995695	SimCSE_cross
308	Q0	31:20-26	8	0.99956936	SimCSE_cross
308	Q0	40:69-77	9	0.99956924	SimCSE_cross
308	Q0	34:20-23	10	0.99956924	SimCSE_cross
310	Q0	7:54-56	1	0.99957067	SimCSE_cross
310	Q0	46:21-25	2	0.9995701	SimCSE_cross
310	Q0	3:145-148	3	0.99956995	SimCSE_cross
310	Q0	2:284-286	4	0.99956983	SimCSE_cross
310	Q0	5:82-86	5	0.99956983	SimCSE_cross
310	Q0	22:25-29	6	0.99956983	SimCSE_cross
310	Q0	24:11-18	7	0.9995696	SimCSE_cross
310	Q0	58:1-4	8	0.9995695	SimCSE_cross
310	Q0	25:56-62	9	0.99956936	SimCSE_cross
310	Q0	5:38-40	10	0.99956936	SimCSE_cross
311	Q0	6:93-94	1	0.99957067	SimCSE_cross
311	Q0	2:216-218	2	0.9995703	SimCSE_cross
311	Q0	3:145-148	3	0.9995701	SimCSE_cross
311	Q0	26:176-191	4	0.9995701	SimCSE_cross
311	Q0	71:25-28	5	0.99956995	SimCSE_cross
311	Q0	24:11-18	6	0.9995697	SimCSE_cross
311	Q0	47:25-29	7	0.9995697	SimCSE_cross
311	Q0	14:24-27	8	0.9995696	SimCSE_cross
311	Q0	9:42-49	9	0.9995696	SimCSE_cross
311	Q0	22:30-37	10	0.9995696	SimCSE_cross
313	Q0	7:54-56	1	0.99957067	SimCSE_cross
313	Q0	5:12-13	2	0.9995704	SimCSE_cross
313	Q0	46:21-25	3	0.9995701	SimCSE_cross
313	Q0	11:41-44	4	0.9995701	SimCSE_cross
313	Q0	40:53-58	5	0.99956995	SimCSE_cross
313	Q0	58:1-4	6	0.99956995	SimCSE_cross
313	Q0	64:14-18	7	0.99956983	SimCSE_cross
313	Q0	31:29-32	8	0.99956983	SimCSE_cross
313	Q0	5:82-86	9	0.99956983	SimCSE_cross
313	Q0	22:25-29	10	0.9995697	SimCSE_cross
314	Q0	2:216-218	1	0.9995703	SimCSE_cross
314	Q0	6:93-94	2	0.9995702	SimCSE_cross
314	Q0	26:176-191	3	0.9995701	SimCSE_cross
314	Q0	47:25-29	4	0.99956995	SimCSE_cross
314	Q0	14:24-27	5	0.9995696	SimCSE_cross
314	Q0	71:25-28	6	0.9995696	SimCSE_cross
314	Q0	62:9-11	7	0.9995695	SimCSE_cross
314	Q0	22:30-37	8	0.9995695	SimCSE_cross
314	Q0	3:121-129	9	0.9995695	SimCSE_cross
314	Q0	9:42-49	10	0.9995695	SimCSE_cross
316	Q0	2:53-57	1	0.9995709	SimCSE_cross
316	Q0	4:97-100	2	0.99957055	SimCSE_cross
316	Q0	7:130-136	3	0.99957055	SimCSE_cross
316	Q0	57:12-15	4	0.9995702	SimCSE_cross
316	Q0	37:83-98	5	0.9995701	SimCSE_cross
316	Q0	14:5-8	6	0.9995701	SimCSE_cross
316	Q0	2:163-164	7	0.9995701	SimCSE_cross
316	Q0	38:55-64	8	0.99956995	SimCSE_cross
316	Q0	2:220-221	9	0.99956995	SimCSE_cross
316	Q0	26:141-159	10	0.99956995	SimCSE_cross
317	Q0	16:1-9	1	0.9995702	SimCSE_cross
317	Q0	4:92-93	2	0.9995697	SimCSE_cross
317	Q0	35:12-14	3	0.9995697	SimCSE_cross
317	Q0	6:36-41	4	0.9995697	SimCSE_cross
317	Q0	32:4-9	5	0.9995696	SimCSE_cross
317	Q0	27:45-53	6	0.9995696	SimCSE_cross
317	Q0	41:19-24	7	0.9995696	SimCSE_cross
317	Q0	2:267-269	8	0.9995696	SimCSE_cross
317	Q0	12:97-101	9	0.9995696	SimCSE_cross
317	Q0	2:272-274	10	0.9995695	SimCSE_cross
323	Q0	16:1-9	1	0.9995704	SimCSE_cross
323	Q0	35:12-14	2	0.9995702	SimCSE_cross
323	Q0	6:36-41	3	0.9995701	SimCSE_cross
323	Q0	12:97-101	4	0.99956983	SimCSE_cross
323	Q0	18:78-82	5	0.99956983	SimCSE_cross
323	Q0	17:101-104	6	0.99956983	SimCSE_cross
323	Q0	32:4-9	7	0.99956983	SimCSE_cross
323	Q0	41:19-24	8	0.99956983	SimCSE_cross
323	Q0	2:267-269	9	0.9995697	SimCSE_cross
323	Q0	27:45-53	10	0.9995696	SimCSE_cross
324	Q0	12:19-22	1	0.9995704	SimCSE_cross
324	Q0	5:6-6	2	0.9995704	SimCSE_cross
324	Q0	16:77-79	3	0.9995703	SimCSE_cross
324	Q0	2:60-62	4	0.9995703	SimCSE_cross
324	Q0	21:30-35	5	0.9995702	SimCSE_cross
324	Q0	4:92-93	6	0.9995702	SimCSE_cross
324	Q0	37:99-113	7	0.9995701	SimCSE_cross
324	Q0	8:30-37	8	0.99956995	SimCSE_cross
324	Q0	17:31-35	9	0.99956983	SimCSE_cross
324	Q0	17:90-96	10	0.99956983	SimCSE_cross
325	Q0	15:61-77	1	0.9995703	SimCSE_cross
325	Q0	26:160-175	2	0.9995702	SimCSE_cross
325	Q0	2:34-39	3	0.9995701	SimCSE_cross
325	Q0	26:52-68	4	0.99956995	SimCSE_cross
325	Q0	5:110-111	5	0.99956995	SimCSE_cross
325	Q0	9:69-70	6	0.99956983	SimCSE_cross
325	Q0	9:107-110	7	0.99956983	SimCSE_cross
325	Q0	12:69-76	8	0.9995697	SimCSE_cross
325	Q0	2:124-129	9	0.9995697	SimCSE_cross
325	Q0	28:7-13	10	0.9995695	SimCSE_cross
326	Q0	26:160-175	1	0.9995703	SimCSE_cross
326	Q0	26:52-68	2	0.9995701	SimCSE_cross
326	Q0	9:69-70	3	0.99956995	SimCSE_cross
326	Q0	9:107-110	4	0.99956995	SimCSE_cross
326	Q0	5:110-111	5	0.99956983	SimCSE_cross
326	Q0	23:17-22	6	0.99956983	SimCSE_cross
326	Q0	12:69-76	7	0.9995697	SimCSE_cross
326	Q0	40:69-77	8	0.9995695	SimCSE_cross
326	Q0	2:124-129	9	0.9995695	SimCSE_cross
326	Q0	19:77-87	10	0.9995695	SimCSE_cross
327	Q0	27:82-88	1	0.99957067	SimCSE_cross
327	Q0	4:36-40	2	0.9995704	SimCSE_cross
327	Q0	16:10-13	3	0.9995702	SimCSE_cross
327	Q0	41:9-12	4	0.9995701	SimCSE_cross
327	Q0	64:14-18	5	0.9995701	SimCSE_cross
327	Q0	2:243-245	6	0.99956995	SimCSE_cross
327	Q0	9:97-99	7	0.99956995	SimCSE_cross
327	Q0	7:167-171	8	0.99956983	SimCSE_cross
327	Q0	61:10-14	9	0.99956983	SimCSE_cross
327	Q0	2:17-20	10	0.9995697	SimCSE_cross
328	Q0	41:9-12	1	0.9995704	SimCSE_cross
328	Q0	54:1-8	2	0.9995703	SimCSE_cross
328	Q0	16:10-13	3	0.9995702	SimCSE_cross
328	Q0	9:97-99	4	0.9995701	SimCSE_cross
328	Q0	27:82-88	5	0.99956995	SimCSE_cross
328	Q0	59:8-10	6	0.9995697	SimCSE_cross
328	Q0	5:4-5	7	0.9995696	SimCSE_cross
328	Q0	3:28-30	8	0.9995696	SimCSE_cross
328	Q0	2:243-245	9	0.9995696	SimCSE_cross
328	Q0	2:17-20	10	0.9995696	SimCSE_cross
332	Q0	6:93-94	1	0.9995709	SimCSE_cross
332	Q0	3:145-148	2	0.9995703	SimCSE_cross
332	Q0	22:25-29	3	0.9995701	SimCSE_cross
332	Q0	24:55-57	4	0.99956995	SimCSE_cross
332	Q0	2:284-286	5	0.99956995	SimCSE_cross
332	Q0	25:56-62	6	0.99956983	SimCSE_cross
332	Q0	5:82-86	7	0.99956983	SimCSE_cross
332	Q0	42:27-31	8	0.99956983	SimCSE_cross
332	Q0	2:277-281	9	0.99956983	SimCSE_cross
332	Q0	5:38-40	10	0.9995697	SimCSE_cross
334	Q0	2:267-269	1	0.9995709	SimCSE_cross
334	Q0	2:158-158	2	0.99957067	SimCSE_cross
334	Q0	33:25-27	3	0.99957055	SimCSE_cross
334	Q0	2:74-75	4	0.99957055	SimCSE_cross
334	Q0	79:27-33	5	0.9995704	SimCSE_cross
334	Q0	11:6-7	6	0.9995704	SimCSE_cross
334	Q0	60:8-9	7	0.9995704	SimCSE_cross
334	Q0	49:9-10	8	0.9995704	SimCSE_cross
334	Q0	3:52-53	9	0.9995704	SimCSE_cross
334	Q0	29:38-40	10	0.9995704	SimCSE_cross
338	Q0	35:12-14	1	0.9995702	SimCSE_cross
338	Q0	6:141-142	2	0.99956983	SimCSE_cross
338	Q0	16:114-119	3	0.9995697	SimCSE_cross
338	Q0	16:65-69	4	0.9995697	SimCSE_cross
338	Q0	4:74-76	5	0.9995697	SimCSE_cross
338	Q0	37:62-74	6	0.9995696	SimCSE_cross
338	Q0	8:45-49	7	0.9995696	SimCSE_cross
338	Q0	2:272-274	8	0.9995696	SimCSE_cross
338	Q0	59:8-10	9	0.9995696	SimCSE_cross
338	Q0	17:101-104	10	0.9995696	SimCSE_cross
339	Q0	7:54-56	1	0.99957067	SimCSE_cross
339	Q0	3:145-148	2	0.9995701	SimCSE_cross
339	Q0	46:21-25	3	0.9995701	SimCSE_cross
339	Q0	2:284-286	4	0.99956995	SimCSE_cross
339	Q0	22:25-29	5	0.99956983	SimCSE_cross
339	Q0	5:82-86	6	0.99956983	SimCSE_cross
339	Q0	24:11-18	7	0.9995697	SimCSE_cross
339	Q0	58:1-4	8	0.9995697	SimCSE_cross
339	Q0	17:22-30	9	0.9995695	SimCSE_cross
339	Q0	22:30-37	10	0.9995695	SimCSE_cross
341	Q0	6:93-94	1	0.99957114	SimCSE_cross
341	Q0	47:25-29	2	0.999571	SimCSE_cross
341	Q0	71:25-28	3	0.99957055	SimCSE_cross
341	Q0	2:216-218	4	0.9995704	SimCSE_cross
341	Q0	24:55-57	5	0.9995703	SimCSE_cross
341	Q0	2:277-281	6	0.9995703	SimCSE_cross
341	Q0	62:9-11	7	0.9995703	SimCSE_cross
341	Q0	14:24-27	8	0.9995703	SimCSE_cross
341	Q0	18:29-31	9	0.9995702	SimCSE_cross
341	Q0	69:1-8	10	0.99956995	SimCSE_cross
343	Q0	7:54-56	1	0.9995709	SimCSE_cross
343	Q0	5:12-13	2	0.99957067	SimCSE_cross
343	Q0	2:83-86	3	0.99957055	SimCSE_cross
343	Q0	4:36-40	4	0.99957055	SimCSE_cross
343	Q0	11:41-44	5	0.9995703	SimCSE_cross
343	Q0	31:29-32	6	0.9995702	SimCSE_cross
343	Q0	40:53-58	7	0.9995702	SimCSE_cross
343	Q0	2:284-286	8	0.9995701	SimCSE_cross
343	Q0	46:21-25	9	0.9995701	SimCSE_cross
343	Q0	64:14-18	10	0.9995701	SimCSE_cross
344	Q0	6:93-94	1	0.99957067	SimCSE_cross
344	Q0	47:25-29	2	0.9995702	SimCSE_cross
344	Q0	3:145-148	3	0.9995702	SimCSE_cross
344	Q0	2:216-218	4	0.9995701	SimCSE_cross
344	Q0	71:25-28	5	0.9995701	SimCSE_cross
344	Q0	22:25-29	6	0.99956983	SimCSE_cross
344	Q0	26:176-191	7	0.99956983	SimCSE_cross
344	Q0	14:24-27	8	0.99956983	SimCSE_cross
344	Q0	5:38-40	9	0.9995696	SimCSE_cross
344	Q0	9:42-49	10	0.9995695	SimCSE_cross
345	Q0	7:54-56	1	0.9995708	SimCSE_cross
345	Q0	5:12-13	2	0.99957055	SimCSE_cross
345	Q0	2:83-86	3	0.9995704	SimCSE_cross
345	Q0	40:53-58	4	0.9995704	SimCSE_cross
345	Q0	4:36-40	5	0.9995704	SimCSE_cross
345	Q0	31:29-32	6	0.9995703	SimCSE_cross
345	Q0	46:21-25	7	0.9995701	SimCSE_cross
345	Q0	11:41-44	8	0.9995701	SimCSE_cross
345	Q0	64:14-18	9	0.99956995	SimCSE_cross
345	Q0	54:1-8	10	0.99956983	SimCSE_cross
347	Q0	16:1-9	1	0.99957067	SimCSE_cross
347	Q0	35:12-14	2	0.9995704	SimCSE_cross
347	Q0	32:4-9	3	0.9995703	SimCSE_cross
347	Q0	6:36-41	4	0.9995702	SimCSE_cross
347	Q0	41:19-24	5	0.9995702	SimCSE_cross
347	Q0	2:267-269	6	0.9995701	SimCSE_cross
347	Q0	37:62-74	7	0.99956995	SimCSE_cross
347	Q0	12:97-101	8	0.99956995	SimCSE_cross
347	Q0	2:272-274	9	0.99956983	SimCSE_cross
347	Q0	16:56-62	10	0.99956983	SimCSE_cross
348	Q0	14:47-52	1	0.9995702	SimCSE_cross
348	Q0	7:73-79	2	0.9995702	SimCSE_cross
348	Q0	3:86-91	3	0.99956995	SimCSE_cross
348	Q0	54:23-32	4	0.99956983	SimCSE_cross
348	Q0	34:15-19	5	0.99956983	SimCSE_cross
348	Q0	17:59-60	6	0.9995697	SimCSE_cross
348	Q0	67:1-5	7	0.9995697	SimCSE_cross
348	Q0	4:66-70	8	0.9995695	SimCSE_cross
348	Q0	7:96-102	9	0.9995695	SimCSE_cross
348	Q0	11:61-68	10	0.9995695	SimCSE_cross
349	Q0	59:8-10	1	0.9995703	SimCSE_cross
349	Q0	2:267-269	2	0.9995702	SimCSE_cross
349	Q0	9:25-27	3	0.99956995	SimCSE_cross
349	Q0	32:4-9	4	0.99956983	SimCSE_cross
349	Q0	17:101-104	5	0.99956983	SimCSE_cross
349	Q0	37:62-74	6	0.99956983	SimCSE_cross
349	Q0	21:96-100	7	0.99956983	SimCSE_cross
349	Q0	7:80-84	8	0.99956983	SimCSE_cross
349	Q0	6:141-142	9	0.99956983	SimCSE_cross
349	Q0	25:45-55	10	0.9995697	SimCSE_cross
350	Q0	41:9-12	1	0.9995702	SimCSE_cross
350	Q0	9:97-99	2	0.9995702	SimCSE_cross
350	Q0	37:62-74	3	0.9995701	SimCSE_cross
350	Q0	16:10-13	4	0.99956995	SimCSE_cross
350	Q0	16:65-69	5	0.99956983	SimCSE_cross
350	Q0	5:4-5	6	0.99956983	SimCSE_cross
350	Q0	2:243-245	7	0.99956983	SimCSE_cross
350	Q0	3:28-30	8	0.9995697	SimCSE_cross
350	Q0	8:45-49	9	0.9995696	SimCSE_cross
350	Q0	7:167-171	10	0.9995696	SimCSE_cross
351	Q0	57:18-21	1	0.9995703	SimCSE_cross
351	Q0	26:160-175	2	0.9995702	SimCSE_cross
351	Q0	15:61-77	3	0.9995701	SimCSE_cross
351	Q0	2:34-39	4	0.99956995	SimCSE_cross
351	Q0	26:52-68	5	0.99956995	SimCSE_cross
351	Q0	23:17-22	6	0.99956995	SimCSE_cross
351	Q0	5:110-111	7	0.99956983	SimCSE_cross
351	Q0	9:107-110	8	0.9995697	SimCSE_cross
351	Q0	28:29-32	9	0.9995696	SimCSE_cross
351	Q0	35:42-45	10	0.9995695	SimCSE_cross
354	Q0	57:18-21	1	0.9995703	SimCSE_cross
354	Q0	15:61-77	2	0.9995702	SimCSE_cross
354	Q0	26:52-68	3	0.99956995	SimCSE_cross
354	Q0	26:160-175	4	0.99956995	SimCSE_cross
354	Q0	5:110-111	5	0.99956995	SimCSE_cross
354	Q0	2:34-39	6	0.99956995	SimCSE_cross
354	Q0	23:17-22	7	0.9995697	SimCSE_cross
354	Q0	9:107-110	8	0.9995697	SimCSE_cross
354	Q0	28:29-32	9	0.9995695	SimCSE_cross
354	Q0	35:42-45	10	0.9995695	SimCSE_cross
356	Q0	2:216-218	1	0.9995704	SimCSE_cross
356	Q0	26:176-191	2	0.9995701	SimCSE_cross
356	Q0	47:25-29	3	0.99956995	SimCSE_cross
356	Q0	14:24-27	4	0.99956995	SimCSE_cross
356	Q0	18:29-31	5	0.99956983	SimCSE_cross
356	Q0	71:25-28	6	0.99956983	SimCSE_cross
356	Q0	30:38-41	7	0.9995697	SimCSE_cross
356	Q0	9:42-49	8	0.9995695	SimCSE_cross
356	Q0	62:9-11	9	0.9995695	SimCSE_cross
356	Q0	3:121-129	10	0.99956936	SimCSE_cross
357	Q0	18:29-31	1	0.9995701	SimCSE_cross
357	Q0	7:73-79	2	0.99956995	SimCSE_cross
357	Q0	14:47-52	3	0.99956995	SimCSE_cross
357	Q0	30:38-41	4	0.9995697	SimCSE_cross
357	Q0	51:38-46	5	0.9995695	SimCSE_cross
357	Q0	17:12-17	6	0.9995695	SimCSE_cross
357	Q0	53:31-41	7	0.9995695	SimCSE_cross
357	Q0	11:61-68	8	0.99956936	SimCSE_cross
357	Q0	9:19-22	9	0.99956936	SimCSE_cross
357	Q0	17:59-60	10	0.99956936	SimCSE_cross
358	Q0	40:53-58	1	0.9995703	SimCSE_cross
358	Q0	4:36-40	2	0.9995703	SimCSE_cross
358	Q0	27:82-88	3	0.9995703	SimCSE_cross
358	Q0	5:12-13	4	0.9995702	SimCSE_cross
358	Q0	5:4-5	5	0.9995702	SimCSE_cross
358	Q0	11:41-44	6	0.9995702	SimCSE_cross
358	Q0	2:83-86	7	0.9995702	SimCSE_cross
358	Q0	31:29-32	8	0.9995702	SimCSE_cross
358	Q0	64:14-18	9	0.99956995	SimCSE_cross
358	Q0	54:1-8	10	0.99956983	SimCSE_cross
361	Q0	5:27-31	1	0.9995702	SimCSE_cross
361	Q0	7:142-143	2	0.9995702	SimCSE_cross
361	Q0	24:35-38	3	0.99956995	SimCSE_cross
361	Q0	33:32-34	4	0.99956983	SimCSE_cross
361	Q0	3:86-91	5	0.99956983	SimCSE_cross
361	Q0	67:1-5	6	0.99956983	SimCSE_cross
361	Q0	34:15-19	7	0.9995697	SimCSE_cross
361	Q0	54:23-32	8	0.9995696	SimCSE_cross
361	Q0	7:157-158	9	0.9995696	SimCSE_cross
361	Q0	7:96-102	10	0.9995695	SimCSE_cross
362	Q0	16:1-9	1	0.99957055	SimCSE_cross
362	Q0	16:77-79	2	0.9995704	SimCSE_cross
362	Q0	71:5-12	3	0.9995703	SimCSE_cross
362	Q0	12:19-22	4	0.9995703	SimCSE_cross
362	Q0	6:36-41	5	0.9995702	SimCSE_cross
362	Q0	4:92-93	6	0.9995701	SimCSE_cross
362	Q0	17:90-96	7	0.99956995	SimCSE_cross
362	Q0	37:99-113	8	0.99956995	SimCSE_cross
362	Q0	12:97-101	9	0.99956995	SimCSE_cross
362	Q0	17:31-35	10	0.99956983	SimCSE_cross
363	Q0	9:69-70	1	0.99957067	SimCSE_cross
363	Q0	40:69-77	2	0.9995702	SimCSE_cross
363	Q0	2:91-93	3	0.9995702	SimCSE_cross
363	Q0	9:107-110	4	0.9995701	SimCSE_cross
363	Q0	26:52-68	5	0.9995701	SimCSE_cross
363	Q0	28:29-32	6	0.99956995	SimCSE_cross
363	Q0	7:199-203	7	0.99956995	SimCSE_cross
363	Q0	83:18-28	8	0.99956983	SimCSE_cross
363	Q0	9:62-66	9	0.99956983	SimCSE_cross
363	Q0	7:159-162	10	0.9995697	SimCSE_cross
364	Q0	18:29-31	1	0.99956995	SimCSE_cross
364	Q0	14:47-52	2	0.99956983	SimCSE_cross
364	Q0	91:1-10	3	0.9995697	SimCSE_cross
364	Q0	6:100-105	4	0.9995696	SimCSE_cross
364	Q0	7:73-79	5	0.9995696	SimCSE_cross
364	Q0	9:19-22	6	0.9995695	SimCSE_cross
364	Q0	53:31-41	7	0.99956936	SimCSE_cross
364	Q0	62:9-11	8	0.99956924	SimCSE_cross
364	Q0	4:95-96	9	0.99956924	SimCSE_cross
364	Q0	69:13-18	10	0.99956924	SimCSE_cross
365	Q0	35:12-14	1	0.9995703	SimCSE_cross
365	Q0	16:65-69	2	0.99956983	SimCSE_cross
365	Q0	2:267-269	3	0.99956983	SimCSE_cross
365	Q0	32:4-9	4	0.99956983	SimCSE_cross
365	Q0	37:62-74	5	0.9995697	SimCSE_cross
365	Q0	12:97-101	6	0.9995697	SimCSE_cross
365	Q0	6:141-142	7	0.9995696	SimCSE_cross
365	Q0	18:78-82	8	0.9995696	SimCSE_cross
365	Q0	17:101-104	9	0.9995696	SimCSE_cross
365	Q0	59:8-10	10	0.9995695	SimCSE_cross
367	Q0	2:53-57	1	0.9995708	SimCSE_cross
367	Q0	57:12-15	2	0.99957055	SimCSE_cross
367	Q0	4:97-100	3	0.9995703	SimCSE_cross
367	Q0	7:130-136	4	0.9995703	SimCSE_cross
367	Q0	26:141-159	5	0.9995701	SimCSE_cross
367	Q0	38:55-64	6	0.9995701	SimCSE_cross
367	Q0	14:5-8	7	0.9995701	SimCSE_cross
367	Q0	11:69-76	8	0.99956995	SimCSE_cross
367	Q0	37:83-98	9	0.9995697	SimCSE_cross
367	Q0	2:220-221	10	0.9995697	SimCSE_cross
368	Q0	6:93-94	1	0.9995708	SimCSE_cross
368	Q0	71:25-28	2	0.9995703	SimCSE_cross
368	Q0	2:216-218	3	0.9995701	SimCSE_cross
368	Q0	14:24-27	4	0.9995701	SimCSE_cross
368	Q0	47:25-29	5	0.99956995	SimCSE_cross
368	Q0	26:176-191	6	0.99956983	SimCSE_cross
368	Q0	24:55-57	7	0.9995697	SimCSE_cross
368	Q0	42:27-31	8	0.9995696	SimCSE_cross
368	Q0	62:9-11	9	0.9995696	SimCSE_cross
368	Q0	22:30-37	10	0.9995695	SimCSE_cross
369	Q0	7:54-56	1	0.99957055	SimCSE_cross
369	Q0	2:83-86	2	0.9995704	SimCSE_cross
369	Q0	4:36-40	3	0.9995703	SimCSE_cross
369	Q0	5:12-13	4	0.9995701	SimCSE_cross
369	Q0	40:53-58	5	0.9995701	SimCSE_cross
369	Q0	46:21-25	6	0.9995701	SimCSE_cross
369	Q0	11:41-44	7	0.99956995	SimCSE_cross
369	Q0	64:14-18	8	0.99956983	SimCSE_cross
369	Q0	5:82-86	9	0.9995697	SimCSE_cross
369	Q0	31:29-32	10	0.9995697	SimCSE_cross
370	Q0	2:60-62	1	0.9995702	SimCSE_cross
370	Q0	12:19-22	2	0.9995701	SimCSE_cross
370	Q0	5:6-6	3	0.99956995	SimCSE_cross
370	Q0	21:30-35	4	0.99956995	SimCSE_cross
370	Q0	4:92-93	5	0.99956995	SimCSE_cross
370	Q0	16:77-79	6	0.99956995	SimCSE_cross
370	Q0	8:30-37	7	0.99956983	SimCSE_cross
370	Q0	37:99-113	8	0.9995697	SimCSE_cross
370	Q0	71:5-12	9	0.9995696	SimCSE_cross
370	Q0	17:31-35	10	0.9995696	SimCSE_cross
371	Q0	21:30-35	1	0.9995701	SimCSE_cross
371	Q0	15:61-77	2	0.9995701	SimCSE_cross
371	Q0	57:18-21	3	0.9995701	SimCSE_cross
371	Q0	2:60-62	4	0.99956995	SimCSE_cross
371	Q0	26:160-175	5	0.99956995	SimCSE_cross
371	Q0	2:34-39	6	0.99956983	SimCSE_cross
371	Q0	5:110-111	7	0.9995697	SimCSE_cross
371	Q0	23:17-22	8	0.9995697	SimCSE_cross
371	Q0	35:42-45	9	0.99956936	SimCSE_cross
371	Q0	26:41-51	10	0.99956924	SimCSE_cross
372	Q0	9:69-70	1	0.99957055	SimCSE_cross
372	Q0	26:160-175	2	0.9995702	SimCSE_cross
372	Q0	5:110-111	3	0.99956983	SimCSE_cross
372	Q0	26:52-68	4	0.99956983	SimCSE_cross
372	Q0	28:29-32	5	0.9995697	SimCSE_cross
372	Q0	40:69-77	6	0.9995697	SimCSE_cross
372	Q0	9:107-110	7	0.9995697	SimCSE_cross
372	Q0	26:41-51	8	0.9995695	SimCSE_cross
372	Q0	7:199-203	9	0.9995695	SimCSE_cross
372	Q0	12:69-76	10	0.9995695	SimCSE_cross
373	Q0	7:73-79	1	0.99956995	SimCSE_cross
373	Q0	18:29-31	2	0.9995696	SimCSE_cross
373	Q0	30:38-41	3	0.9995696	SimCSE_cross
373	Q0	14:47-52	4	0.9995695	SimCSE_cross
373	Q0	3:86-91	5	0.99956924	SimCSE_cross
373	Q0	12:23-29	6	0.9995691	SimCSE_cross
373	Q0	11:61-68	7	0.9995691	SimCSE_cross
373	Q0	67:1-5	8	0.9995691	SimCSE_cross
373	Q0	17:59-60	9	0.9995691	SimCSE_cross
373	Q0	9:19-22	10	0.9995689	SimCSE_cross
374	Q0	41:9-12	1	0.9995696	SimCSE_cross
374	Q0	6:141-142	2	0.99956936	SimCSE_cross
374	Q0	3:187-189	3	0.99956936	SimCSE_cross
374	Q0	2:243-245	4	0.99956936	SimCSE_cross
374	Q0	9:97-99	5	0.9995691	SimCSE_cross
374	Q0	59:8-10	6	0.999569	SimCSE_cross
374	Q0	2:178-179	7	0.999569	SimCSE_cross
374	Q0	30:17-27	8	0.999569	SimCSE_cross
374	Q0	3:28-30	9	0.9995689	SimCSE_cross
374	Q0	37:62-74	10	0.9995689	SimCSE_cross
375	Q0	17:59-60	1	0.9995701	SimCSE_cross
375	Q0	7:73-79	2	0.99956983	SimCSE_cross
375	Q0	6:100-105	3	0.9995697	SimCSE_cross
375	Q0	67:1-5	4	0.9995697	SimCSE_cross
375	Q0	18:29-31	5	0.9995697	SimCSE_cross
375	Q0	6:148-150	6	0.9995697	SimCSE_cross
375	Q0	14:47-52	7	0.9995696	SimCSE_cross
375	Q0	3:86-91	8	0.9995696	SimCSE_cross
375	Q0	30:38-41	9	0.9995696	SimCSE_cross
375	Q0	34:15-19	10	0.9995695	SimCSE_cross
376	Q0	14:47-52	1	0.9995702	SimCSE_cross
376	Q0	6:148-150	2	0.9995702	SimCSE_cross
376	Q0	30:38-41	3	0.9995701	SimCSE_cross
376	Q0	62:9-11	4	0.9995701	SimCSE_cross
376	Q0	91:1-10	5	0.9995701	SimCSE_cross
376	Q0	6:100-105	6	0.9995701	SimCSE_cross
376	Q0	2:174-176	7	0.99956995	SimCSE_cross
376	Q0	69:1-8	8	0.99956995	SimCSE_cross
376	Q0	7:73-79	9	0.99956983	SimCSE_cross
376	Q0	69:13-18	10	0.99956983	SimCSE_cross
378	Q0	18:29-31	1	0.9995701	SimCSE_cross
378	Q0	7:73-79	2	0.9995701	SimCSE_cross
378	Q0	9:19-22	3	0.99956995	SimCSE_cross
378	Q0	14:47-52	4	0.99956995	SimCSE_cross
378	Q0	30:38-41	5	0.99956983	SimCSE_cross
378	Q0	6:148-150	6	0.9995696	SimCSE_cross
378	Q0	17:12-17	7	0.9995696	SimCSE_cross
378	Q0	51:38-46	8	0.9995695	SimCSE_cross
378	Q0	11:61-68	9	0.99956936	SimCSE_cross
378	Q0	4:66-70	10	0.99956936	SimCSE_cross
379	Q0	2:216-218	1	0.9995703	SimCSE_cross
379	Q0	26:176-191	2	0.99956995	SimCSE_cross
379	Q0	47:25-29	3	0.99956983	SimCSE_cross
379	Q0	18:29-31	4	0.99956983	SimCSE_cross
379	Q0	14:24-27	5	0.9995697	SimCSE_cross
379	Q0	62:9-11	6	0.9995696	SimCSE_cross
379	Q0	17:12-17	7	0.9995695	SimCSE_cross
379	Q0	30:38-41	8	0.9995695	SimCSE_cross
379	Q0	9:42-49	9	0.9995695	SimCSE_cross
379	Q0	9:19-22	10	0.9995695	SimCSE_cross
380	Q0	46:21-25	1	0.9995701	SimCSE_cross
380	Q0	3:145-148	2	0.9995701	SimCSE_cross
380	Q0	22:25-29	3	0.99956983	SimCSE_cross
380	Q0	2:284-286	4	0.99956983	SimCSE_cross
380	Q0	5:82-86	5	0.99956983	SimCSE_cross
380	Q0	24:11-18	6	0.9995696	SimCSE_cross
380	Q0	58:1-4	7	0.9995696	SimCSE_cross
380	Q0	25:56-62	8	0.9995695	SimCSE_cross
380	Q0	5:38-40	9	0.9995695	SimCSE_cross
380	Q0	17:22-30	10	0.9995695	SimCSE_cross
381	Q0	16:77-79	1	0.99957067	SimCSE_cross
381	Q0	21:30-35	2	0.99957055	SimCSE_cross
381	Q0	71:5-12	3	0.9995704	SimCSE_cross
381	Q0	34:3-5	4	0.9995704	SimCSE_cross
381	Q0	12:19-22	5	0.9995703	SimCSE_cross
381	Q0	4:92-93	6	0.9995703	SimCSE_cross
381	Q0	27:54-58	7	0.9995702	SimCSE_cross
381	Q0	5:6-6	8	0.9995702	SimCSE_cross
381	Q0	17:36-39	9	0.9995701	SimCSE_cross
381	Q0	76:5-11	10	0.99956983	SimCSE_cross
382	Q0	4:97-100	1	0.99957067	SimCSE_cross
382	Q0	7:130-136	2	0.9995704	SimCSE_cross
382	Q0	37:83-98	3	0.9995704	SimCSE_cross
382	Q0	38:55-64	4	0.9995702	SimCSE_cross
382	Q0	2:91-93	5	0.9995702	SimCSE_cross
382	Q0	2:163-164	6	0.9995702	SimCSE_cross
382	Q0	26:141-159	7	0.9995701	SimCSE_cross
382	Q0	2:220-221	8	0.9995701	SimCSE_cross
382	Q0	11:69-76	9	0.99956983	SimCSE_cross
382	Q0	45:16-20	10	0.99956983	SimCSE_cross
385	Q0	54:1-8	1	0.99957055	SimCSE_cross
385	Q0	11:41-44	2	0.9995704	SimCSE_cross
385	Q0	89:1-14	3	0.9995702	SimCSE_cross
385	Q0	4:36-40	4	0.9995701	SimCSE_cross
385	Q0	40:53-58	5	0.9995701	SimCSE_cross
385	Q0	2:83-86	6	0.99956995	SimCSE_cross
385	Q0	31:29-32	7	0.99956995	SimCSE_cross
385	Q0	27:82-88	8	0.99956983	SimCSE_cross
385	Q0	5:12-13	9	0.99956983	SimCSE_cross
385	Q0	38:30-40	10	0.9995697	SimCSE_cross
387	Q0	7:38-41	1	0.999571	SimCSE_cross
387	Q0	9:111-112	2	0.9995708	SimCSE_cross
387	Q0	64:1-4	3	0.99957055	SimCSE_cross
387	Q0	7:46-49	4	0.9995702	SimCSE_cross
387	Q0	3:190-195	5	0.9995701	SimCSE_cross
387	Q0	3:196-198	6	0.99956995	SimCSE_cross
387	Q0	28:81-84	7	0.99956983	SimCSE_cross
387	Q0	23:115-118	8	0.9995697	SimCSE_cross
387	Q0	3:18-20	9	0.9995697	SimCSE_cross
387	Q0	23:42-44	10	0.9995696	SimCSE_cross
388	Q0	54:1-8	1	0.99957055	SimCSE_cross
388	Q0	41:9-12	2	0.9995703	SimCSE_cross
388	Q0	4:36-40	3	0.99956995	SimCSE_cross
388	Q0	40:53-58	4	0.99956995	SimCSE_cross
388	Q0	2:17-20	5	0.99956995	SimCSE_cross
388	Q0	16:10-13	6	0.9995697	SimCSE_cross
388	Q0	38:30-40	7	0.9995696	SimCSE_cross
388	Q0	3:28-30	8	0.9995696	SimCSE_cross
388	Q0	27:82-88	9	0.9995696	SimCSE_cross
388	Q0	2:243-245	10	0.9995696	SimCSE_cross
389	Q0	26:160-175	1	0.9995702	SimCSE_cross
389	Q0	15:61-77	2	0.9995701	SimCSE_cross
389	Q0	26:52-68	3	0.99956995	SimCSE_cross
389	Q0	5:110-111	4	0.99956995	SimCSE_cross
389	Q0	2:34-39	5	0.99956983	SimCSE_cross
389	Q0	40:69-77	6	0.9995697	SimCSE_cross
389	Q0	9:107-110	7	0.9995697	SimCSE_cross
389	Q0	23:17-22	8	0.9995697	SimCSE_cross
389	Q0	31:20-26	9	0.9995695	SimCSE_cross
389	Q0	34:20-23	10	0.99956936	SimCSE_cross
391	Q0	7:142-143	1	0.9995704	SimCSE_cross
391	Q0	9:71-72	2	0.9995703	SimCSE_cross
391	Q0	33:32-34	3	0.9995703	SimCSE_cross
391	Q0	17:59-60	4	0.9995703	SimCSE_cross
391	Q0	4:66-70	5	0.9995701	SimCSE_cross
391	Q0	42:1-6	6	0.9995701	SimCSE_cross
391	Q0	67:1-5	7	0.9995701	SimCSE_cross
391	Q0	3:86-91	8	0.9995701	SimCSE_cross
391	Q0	6:148-150	9	0.99956995	SimCSE_cross
391	Q0	7:157-158	10	0.99956995	SimCSE_cross
392	Q0	91:1-10	1	0.9995708	SimCSE_cross
392	Q0	14:47-52	2	0.99957055	SimCSE_cross
392	Q0	9:71-72	3	0.9995704	SimCSE_cross
392	Q0	17:59-60	4	0.9995704	SimCSE_cross
392	Q0	4:66-70	5	0.9995703	SimCSE_cross
392	Q0	6:148-150	6	0.9995701	SimCSE_cross
392	Q0	18:29-31	7	0.9995701	SimCSE_cross
392	Q0	9:19-22	8	0.99956995	SimCSE_cross
392	Q0	53:31-41	9	0.99956995	SimCSE_cross
392	Q0	7:73-79	10	0.99956995	SimCSE_cross
393	Q0	91:1-10	1	0.99957067	SimCSE_cross
393	Q0	14:47-52	2	0.9995704	SimCSE_cross
393	Q0	9:71-72	3	0.9995703	SimCSE_cross
393	Q0	17:59-60	4	0.9995703	SimCSE_cross
393	Q0	18:29-31	5	0.9995702	SimCSE_cross
393	Q0	67:1-5	6	0.9995702	SimCSE_cross
393	Q0	9:19-22	7	0.9995702	SimCSE_cross
393	Q0	3:86-91	8	0.99956995	SimCSE_cross
393	Q0	4:66-70	9	0.99956995	SimCSE_cross
393	Q0	6:100-105	10	0.99956983	SimCSE_cross
394	Q0	17:59-60	1	0.9995704	SimCSE_cross
394	Q0	91:1-10	2	0.9995704	SimCSE_cross
394	Q0	14:47-52	3	0.9995704	SimCSE_cross
394	Q0	3:86-91	4	0.9995701	SimCSE_cross
394	Q0	67:1-5	5	0.9995701	SimCSE_cross
394	Q0	18:29-31	6	0.9995701	SimCSE_cross
394	Q0	4:66-70	7	0.99956995	SimCSE_cross
394	Q0	6:148-150	8	0.99956995	SimCSE_cross
394	Q0	7:73-79	9	0.99956995	SimCSE_cross
394	Q0	9:71-72	10	0.99956995	SimCSE_cross
395	Q0	7:142-143	1	0.9995702	SimCSE_cross
395	Q0	7:73-79	2	0.9995701	SimCSE_cross
395	Q0	34:15-19	3	0.99956983	SimCSE_cross
395	Q0	24:35-38	4	0.9995697	SimCSE_cross
395	Q0	54:23-32	5	0.9995697	SimCSE_cross
395	Q0	17:59-60	6	0.9995696	SimCSE_cross
395	Q0	3:86-91	7	0.9995696	SimCSE_cross
395	Q0	33:32-34	8	0.9995696	SimCSE_cross
395	Q0	17:78-82	9	0.9995695	SimCSE_cross
395	Q0	33:4-6	10	0.99956936	SimCSE_cross
396	Q0	6:93-94	1	0.999571	SimCSE_cross
396	Q0	71:25-28	2	0.99957055	SimCSE_cross
396	Q0	47:25-29	3	0.99957055	SimCSE_cross
396	Q0	2:216-218	4	0.9995703	SimCSE_cross
396	Q0	3:145-148	5	0.9995703	SimCSE_cross
396	Q0	14:24-27	6	0.9995702	SimCSE_cross
396	Q0	2:277-281	7	0.9995702	SimCSE_cross
396	Q0	26:176-191	8	0.9995701	SimCSE_cross
396	Q0	5:51-53	9	0.99956995	SimCSE_cross
396	Q0	24:55-57	10	0.99956983	SimCSE_cross
398	Q0	2:53-57	1	0.9995708	SimCSE_cross
398	Q0	7:130-136	2	0.9995702	SimCSE_cross
398	Q0	4:97-100	3	0.9995702	SimCSE_cross
398	Q0	57:12-15	4	0.9995701	SimCSE_cross
398	Q0	38:55-64	5	0.99956995	SimCSE_cross
398	Q0	37:83-98	6	0.99956983	SimCSE_cross
398	Q0	14:5-8	7	0.99956983	SimCSE_cross
398	Q0	39:60-67	8	0.9995697	SimCSE_cross
398	Q0	11:69-76	9	0.9995697	SimCSE_cross
398	Q0	2:163-164	10	0.9995697	SimCSE_cross
399	Q0	38:55-64	1	0.9995696	SimCSE_cross
399	Q0	26:141-159	2	0.9995696	SimCSE_cross
399	Q0	2:91-93	3	0.99956936	SimCSE_cross
399	Q0	2:124-129	4	0.99956924	SimCSE_cross
399	Q0	12:69-76	5	0.99956924	SimCSE_cross
399	Q0	9:62-66	6	0.999569	SimCSE_cross
399	Q0	11:77-83	7	0.9995689	SimCSE_cross
399	Q0	7:199-203	8	0.99956876	SimCSE_cross
399	Q0	19:77-87	9	0.99956864	SimCSE_cross
399	Q0	24:58-61	10	0.99956864	SimCSE_cross
400	Q0	4:36-40	1	0.99957055	SimCSE_cross
400	Q0	41:9-12	2	0.9995702	SimCSE_cross
400	Q0	54:1-8	3	0.9995701	SimCSE_cross
400	Q0	27:82-88	4	0.9995701	SimCSE_cross
400	Q0	9:97-99	5	0.9995701	SimCSE_cross
400	Q0	16:10-13	6	0.99956995	SimCSE_cross
400	Q0	5:4-5	7	0.9995696	SimCSE_cross
400	Q0	2:243-245	8	0.9995696	SimCSE_cross
400	Q0	10:3-6	9	0.9995696	SimCSE_cross
400	Q0	61:10-14	10	0.9995696	SimCSE_cross
401	Q0	16:77-79	1	0.9995704	SimCSE_cross
401	Q0	12:19-22	2	0.9995704	SimCSE_cross
401	Q0	2:60-62	3	0.9995704	SimCSE_cross
401	Q0	5:6-6	4	0.9995704	SimCSE_cross
401	Q0	21:30-35	5	0.9995702	SimCSE_cross
401	Q0	6:36-41	6	0.9995701	SimCSE_cross
401	Q0	37:99-113	7	0.9995701	SimCSE_cross
401	Q0	4:92-93	8	0.9995701	SimCSE_cross
401	Q0	8:30-37	9	0.99956995	SimCSE_cross
401	Q0	17:31-35	10	0.99956983	SimCSE_cross
402	Q0	41:9-12	1	0.99957055	SimCSE_cross
402	Q0	16:10-13	2	0.9995703	SimCSE_cross
402	Q0	9:97-99	3	0.9995703	SimCSE_cross
402	Q0	3:28-30	4	0.9995702	SimCSE_cross
402	Q0	35:27-28	5	0.99956995	SimCSE_cross
402	Q0	6:141-142	6	0.99956983	SimCSE_cross
402	Q0	59:8-10	7	0.99956983	SimCSE_cross
402	Q0	2:243-245	8	0.99956983	SimCSE_cross
402	Q0	10:3-6	9	0.9995697	SimCSE_cross
402	Q0	37:62-74	10	0.9995697	SimCSE_cross
404	Q0	6:93-94	1	0.99957067	SimCSE_cross
404	Q0	2:216-218	2	0.9995703	SimCSE_cross
404	Q0	47:25-29	3	0.99956995	SimCSE_cross
404	Q0	26:176-191	4	0.99956995	SimCSE_cross
404	Q0	71:25-28	5	0.99956995	SimCSE_cross
404	Q0	9:42-49	6	0.9995696	SimCSE_cross
404	Q0	14:24-27	7	0.9995696	SimCSE_cross
404	Q0	24:11-18	8	0.9995696	SimCSE_cross
404	Q0	5:38-40	9	0.9995695	SimCSE_cross
404	Q0	62:9-11	10	0.9995695	SimCSE_cross
405	Q0	9:69-70	1	0.9995708	SimCSE_cross
405	Q0	2:91-93	2	0.9995704	SimCSE_cross
405	Q0	26:52-68	3	0.9995702	SimCSE_cross
405	Q0	9:107-110	4	0.9995702	SimCSE_cross
405	Q0	9:62-66	5	0.9995701	SimCSE_cross
405	Q0	40:69-77	6	0.9995701	SimCSE_cross
405	Q0	2:106-108	7	0.99956995	SimCSE_cross
405	Q0	3:118-120	8	0.99956995	SimCSE_cross
405	Q0	70:22-35	9	0.99956995	SimCSE_cross
405	Q0	7:159-162	10	0.99956995	SimCSE_cross
407	Q0	16:10-13	1	0.99957055	SimCSE_cross
407	Q0	35:12-14	2	0.9995704	SimCSE_cross
407	Q0	41:9-12	3	0.9995704	SimCSE_cross
407	Q0	9:97-99	4	0.9995703	SimCSE_cross
407	Q0	37:62-74	5	0.9995701	SimCSE_cross
407	Q0	17:101-104	6	0.9995701	SimCSE_cross
407	Q0	7:80-84	7	0.9995701	SimCSE_cross
407	Q0	10:3-6	8	0.99956995	SimCSE_cross
407	Q0	2:243-245	9	0.99956995	SimCSE_cross
407	Q0	35:27-28	10	0.99956995	SimCSE_cross
408	Q0	7:142-143	1	0.99956995	SimCSE_cross
408	Q0	33:32-34	2	0.9995696	SimCSE_cross
408	Q0	3:86-91	3	0.9995696	SimCSE_cross
408	Q0	33:4-6	4	0.9995695	SimCSE_cross
408	Q0	7:157-158	5	0.9995695	SimCSE_cross
408	Q0	24:35-38	6	0.9995695	SimCSE_cross
408	Q0	67:1-5	7	0.9995695	SimCSE_cross
408	Q0	34:15-19	8	0.99956936	SimCSE_cross
408	Q0	4:66-70	9	0.99956924	SimCSE_cross
408	Q0	54:23-32	10	0.99956924	SimCSE_cross
409	Q0	27:82-88	1	0.9995703	SimCSE_cross
409	Q0	16:10-13	2	0.99956995	SimCSE_cross
409	Q0	41:9-12	3	0.99956995	SimCSE_cross
409	Q0	9:97-99	4	0.99956995	SimCSE_cross
409	Q0	54:1-8	5	0.99956983	SimCSE_cross
409	Q0	5:4-5	6	0.99956983	SimCSE_cross
409	Q0	2:17-20	7	0.9995696	SimCSE_cross
409	Q0	7:167-171	8	0.9995695	SimCSE_cross
409	Q0	20:17-24	9	0.9995695	SimCSE_cross
409	Q0	2:243-245	10	0.9995695	SimCSE_cross
410	Q0	41:9-12	1	0.9995709	SimCSE_cross
410	Q0	54:1-8	2	0.9995708	SimCSE_cross
410	Q0	16:10-13	3	0.99957055	SimCSE_cross
410	Q0	4:36-40	4	0.99957055	SimCSE_cross
410	Q0	9:97-99	5	0.99957055	SimCSE_cross
410	Q0	64:14-18	6	0.9995704	SimCSE_cross
410	Q0	27:82-88	7	0.9995704	SimCSE_cross
410	Q0	3:28-30	8	0.9995704	SimCSE_cross
410	Q0	2:243-245	9	0.9995702	SimCSE_cross
410	Q0	2:17-20	10	0.99956995	SimCSE_cross
411	Q0	4:97-100	1	0.99957055	SimCSE_cross
411	Q0	2:91-93	2	0.9995702	SimCSE_cross
411	Q0	26:141-159	3	0.9995701	SimCSE_cross
411	Q0	38:55-64	4	0.9995701	SimCSE_cross
411	Q0	7:199-203	5	0.9995697	SimCSE_cross
411	Q0	45:16-20	6	0.9995697	SimCSE_cross
411	Q0	12:69-76	7	0.9995697	SimCSE_cross
411	Q0	3:95-97	8	0.9995695	SimCSE_cross
411	Q0	11:77-83	9	0.9995695	SimCSE_cross
411	Q0	3:118-120	10	0.9995695	SimCSE_cross
412	Q0	18:29-31	1	0.9995703	SimCSE_cross
412	Q0	7:73-79	2	0.9995703	SimCSE_cross
412	Q0	14:47-52	3	0.9995701	SimCSE_cross
412	Q0	6:100-105	4	0.99956995	SimCSE_cross
412	Q0	17:12-17	5	0.99956983	SimCSE_cross
412	Q0	6:148-150	6	0.99956983	SimCSE_cross
412	Q0	30:38-41	7	0.99956983	SimCSE_cross
412	Q0	11:61-68	8	0.9995696	SimCSE_cross
412	Q0	51:38-46	9	0.9995696	SimCSE_cross
412	Q0	68:48-52	10	0.9995695	SimCSE_cross
413	Q0	2:53-57	1	0.999571	SimCSE_cross
413	Q0	38:55-64	2	0.99957067	SimCSE_cross
413	Q0	7:130-136	3	0.99957067	SimCSE_cross
413	Q0	57:12-15	4	0.99957055	SimCSE_cross
413	Q0	14:5-8	5	0.99957055	SimCSE_cross
413	Q0	4:97-100	6	0.9995704	SimCSE_cross
413	Q0	26:141-159	7	0.9995702	SimCSE_cross
413	Q0	2:220-221	8	0.9995702	SimCSE_cross
413	Q0	45:16-20	9	0.9995702	SimCSE_cross
413	Q0	2:163-164	10	0.9995702	SimCSE_cross
414	Q0	14:47-52	1	0.9995704	SimCSE_cross
414	Q0	7:73-79	2	0.9995703	SimCSE_cross
414	Q0	18:29-31	3	0.9995702	SimCSE_cross
414	Q0	9:19-22	4	0.9995701	SimCSE_cross
414	Q0	6:148-150	5	0.99956995	SimCSE_cross
414	Q0	11:61-68	6	0.9995697	SimCSE_cross
414	Q0	17:59-60	7	0.9995697	SimCSE_cross
414	Q0	51:38-46	8	0.9995697	SimCSE_cross
414	Q0	17:12-17	9	0.9995697	SimCSE_cross
414	Q0	6:100-105	10	0.9995697	SimCSE_cross
415	Q0	6:93-94	1	0.9995704	SimCSE_cross
415	Q0	2:216-218	2	0.9995701	SimCSE_cross
415	Q0	47:25-29	3	0.99956995	SimCSE_cross
415	Q0	71:25-28	4	0.99956983	SimCSE_cross
415	Q0	26:176-191	5	0.9995697	SimCSE_cross
415	Q0	62:9-11	6	0.9995695	SimCSE_cross
415	Q0	14:24-27	7	0.9995695	SimCSE_cross
415	Q0	3:121-129	8	0.99956936	SimCSE_cross
415	Q0	17:12-17	9	0.99956936	SimCSE_cross
415	Q0	9:42-49	10	0.99956924	SimCSE_cross
416	Q0	16:1-9	1	0.9995703	SimCSE_cross
416	Q0	12:19-22	2	0.99956995	SimCSE_cross
416	Q0	5:6-6	3	0.99956983	SimCSE_cross
416	Q0	4:92-93	4	0.99956983	SimCSE_cross
416	Q0	16:77-79	5	0.99956983	SimCSE_cross
416	Q0	25:45-55	6	0.9995697	SimCSE_cross
416	Q0	32:4-9	7	0.9995697	SimCSE_cross
416	Q0	41:19-24	8	0.9995696	SimCSE_cross
416	Q0	37:99-113	9	0.9995696	SimCSE_cross
416	Q0	17:90-96	10	0.9995696	SimCSE_cross
417	Q0	7:73-79	1	0.9995703	SimCSE_cross
417	Q0	30:38-41	2	0.9995703	SimCSE_cross
417	Q0	14:47-52	3	0.9995703	SimCSE_cross
417	Q0	62:9-11	4	0.9995702	SimCSE_cross
417	Q0	17:12-17	5	0.99956983	SimCSE_cross
417	Q0	18:29-31	6	0.99956983	SimCSE_cross
417	Q0	9:19-22	7	0.9995697	SimCSE_cross
417	Q0	69:1-8	8	0.9995697	SimCSE_cross
417	Q0	6:100-105	9	0.9995697	SimCSE_cross
417	Q0	51:38-46	10	0.9995696	SimCSE_cross
418	Q0	14:24-27	1	0.9995708	SimCSE_cross
418	Q0	5:38-40	2	0.99957055	SimCSE_cross
418	Q0	47:25-29	3	0.99957055	SimCSE_cross
418	Q0	6:93-94	4	0.9995704	SimCSE_cross
418	Q0	24:55-57	5	0.9995703	SimCSE_cross
418	Q0	2:277-281	6	0.9995703	SimCSE_cross
418	Q0	33:21-24	7	0.9995702	SimCSE_cross
418	Q0	71:25-28	8	0.9995702	SimCSE_cross
418	Q0	5:35-37	9	0.9995701	SimCSE_cross
418	Q0	62:9-11	10	0.9995701	SimCSE_cross
421	Q0	17:45-48	1	0.99957067	SimCSE_cross
421	Q0	39:45-48	2	0.9995704	SimCSE_cross
421	Q0	73:20-20	3	0.9995704	SimCSE_cross
421	Q0	6:138-140	4	0.9995702	SimCSE_cross
421	Q0	38:1-11	5	0.9995702	SimCSE_cross
421	Q0	10:11-14	6	0.99956995	SimCSE_cross
421	Q0	6:95-99	7	0.99956995	SimCSE_cross
421	Q0	43:29-35	8	0.99956983	SimCSE_cross
421	Q0	10:21-23	9	0.99956983	SimCSE_cross
421	Q0	4:19-21	10	0.99956983	SimCSE_cross
422	Q0	16:1-9	1	0.99957055	SimCSE_cross
422	Q0	35:12-14	2	0.9995704	SimCSE_cross
422	Q0	32:4-9	3	0.9995702	SimCSE_cross
422	Q0	12:97-101	4	0.9995701	SimCSE_cross
422	Q0	6:36-41	5	0.99956995	SimCSE_cross
422	Q0	17:101-104	6	0.99956995	SimCSE_cross
422	Q0	41:19-24	7	0.99956995	SimCSE_cross
422	Q0	4:74-76	8	0.9995697	SimCSE_cross
422	Q0	40:61-66	9	0.9995697	SimCSE_cross
422	Q0	2:267-269	10	0.9995697	SimCSE_cross
423	Q0	38:55-64	1	0.9995703	SimCSE_cross
423	Q0	26:141-159	2	0.9995701	SimCSE_cross
423	Q0	2:91-93	3	0.99956995	SimCSE_cross
423	Q0	9:62-66	4	0.9995697	SimCSE_cross
423	Q0	12:69-76	5	0.9995697	SimCSE_cross
423	Q0	7:199-203	6	0.9995696	SimCSE_cross
423	Q0	69:38-52	7	0.9995696	SimCSE_cross
423	Q0	70:22-35	8	0.9995695	SimCSE_cross
423	Q0	11:77-83	9	0.9995695	SimCSE_cross
423	Q0	3:118-120	10	0.9995695	SimCSE_cross
425	Q0	3:145-148	1	0.9995702	SimCSE_cross
425	Q0	46:21-25	2	0.9995702	SimCSE_cross
425	Q0	22:25-29	3	0.99956995	SimCSE_cross
425	Q0	5:82-86	4	0.9995697	SimCSE_cross
425	Q0	25:56-62	5	0.9995697	SimCSE_cross
425	Q0	2:284-286	6	0.9995697	SimCSE_cross
425	Q0	78:6-16	7	0.9995696	SimCSE_cross
425	Q0	58:1-4	8	0.9995696	SimCSE_cross
425	Q0	5:38-40	9	0.9995696	SimCSE_cross
425	Q0	24:11-18	10	0.9995695	SimCSE_cross
426	Q0	6:93-94	1	0.999571	SimCSE_cross
426	Q0	2:216-218	2	0.9995704	SimCSE_cross
426	Q0	71:25-28	3	0.9995703	SimCSE_cross
426	Q0	24:55-57	4	0.9995702	SimCSE_cross
426	Q0	2:277-281	5	0.9995702	SimCSE_cross
426	Q0	5:38-40	6	0.9995701	SimCSE_cross
426	Q0	3:145-148	7	0.9995701	SimCSE_cross
426	Q0	22:25-29	8	0.9995701	SimCSE_cross
426	Q0	35:15-18	9	0.99956983	SimCSE_cross
426	Q0	24:11-18	10	0.99956983	SimCSE_cross
427	Q0	2:53-57	1	0.999571	SimCSE_cross
427	Q0	4:97-100	2	0.99957067	SimCSE_cross
427	Q0	57:12-15	3	0.99957055	SimCSE_cross
427	Q0	14:5-8	4	0.99957055	SimCSE_cross
427	Q0	7:130-136	5	0.9995704	SimCSE_cross
427	Q0	38:55-64	6	0.9995704	SimCSE_cross
427	Q0	2:163-164	7	0.9995703	SimCSE_cross
427	Q0	37:83-98	8	0.9995701	SimCSE_cross
427	Q0	26:141-159	9	0.9995701	SimCSE_cross
427	Q0	11:69-76	10	0.99956995	SimCSE_cross
